{"__type":"$$EventMessageWorkflow","id":"dbbbbf8f-4e8e-4290-b063-fbc41c4ea19c","ts":"2026-07-13T15:20:05.684-04:00","eventName":"n8n.workflow.started","message":"n8n.workflow.started","payload":{"executionId":"435","workflowId":"5VBKbuuujEvgdIGs","isManual":false,"mode":"webhook","workflowName":"power"}}
{"__type":"$$EventMessageConfirm","confirm":"dbbbbf8f-4e8e-4290-b063-fbc41c4ea19c","ts":"2026-07-13T15:20:05.686-04:00","source":{"id":"0","name":"eventBus"}}
{"__type":"$$EventMessageAudit","id":"f1b5fd5d-d7e9-474a-ab7b-f1c59886a281","ts":"2026-07-13T15:20:05.688-04:00","eventName":"n8n.audit.workflow.executed","message":"n8n.audit.workflow.executed","payload":{"workflowId":"5VBKbuuujEvgdIGs","workflowName":"power","executionId":"435","source":"webhook"}}
{"__type":"$$EventMessageConfirm","confirm":"f1b5fd5d-d7e9-474a-ab7b-f1c59886a281","ts":"2026-07-13T15:20:05.688-04:00","source":{"id":"0","name":"eventBus"}}
{"__type":"$$EventMessageNode","id":"75647da8-fb1d-4fc6-a5e9-4829f80b3e23","ts":"2026-07-13T15:20:05.694-04:00","eventName":"n8n.node.started","message":"n8n.node.started","payload":{"workflowId":"5VBKbuuujEvgdIGs","workflowName":"power","executionId":"435","nodeType":"n8n-nodes-base.webhook","nodeName":"Webhook","nodeId":"d2f68568-3d63-4615-8950-d51b3313419d"}}
{"__type":"$$EventMessageConfirm","confirm":"75647da8-fb1d-4fc6-a5e9-4829f80b3e23","ts":"2026-07-13T15:20:05.694-04:00","source":{"id":"0","name":"eventBus"}}
{"__type":"$$EventMessageNode","id":"fbc823f7-689c-4ecd-a3b1-8cc3da1bb55f","ts":"2026-07-13T15:20:05.697-04:00","eventName":"n8n.node.finished","message":"n8n.node.finished","payload":{"workflowId":"5VBKbuuujEvgdIGs","workflowName":"power","executionId":"435","nodeType":"n8n-nodes-base.webhook","nodeName":"Webhook","nodeId":"d2f68568-3d63-4615-8950-d51b3313419d"}}
{"__type":"$$EventMessageConfirm","confirm":"fbc823f7-689c-4ecd-a3b1-8cc3da1bb55f","ts":"2026-07-13T15:20:05.697-04:00","source":{"id":"0","name":"eventBus"}}
{"__type":"$$EventMessageNode","id":"1b896db1-7913-4417-bcff-e5321f2a3b27","ts":"2026-07-13T15:20:05.697-04:00","eventName":"n8n.node.started","message":"n8n.node.started","payload":{"workflowId":"5VBKbuuujEvgdIGs","workflowName":"power","executionId":"435","nodeType":"n8n-nodes-base.code","nodeName":"Code in JavaScript","nodeId":"60178211-232e-4f7a-8bd9-97a66e5b9ec0"}}
{"__type":"$$EventMessageConfirm","confirm":"1b896db1-7913-4417-bcff-e5321f2a3b27","ts":"2026-07-13T15:20:05.698-04:00","source":{"id":"0","name":"eventBus"}}
{"__type":"$$EventMessageRunner","id":"d831733b-d64a-4404-b31f-977f540e5310","ts":"2026-07-13T15:20:05.716-04:00","eventName":"n8n.runner.task.requested","message":"n8n.runner.task.requested","payload":{"taskId":"eJZlLB-C","nodeId":"60178211-232e-4f7a-8bd9-97a66e5b9ec0","workflowId":"5VBKbuuujEvgdIGs","executionId":"435"}}
{"__type":"$$EventMessageConfirm","confirm":"d831733b-d64a-4404-b31f-977f540e5310","ts":"2026-07-13T15:20:05.717-04:00","source":{"id":"0","name":"eventBus"}}
{"__type":"$$EventMessageWorkflow","id":"98b13363-c060-4127-8f46-a74bfce492be","ts":"2026-07-13T15:20:05.906-04:00","eventName":"n8n.workflow.started","message":"n8n.workflow.started","payload":{"executionId":"436","workflowId":"HyiO9yqvE2q5kmov","isManual":false,"mode":"webhook","workflowName":"hvac"}}
{"__type":"$$EventMessageConfirm","confirm":"98b13363-c060-4127-8f46-a74bfce492be","ts":"2026-07-13T15:20:05.907-04:00","source":{"id":"0","name":"eventBus"}}
{"__type":"$$EventMessageAudit","id":"21b6c5ab-1ea4-4d6d-9d0e-f7a5310e6fd5","ts":"2026-07-13T15:20:05.907-04:00","eventName":"n8n.audit.workflow.executed","message":"n8n.audit.workflow.executed","payload":{"workflowId":"HyiO9yqvE2q5kmov","workflowName":"hvac","executionId":"436","source":"webhook"}}
{"__type":"$$EventMessageConfirm","confirm":"21b6c5ab-1ea4-4d6d-9d0e-f7a5310e6fd5","ts":"2026-07-13T15:20:05.908-04:00","source":{"id":"0","name":"eventBus"}}
{"__type":"$$EventMessageNode","id":"03b6cc40-ea5f-4ea5-8ff4-bdc61dfdeb68","ts":"2026-07-13T15:20:05.909-04:00","eventName":"n8n.node.started","message":"n8n.node.started","payload":{"workflowId":"HyiO9yqvE2q5kmov","workflowName":"hvac","executionId":"436","nodeType":"n8n-nodes-base.webhook","nodeName":"Webhook","nodeId":"21c4bb7e-a362-421b-819b-e396631df92a"}}
{"__type":"$$EventMessageConfirm","confirm":"03b6cc40-ea5f-4ea5-8ff4-bdc61dfdeb68","ts":"2026-07-13T15:20:05.909-04:00","source":{"id":"0","name":"eventBus"}}
{"__type":"$$EventMessageNode","id":"60428bef-18c7-4eb5-a4a0-8fbc36bfabd5","ts":"2026-07-13T15:20:05.910-04:00","eventName":"n8n.node.finished","message":"n8n.node.finished","payload":{"workflowId":"HyiO9yqvE2q5kmov","workflowName":"hvac","executionId":"436","nodeType":"n8n-nodes-base.webhook","nodeName":"Webhook","nodeId":"21c4bb7e-a362-421b-819b-e396631df92a"}}
{"__type":"$$EventMessageConfirm","confirm":"60428bef-18c7-4eb5-a4a0-8fbc36bfabd5","ts":"2026-07-13T15:20:05.910-04:00","source":{"id":"0","name":"eventBus"}}
{"__type":"$$EventMessageNode","id":"413c1a3b-4003-45ee-b50e-eae6af6380eb","ts":"2026-07-13T15:20:05.910-04:00","eventName":"n8n.node.started","message":"n8n.node.started","payload":{"workflowId":"HyiO9yqvE2q5kmov","workflowName":"hvac","executionId":"436","nodeType":"n8n-nodes-base.code","nodeName":"Code in JavaScript","nodeId":"7f58ebee-2d23-411d-b5ed-d749b73e6774"}}
{"__type":"$$EventMessageConfirm","confirm":"413c1a3b-4003-45ee-b50e-eae6af6380eb","ts":"2026-07-13T15:20:05.910-04:00","source":{"id":"0","name":"eventBus"}}
{"__type":"$$EventMessageRunner","id":"5f29e582-f3e4-491f-9205-55e42af99c10","ts":"2026-07-13T15:20:05.985-04:00","eventName":"n8n.runner.response.received","message":"n8n.runner.response.received","payload":{"taskId":"eJZlLB-C","nodeId":"60178211-232e-4f7a-8bd9-97a66e5b9ec0","workflowId":"5VBKbuuujEvgdIGs","executionId":"435"}}
{"__type":"$$EventMessageConfirm","confirm":"5f29e582-f3e4-491f-9205-55e42af99c10","ts":"2026-07-13T15:20:05.986-04:00","source":{"id":"0","name":"eventBus"}}
{"__type":"$$EventMessageNode","id":"04f4f5b3-efeb-49c8-9e40-2a99c9168153","ts":"2026-07-13T15:20:05.996-04:00","eventName":"n8n.node.finished","message":"n8n.node.finished","payload":{"workflowId":"5VBKbuuujEvgdIGs","workflowName":"power","executionId":"435","nodeType":"n8n-nodes-base.code","nodeName":"Code in JavaScript","nodeId":"60178211-232e-4f7a-8bd9-97a66e5b9ec0"}}
{"__type":"$$EventMessageConfirm","confirm":"04f4f5b3-efeb-49c8-9e40-2a99c9168153","ts":"2026-07-13T15:20:05.997-04:00","source":{"id":"0","name":"eventBus"}}
{"__type":"$$EventMessageNode","id":"3a970423-2b49-410e-bd7d-71a08617f49d","ts":"2026-07-13T15:20:05.997-04:00","eventName":"n8n.node.started","message":"n8n.node.started","payload":{"workflowId":"5VBKbuuujEvgdIGs","workflowName":"power","executionId":"435","nodeType":"n8n-nodes-base.code","nodeName":"Code in JavaScript1","nodeId":"21ac27dd-d85f-45cb-b48f-eb6a3465a56b"}}
{"__type":"$$EventMessageConfirm","confirm":"3a970423-2b49-410e-bd7d-71a08617f49d","ts":"2026-07-13T15:20:05.997-04:00","source":{"id":"0","name":"eventBus"}}
{"__type":"$$EventMessageRunner","id":"b3012a83-4bb3-4452-8edc-db9fc4ed2df2","ts":"2026-07-13T15:20:06.000-04:00","eventName":"n8n.runner.task.requested","message":"n8n.runner.task.requested","payload":{"taskId":"ZpX0lVnx","nodeId":"7f58ebee-2d23-411d-b5ed-d749b73e6774","workflowId":"HyiO9yqvE2q5kmov","executionId":"436"}}
{"__type":"$$EventMessageConfirm","confirm":"b3012a83-4bb3-4452-8edc-db9fc4ed2df2","ts":"2026-07-13T15:20:06.001-04:00","source":{"id":"0","name":"eventBus"}}
{"__type":"$$EventMessageRunner","id":"eec26b2f-535d-49d6-b18e-0005fe64d3fa","ts":"2026-07-13T15:20:06.002-04:00","eventName":"n8n.runner.task.requested","message":"n8n.runner.task.requested","payload":{"taskId":"c7ocsJzc","nodeId":"21ac27dd-d85f-45cb-b48f-eb6a3465a56b","workflowId":"5VBKbuuujEvgdIGs","executionId":"435"}}
{"__type":"$$EventMessageConfirm","confirm":"eec26b2f-535d-49d6-b18e-0005fe64d3fa","ts":"2026-07-13T15:20:06.002-04:00","source":{"id":"0","name":"eventBus"}}
{"__type":"$$EventMessageRunner","id":"9df78911-11ac-469d-ab52-a85cfb397daa","ts":"2026-07-13T15:20:06.028-04:00","eventName":"n8n.runner.response.received","message":"n8n.runner.response.received","payload":{"taskId":"ZpX0lVnx","nodeId":"7f58ebee-2d23-411d-b5ed-d749b73e6774","workflowId":"HyiO9yqvE2q5kmov","executionId":"436"}}
{"__type":"$$EventMessageConfirm","confirm":"9df78911-11ac-469d-ab52-a85cfb397daa","ts":"2026-07-13T15:20:06.029-04:00","source":{"id":"0","name":"eventBus"}}
{"__type":"$$EventMessageNode","id":"a0eb65e6-9bd5-487b-b194-afcc15c8d0a7","ts":"2026-07-13T15:20:06.029-04:00","eventName":"n8n.node.finished","message":"n8n.node.finished","payload":{"workflowId":"HyiO9yqvE2q5kmov","workflowName":"hvac","executionId":"436","nodeType":"n8n-nodes-base.code","nodeName":"Code in JavaScript","nodeId":"7f58ebee-2d23-411d-b5ed-d749b73e6774"}}
{"__type":"$$EventMessageConfirm","confirm":"a0eb65e6-9bd5-487b-b194-afcc15c8d0a7","ts":"2026-07-13T15:20:06.029-04:00","source":{"id":"0","name":"eventBus"}}
{"__type":"$$EventMessageNode","id":"8008bfcc-d783-416c-ab33-b2b6baf414df","ts":"2026-07-13T15:20:06.029-04:00","eventName":"n8n.node.started","message":"n8n.node.started","payload":{"workflowId":"HyiO9yqvE2q5kmov","workflowName":"hvac","executionId":"436","nodeType":"n8n-nodes-base.code","nodeName":"Code in JavaScript1","nodeId":"60f93297-09f2-4aac-9a87-0874737aa293"}}
{"__type":"$$EventMessageConfirm","confirm":"8008bfcc-d783-416c-ab33-b2b6baf414df","ts":"2026-07-13T15:20:06.029-04:00","source":{"id":"0","name":"eventBus"}}
{"__type":"$$EventMessageRunner","id":"047b664e-d0ab-4461-9413-7f62ef33ab04","ts":"2026-07-13T15:20:06.044-04:00","eventName":"n8n.runner.response.received","message":"n8n.runner.response.received","payload":{"taskId":"c7ocsJzc","nodeId":"21ac27dd-d85f-45cb-b48f-eb6a3465a56b","workflowId":"5VBKbuuujEvgdIGs","executionId":"435"}}
{"__type":"$$EventMessageConfirm","confirm":"047b664e-d0ab-4461-9413-7f62ef33ab04","ts":"2026-07-13T15:20:06.044-04:00","source":{"id":"0","name":"eventBus"}}
{"__type":"$$EventMessageRunner","id":"d3e843fe-a8c1-4739-afa2-6580a16f25a4","ts":"2026-07-13T15:20:06.044-04:00","eventName":"n8n.runner.task.requested","message":"n8n.runner.task.requested","payload":{"taskId":"LUP3pKzJ","nodeId":"60f93297-09f2-4aac-9a87-0874737aa293","workflowId":"HyiO9yqvE2q5kmov","executionId":"436"}}
{"__type":"$$EventMessageConfirm","confirm":"d3e843fe-a8c1-4739-afa2-6580a16f25a4","ts":"2026-07-13T15:20:06.044-04:00","source":{"id":"0","name":"eventBus"}}
{"__type":"$$EventMessageNode","id":"a020162b-b725-4924-85a1-37b90e25c16d","ts":"2026-07-13T15:20:06.045-04:00","eventName":"n8n.node.finished","message":"n8n.node.finished","payload":{"workflowId":"5VBKbuuujEvgdIGs","workflowName":"power","executionId":"435","nodeType":"n8n-nodes-base.code","nodeName":"Code in JavaScript1","nodeId":"21ac27dd-d85f-45cb-b48f-eb6a3465a56b"}}
{"__type":"$$EventMessageConfirm","confirm":"a020162b-b725-4924-85a1-37b90e25c16d","ts":"2026-07-13T15:20:06.046-04:00","source":{"id":"0","name":"eventBus"}}
{"__type":"$$EventMessageWorkflow","id":"198ab286-b0b7-41cd-9a42-bde5aa6f904a","ts":"2026-07-13T15:20:06.053-04:00","eventName":"n8n.workflow.success","message":"n8n.workflow.success","payload":{"executionId":"435","success":true,"isManual":false,"mode":"webhook","workflowId":"5VBKbuuujEvgdIGs","workflowName":"power"}}
{"__type":"$$EventMessageConfirm","confirm":"198ab286-b0b7-41cd-9a42-bde5aa6f904a","ts":"2026-07-13T15:20:06.053-04:00","source":{"id":"0","name":"eventBus"}}
{"__type":"$$EventMessageRunner","id":"4b372487-baa5-4170-ac74-f5063902eff7","ts":"2026-07-13T15:20:06.075-04:00","eventName":"n8n.runner.response.received","message":"n8n.runner.response.received","payload":{"taskId":"LUP3pKzJ","nodeId":"60f93297-09f2-4aac-9a87-0874737aa293","workflowId":"HyiO9yqvE2q5kmov","executionId":"436"}}
{"__type":"$$EventMessageConfirm","confirm":"4b372487-baa5-4170-ac74-f5063902eff7","ts":"2026-07-13T15:20:06.075-04:00","source":{"id":"0","name":"eventBus"}}
{"__type":"$$EventMessageNode","id":"e56fe6d7-d3b1-49fe-bb1b-8326c52f9c96","ts":"2026-07-13T15:20:06.078-04:00","eventName":"n8n.node.finished","message":"n8n.node.finished","payload":{"workflowId":"HyiO9yqvE2q5kmov","workflowName":"hvac","executionId":"436","nodeType":"n8n-nodes-base.code","nodeName":"Code in JavaScript1","nodeId":"60f93297-09f2-4aac-9a87-0874737aa293"}}
{"__type":"$$EventMessageConfirm","confirm":"e56fe6d7-d3b1-49fe-bb1b-8326c52f9c96","ts":"2026-07-13T15:20:06.079-04:00","source":{"id":"0","name":"eventBus"}}
{"__type":"$$EventMessageWorkflow","id":"d1a07fe7-151a-47f6-9295-d005bd455af8","ts":"2026-07-13T15:20:06.080-04:00","eventName":"n8n.workflow.success","message":"n8n.workflow.success","payload":{"executionId":"436","success":true,"isManual":false,"mode":"webhook","workflowId":"HyiO9yqvE2q5kmov","workflowName":"hvac"}}
{"__type":"$$EventMessageConfirm","confirm":"d1a07fe7-151a-47f6-9295-d005bd455af8","ts":"2026-07-13T15:20:06.080-04:00","source":{"id":"0","name":"eventBus"}}
{"__type":"$$EventMessageWorkflow","id":"d4429461-3dd2-49b6-847f-3c2a53240a73","ts":"2026-07-13T15:20:06.180-04:00","eventName":"n8n.workflow.started","message":"n8n.workflow.started","payload":{"executionId":"437","workflowId":"4060d0nwMZdXJrUS","isManual":false,"mode":"webhook","workflowName":"alert"}}
{"__type":"$$EventMessageConfirm","confirm":"d4429461-3dd2-49b6-847f-3c2a53240a73","ts":"2026-07-13T15:20:06.180-04:00","source":{"id":"0","name":"eventBus"}}
{"__type":"$$EventMessageAudit","id":"d51d2067-9916-41e5-9e4a-413f4d54ccd7","ts":"2026-07-13T15:20:06.181-04:00","eventName":"n8n.audit.workflow.executed","message":"n8n.audit.workflow.executed","payload":{"workflowId":"4060d0nwMZdXJrUS","workflowName":"alert","executionId":"437","source":"webhook"}}
{"__type":"$$EventMessageConfirm","confirm":"d51d2067-9916-41e5-9e4a-413f4d54ccd7","ts":"2026-07-13T15:20:06.182-04:00","source":{"id":"0","name":"eventBus"}}
{"__type":"$$EventMessageNode","id":"8f976f13-0371-453e-baae-0a2b3580efc6","ts":"2026-07-13T15:20:06.185-04:00","eventName":"n8n.node.started","message":"n8n.node.started","payload":{"workflowId":"4060d0nwMZdXJrUS","workflowName":"alert","executionId":"437","nodeType":"n8n-nodes-base.webhook","nodeName":"Webhook","nodeId":"45b9a4be-0184-403c-83f3-41cbd14731c8"}}
{"__type":"$$EventMessageConfirm","confirm":"8f976f13-0371-453e-baae-0a2b3580efc6","ts":"2026-07-13T15:20:06.185-04:00","source":{"id":"0","name":"eventBus"}}
{"__type":"$$EventMessageNode","id":"143cd9cf-3e7c-4303-8575-5a704a43b791","ts":"2026-07-13T15:20:06.187-04:00","eventName":"n8n.node.finished","message":"n8n.node.finished","payload":{"workflowId":"4060d0nwMZdXJrUS","workflowName":"alert","executionId":"437","nodeType":"n8n-nodes-base.webhook","nodeName":"Webhook","nodeId":"45b9a4be-0184-403c-83f3-41cbd14731c8"}}
{"__type":"$$EventMessageConfirm","confirm":"143cd9cf-3e7c-4303-8575-5a704a43b791","ts":"2026-07-13T15:20:06.189-04:00","source":{"id":"0","name":"eventBus"}}
{"__type":"$$EventMessageNode","id":"b01ac81e-17cc-41ff-9f4b-3ac11ed1b2a3","ts":"2026-07-13T15:20:06.189-04:00","eventName":"n8n.node.started","message":"n8n.node.started","payload":{"workflowId":"4060d0nwMZdXJrUS","workflowName":"alert","executionId":"437","nodeType":"n8n-nodes-base.code","nodeName":"Code in JavaScript","nodeId":"847e0d93-8488-41ce-97de-68b297df2b47"}}
{"__type":"$$EventMessageConfirm","confirm":"b01ac81e-17cc-41ff-9f4b-3ac11ed1b2a3","ts":"2026-07-13T15:20:06.190-04:00","source":{"id":"0","name":"eventBus"}}
{"__type":"$$EventMessageRunner","id":"3268ebd5-dfed-4b8b-aca2-8e26ff605f9d","ts":"2026-07-13T15:20:06.194-04:00","eventName":"n8n.runner.task.requested","message":"n8n.runner.task.requested","payload":{"taskId":"qdD_RYGq","nodeId":"847e0d93-8488-41ce-97de-68b297df2b47","workflowId":"4060d0nwMZdXJrUS","executionId":"437"}}
{"__type":"$$EventMessageConfirm","confirm":"3268ebd5-dfed-4b8b-aca2-8e26ff605f9d","ts":"2026-07-13T15:20:06.195-04:00","source":{"id":"0","name":"eventBus"}}
{"__type":"$$EventMessageRunner","id":"352cb34d-8cbb-4a6b-8399-7f31074e04ea","ts":"2026-07-13T15:20:06.219-04:00","eventName":"n8n.runner.response.received","message":"n8n.runner.response.received","payload":{"taskId":"qdD_RYGq","nodeId":"847e0d93-8488-41ce-97de-68b297df2b47","workflowId":"4060d0nwMZdXJrUS","executionId":"437"}}
{"__type":"$$EventMessageConfirm","confirm":"352cb34d-8cbb-4a6b-8399-7f31074e04ea","ts":"2026-07-13T15:20:06.219-04:00","source":{"id":"0","name":"eventBus"}}
{"__type":"$$EventMessageNode","id":"0be98030-4ddf-49b7-a6eb-adde8e2382c9","ts":"2026-07-13T15:20:06.220-04:00","eventName":"n8n.node.finished","message":"n8n.node.finished","payload":{"workflowId":"4060d0nwMZdXJrUS","workflowName":"alert","executionId":"437","nodeType":"n8n-nodes-base.code","nodeName":"Code in JavaScript","nodeId":"847e0d93-8488-41ce-97de-68b297df2b47"}}
{"__type":"$$EventMessageConfirm","confirm":"0be98030-4ddf-49b7-a6eb-adde8e2382c9","ts":"2026-07-13T15:20:06.220-04:00","source":{"id":"0","name":"eventBus"}}
{"__type":"$$EventMessageNode","id":"dc8ab0a6-e3fc-467e-b74e-9b8b5e7299aa","ts":"2026-07-13T15:20:06.221-04:00","eventName":"n8n.node.started","message":"n8n.node.started","payload":{"workflowId":"4060d0nwMZdXJrUS","workflowName":"alert","executionId":"437","nodeType":"n8n-nodes-base.if","nodeName":"If","nodeId":"a8f0bf21-8151-4783-a4a5-ac8e38d0da13"}}
{"__type":"$$EventMessageConfirm","confirm":"dc8ab0a6-e3fc-467e-b74e-9b8b5e7299aa","ts":"2026-07-13T15:20:06.221-04:00","source":{"id":"0","name":"eventBus"}}
{"__type":"$$EventMessageNode","id":"7c5a9a7d-8db3-48e7-addd-900e19f9f204","ts":"2026-07-13T15:20:06.246-04:00","eventName":"n8n.node.finished","message":"n8n.node.finished","payload":{"workflowId":"4060d0nwMZdXJrUS","workflowName":"alert","executionId":"437","nodeType":"n8n-nodes-base.if","nodeName":"If","nodeId":"a8f0bf21-8151-4783-a4a5-ac8e38d0da13"}}
{"__type":"$$EventMessageConfirm","confirm":"7c5a9a7d-8db3-48e7-addd-900e19f9f204","ts":"2026-07-13T15:20:06.246-04:00","source":{"id":"0","name":"eventBus"}}
{"__type":"$$EventMessageNode","id":"a5fcd8d7-da4e-4ba4-b8e2-2261d5be2b50","ts":"2026-07-13T15:20:06.246-04:00","eventName":"n8n.node.started","message":"n8n.node.started","payload":{"workflowId":"4060d0nwMZdXJrUS","workflowName":"alert","executionId":"437","nodeType":"n8n-nodes-base.code","nodeName":"Code in JavaScript1","nodeId":"50b098bd-b40a-4c90-b2d4-eb880777eaff"}}
{"__type":"$$EventMessageConfirm","confirm":"a5fcd8d7-da4e-4ba4-b8e2-2261d5be2b50","ts":"2026-07-13T15:20:06.246-04:00","source":{"id":"0","name":"eventBus"}}
{"__type":"$$EventMessageRunner","id":"1f543f98-2f7e-4c45-ab42-129be1ae6ca2","ts":"2026-07-13T15:20:06.258-04:00","eventName":"n8n.runner.task.requested","message":"n8n.runner.task.requested","payload":{"taskId":"z9vjS8ey","nodeId":"50b098bd-b40a-4c90-b2d4-eb880777eaff","workflowId":"4060d0nwMZdXJrUS","executionId":"437"}}
{"__type":"$$EventMessageConfirm","confirm":"1f543f98-2f7e-4c45-ab42-129be1ae6ca2","ts":"2026-07-13T15:20:06.258-04:00","source":{"id":"0","name":"eventBus"}}
{"__type":"$$EventMessageRunner","id":"211a5a2d-a334-4e54-9603-a0724a819c4d","ts":"2026-07-13T15:20:06.272-04:00","eventName":"n8n.runner.response.received","message":"n8n.runner.response.received","payload":{"taskId":"z9vjS8ey","nodeId":"50b098bd-b40a-4c90-b2d4-eb880777eaff","workflowId":"4060d0nwMZdXJrUS","executionId":"437"}}
{"__type":"$$EventMessageConfirm","confirm":"211a5a2d-a334-4e54-9603-a0724a819c4d","ts":"2026-07-13T15:20:06.272-04:00","source":{"id":"0","name":"eventBus"}}
{"__type":"$$EventMessageNode","id":"1224b97b-b12f-4276-bac9-9d1de47ac2d9","ts":"2026-07-13T15:20:06.273-04:00","eventName":"n8n.node.finished","message":"n8n.node.finished","payload":{"workflowId":"4060d0nwMZdXJrUS","workflowName":"alert","executionId":"437","nodeType":"n8n-nodes-base.code","nodeName":"Code in JavaScript1","nodeId":"50b098bd-b40a-4c90-b2d4-eb880777eaff"}}
{"__type":"$$EventMessageConfirm","confirm":"1224b97b-b12f-4276-bac9-9d1de47ac2d9","ts":"2026-07-13T15:20:06.273-04:00","source":{"id":"0","name":"eventBus"}}
{"__type":"$$EventMessageWorkflow","id":"db08b379-7393-42ec-9f7f-f88f191861a7","ts":"2026-07-13T15:20:06.274-04:00","eventName":"n8n.workflow.success","message":"n8n.workflow.success","payload":{"executionId":"437","success":true,"isManual":false,"mode":"webhook","workflowId":"4060d0nwMZdXJrUS","workflowName":"alert"}}
{"__type":"$$EventMessageConfirm","confirm":"db08b379-7393-42ec-9f7f-f88f191861a7","ts":"2026-07-13T15:20:06.274-04:00","source":{"id":"0","name":"eventBus"}}
{"__type":"$$EventMessageWorkflow","id":"58b9005b-a4be-45d6-a0e5-8b38739aa189","ts":"2026-07-13T15:22:35.451-04:00","eventName":"n8n.workflow.started","message":"n8n.workflow.started","payload":{"executionId":"438","workflowId":"5VBKbuuujEvgdIGs","isManual":false,"mode":"webhook","workflowName":"power"}}
{"__type":"$$EventMessageConfirm","confirm":"58b9005b-a4be-45d6-a0e5-8b38739aa189","ts":"2026-07-13T15:22:35.451-04:00","source":{"id":"0","name":"eventBus"}}
{"__type":"$$EventMessageAudit","id":"e7b5685f-550b-46cb-898b-ddfe6c24fec6","ts":"2026-07-13T15:22:35.453-04:00","eventName":"n8n.audit.workflow.executed","message":"n8n.audit.workflow.executed","payload":{"workflowId":"5VBKbuuujEvgdIGs","workflowName":"power","executionId":"438","source":"webhook"}}
{"__type":"$$EventMessageConfirm","confirm":"e7b5685f-550b-46cb-898b-ddfe6c24fec6","ts":"2026-07-13T15:22:35.453-04:00","source":{"id":"0","name":"eventBus"}}
{"__type":"$$EventMessageNode","id":"6d2dd775-005d-4121-87a6-7c5a934bb5d1","ts":"2026-07-13T15:22:35.455-04:00","eventName":"n8n.node.started","message":"n8n.node.started","payload":{"workflowId":"5VBKbuuujEvgdIGs","workflowName":"power","executionId":"438","nodeType":"n8n-nodes-base.webhook","nodeName":"Webhook","nodeId":"d2f68568-3d63-4615-8950-d51b3313419d"}}
{"__type":"$$EventMessageConfirm","confirm":"6d2dd775-005d-4121-87a6-7c5a934bb5d1","ts":"2026-07-13T15:22:35.455-04:00","source":{"id":"0","name":"eventBus"}}
{"__type":"$$EventMessageNode","id":"e98ed9fb-0da3-440b-96d0-94960c647ec8","ts":"2026-07-13T15:22:35.456-04:00","eventName":"n8n.node.finished","message":"n8n.node.finished","payload":{"workflowId":"5VBKbuuujEvgdIGs","workflowName":"power","executionId":"438","nodeType":"n8n-nodes-base.webhook","nodeName":"Webhook","nodeId":"d2f68568-3d63-4615-8950-d51b3313419d"}}
{"__type":"$$EventMessageConfirm","confirm":"e98ed9fb-0da3-440b-96d0-94960c647ec8","ts":"2026-07-13T15:22:35.456-04:00","source":{"id":"0","name":"eventBus"}}
{"__type":"$$EventMessageNode","id":"3e764002-5189-4cfe-9427-fdfc34d86a8e","ts":"2026-07-13T15:22:35.457-04:00","eventName":"n8n.node.started","message":"n8n.node.started","payload":{"workflowId":"5VBKbuuujEvgdIGs","workflowName":"power","executionId":"438","nodeType":"n8n-nodes-base.code","nodeName":"Code in JavaScript","nodeId":"60178211-232e-4f7a-8bd9-97a66e5b9ec0"}}
{"__type":"$$EventMessageConfirm","confirm":"3e764002-5189-4cfe-9427-fdfc34d86a8e","ts":"2026-07-13T15:22:35.457-04:00","source":{"id":"0","name":"eventBus"}}
{"__type":"$$EventMessageRunner","id":"fba84b08-6fb6-4dd7-8d96-955a8d840b5c","ts":"2026-07-13T15:22:35.472-04:00","eventName":"n8n.runner.task.requested","message":"n8n.runner.task.requested","payload":{"taskId":"4_gZXQ_E","nodeId":"60178211-232e-4f7a-8bd9-97a66e5b9ec0","workflowId":"5VBKbuuujEvgdIGs","executionId":"438"}}
{"__type":"$$EventMessageConfirm","confirm":"fba84b08-6fb6-4dd7-8d96-955a8d840b5c","ts":"2026-07-13T15:22:35.483-04:00","source":{"id":"0","name":"eventBus"}}
{"__type":"$$EventMessageRunner","id":"81ede021-77a6-4cea-9c80-173209c1fc78","ts":"2026-07-13T15:22:35.509-04:00","eventName":"n8n.runner.response.received","message":"n8n.runner.response.received","payload":{"taskId":"4_gZXQ_E","nodeId":"60178211-232e-4f7a-8bd9-97a66e5b9ec0","workflowId":"5VBKbuuujEvgdIGs","executionId":"438"}}
{"__type":"$$EventMessageConfirm","confirm":"81ede021-77a6-4cea-9c80-173209c1fc78","ts":"2026-07-13T15:22:35.509-04:00","source":{"id":"0","name":"eventBus"}}
{"__type":"$$EventMessageNode","id":"e1dc779d-d542-4e7f-97a7-75fedac4ffcc","ts":"2026-07-13T15:22:35.510-04:00","eventName":"n8n.node.finished","message":"n8n.node.finished","payload":{"workflowId":"5VBKbuuujEvgdIGs","workflowName":"power","executionId":"438","nodeType":"n8n-nodes-base.code","nodeName":"Code in JavaScript","nodeId":"60178211-232e-4f7a-8bd9-97a66e5b9ec0"}}
{"__type":"$$EventMessageConfirm","confirm":"e1dc779d-d542-4e7f-97a7-75fedac4ffcc","ts":"2026-07-13T15:22:35.510-04:00","source":{"id":"0","name":"eventBus"}}
{"__type":"$$EventMessageNode","id":"f1d6c021-d5e5-4802-ae50-1d41f754de84","ts":"2026-07-13T15:22:35.510-04:00","eventName":"n8n.node.started","message":"n8n.node.started","payload":{"workflowId":"5VBKbuuujEvgdIGs","workflowName":"power","executionId":"438","nodeType":"n8n-nodes-base.code","nodeName":"Code in JavaScript1","nodeId":"21ac27dd-d85f-45cb-b48f-eb6a3465a56b"}}
{"__type":"$$EventMessageConfirm","confirm":"f1d6c021-d5e5-4802-ae50-1d41f754de84","ts":"2026-07-13T15:22:35.510-04:00","source":{"id":"0","name":"eventBus"}}
{"__type":"$$EventMessageRunner","id":"65cee7d6-d768-4188-b7b1-4fe1de99759d","ts":"2026-07-13T15:22:35.513-04:00","eventName":"n8n.runner.task.requested","message":"n8n.runner.task.requested","payload":{"taskId":"7UUkgf3P","nodeId":"21ac27dd-d85f-45cb-b48f-eb6a3465a56b","workflowId":"5VBKbuuujEvgdIGs","executionId":"438"}}
{"__type":"$$EventMessageConfirm","confirm":"65cee7d6-d768-4188-b7b1-4fe1de99759d","ts":"2026-07-13T15:22:35.513-04:00","source":{"id":"0","name":"eventBus"}}
{"__type":"$$EventMessageRunner","id":"2517a940-8897-43e5-8b3c-9fd5da11a16d","ts":"2026-07-13T15:22:35.525-04:00","eventName":"n8n.runner.response.received","message":"n8n.runner.response.received","payload":{"taskId":"7UUkgf3P","nodeId":"21ac27dd-d85f-45cb-b48f-eb6a3465a56b","workflowId":"5VBKbuuujEvgdIGs","executionId":"438"}}
{"__type":"$$EventMessageConfirm","confirm":"2517a940-8897-43e5-8b3c-9fd5da11a16d","ts":"2026-07-13T15:22:35.526-04:00","source":{"id":"0","name":"eventBus"}}
{"__type":"$$EventMessageNode","id":"8b5249f2-a667-4fad-897d-8a3c27e43136","ts":"2026-07-13T15:22:35.526-04:00","eventName":"n8n.node.finished","message":"n8n.node.finished","payload":{"workflowId":"5VBKbuuujEvgdIGs","workflowName":"power","executionId":"438","nodeType":"n8n-nodes-base.code","nodeName":"Code in JavaScript1","nodeId":"21ac27dd-d85f-45cb-b48f-eb6a3465a56b"}}
{"__type":"$$EventMessageConfirm","confirm":"8b5249f2-a667-4fad-897d-8a3c27e43136","ts":"2026-07-13T15:22:35.526-04:00","source":{"id":"0","name":"eventBus"}}
{"__type":"$$EventMessageWorkflow","id":"7132b031-507b-4419-92c9-99bf6a45527a","ts":"2026-07-13T15:22:35.527-04:00","eventName":"n8n.workflow.success","message":"n8n.workflow.success","payload":{"executionId":"438","success":true,"isManual":false,"mode":"webhook","workflowId":"5VBKbuuujEvgdIGs","workflowName":"power"}}
{"__type":"$$EventMessageConfirm","confirm":"7132b031-507b-4419-92c9-99bf6a45527a","ts":"2026-07-13T15:22:35.527-04:00","source":{"id":"0","name":"eventBus"}}
{"__type":"$$EventMessageWorkflow","id":"749983c0-a333-4951-9991-69f7bad598b1","ts":"2026-07-13T15:22:35.716-04:00","eventName":"n8n.workflow.started","message":"n8n.workflow.started","payload":{"executionId":"439","workflowId":"HyiO9yqvE2q5kmov","isManual":false,"mode":"webhook","workflowName":"hvac"}}
{"__type":"$$EventMessageConfirm","confirm":"749983c0-a333-4951-9991-69f7bad598b1","ts":"2026-07-13T15:22:35.727-04:00","source":{"id":"0","name":"eventBus"}}
{"__type":"$$EventMessageAudit","id":"25a33c1b-9ad9-4d4a-8062-4c12ed3b777d","ts":"2026-07-13T15:22:35.730-04:00","eventName":"n8n.audit.workflow.executed","message":"n8n.audit.workflow.executed","payload":{"workflowId":"HyiO9yqvE2q5kmov","workflowName":"hvac","executionId":"439","source":"webhook"}}
{"__type":"$$EventMessageConfirm","confirm":"25a33c1b-9ad9-4d4a-8062-4c12ed3b777d","ts":"2026-07-13T15:22:35.730-04:00","source":{"id":"0","name":"eventBus"}}
{"__type":"$$EventMessageNode","id":"9101ca44-1f99-481d-b0dd-fd7f7dd013da","ts":"2026-07-13T15:22:35.732-04:00","eventName":"n8n.node.started","message":"n8n.node.started","payload":{"workflowId":"HyiO9yqvE2q5kmov","workflowName":"hvac","executionId":"439","nodeType":"n8n-nodes-base.webhook","nodeName":"Webhook","nodeId":"21c4bb7e-a362-421b-819b-e396631df92a"}}
{"__type":"$$EventMessageConfirm","confirm":"9101ca44-1f99-481d-b0dd-fd7f7dd013da","ts":"2026-07-13T15:22:35.732-04:00","source":{"id":"0","name":"eventBus"}}
{"__type":"$$EventMessageNode","id":"497e87ee-a3b8-476b-9b96-51da8e4ec720","ts":"2026-07-13T15:22:35.743-04:00","eventName":"n8n.node.finished","message":"n8n.node.finished","payload":{"workflowId":"HyiO9yqvE2q5kmov","workflowName":"hvac","executionId":"439","nodeType":"n8n-nodes-base.webhook","nodeName":"Webhook","nodeId":"21c4bb7e-a362-421b-819b-e396631df92a"}}
{"__type":"$$EventMessageConfirm","confirm":"497e87ee-a3b8-476b-9b96-51da8e4ec720","ts":"2026-07-13T15:22:35.743-04:00","source":{"id":"0","name":"eventBus"}}
{"__type":"$$EventMessageNode","id":"4e5bd79f-8623-4566-a1d1-aa42b77a564f","ts":"2026-07-13T15:22:35.744-04:00","eventName":"n8n.node.started","message":"n8n.node.started","payload":{"workflowId":"HyiO9yqvE2q5kmov","workflowName":"hvac","executionId":"439","nodeType":"n8n-nodes-base.code","nodeName":"Code in JavaScript","nodeId":"7f58ebee-2d23-411d-b5ed-d749b73e6774"}}
{"__type":"$$EventMessageConfirm","confirm":"4e5bd79f-8623-4566-a1d1-aa42b77a564f","ts":"2026-07-13T15:22:35.744-04:00","source":{"id":"0","name":"eventBus"}}
{"__type":"$$EventMessageRunner","id":"4edda9a3-9a95-4392-8cf2-eea9d7186abd","ts":"2026-07-13T15:22:35.748-04:00","eventName":"n8n.runner.task.requested","message":"n8n.runner.task.requested","payload":{"taskId":"hVnlLXrx","nodeId":"7f58ebee-2d23-411d-b5ed-d749b73e6774","workflowId":"HyiO9yqvE2q5kmov","executionId":"439"}}
{"__type":"$$EventMessageConfirm","confirm":"4edda9a3-9a95-4392-8cf2-eea9d7186abd","ts":"2026-07-13T15:22:35.759-04:00","source":{"id":"0","name":"eventBus"}}
{"__type":"$$EventMessageRunner","id":"7347dc24-89d7-49f0-824b-38d8fd430c6e","ts":"2026-07-13T15:22:35.796-04:00","eventName":"n8n.runner.response.received","message":"n8n.runner.response.received","payload":{"taskId":"hVnlLXrx","nodeId":"7f58ebee-2d23-411d-b5ed-d749b73e6774","workflowId":"HyiO9yqvE2q5kmov","executionId":"439"}}
{"__type":"$$EventMessageConfirm","confirm":"7347dc24-89d7-49f0-824b-38d8fd430c6e","ts":"2026-07-13T15:22:35.796-04:00","source":{"id":"0","name":"eventBus"}}
{"__type":"$$EventMessageNode","id":"afc39764-7d13-46ab-a0d3-e4cf2b85fb40","ts":"2026-07-13T15:22:35.808-04:00","eventName":"n8n.node.finished","message":"n8n.node.finished","payload":{"workflowId":"HyiO9yqvE2q5kmov","workflowName":"hvac","executionId":"439","nodeType":"n8n-nodes-base.code","nodeName":"Code in JavaScript","nodeId":"7f58ebee-2d23-411d-b5ed-d749b73e6774"}}
{"__type":"$$EventMessageConfirm","confirm":"afc39764-7d13-46ab-a0d3-e4cf2b85fb40","ts":"2026-07-13T15:22:35.809-04:00","source":{"id":"0","name":"eventBus"}}
{"__type":"$$EventMessageNode","id":"c57cc367-c449-4b8e-b72e-bef0260b21fb","ts":"2026-07-13T15:22:35.809-04:00","eventName":"n8n.node.started","message":"n8n.node.started","payload":{"workflowId":"HyiO9yqvE2q5kmov","workflowName":"hvac","executionId":"439","nodeType":"n8n-nodes-base.code","nodeName":"Code in JavaScript1","nodeId":"60f93297-09f2-4aac-9a87-0874737aa293"}}
{"__type":"$$EventMessageConfirm","confirm":"c57cc367-c449-4b8e-b72e-bef0260b21fb","ts":"2026-07-13T15:22:35.809-04:00","source":{"id":"0","name":"eventBus"}}
{"__type":"$$EventMessageRunner","id":"d2cbb4a9-ec45-4715-a9bc-e4e3df388e03","ts":"2026-07-13T15:22:35.825-04:00","eventName":"n8n.runner.task.requested","message":"n8n.runner.task.requested","payload":{"taskId":"u7cFmxJL","nodeId":"60f93297-09f2-4aac-9a87-0874737aa293","workflowId":"HyiO9yqvE2q5kmov","executionId":"439"}}
{"__type":"$$EventMessageConfirm","confirm":"d2cbb4a9-ec45-4715-a9bc-e4e3df388e03","ts":"2026-07-13T15:22:35.825-04:00","source":{"id":"0","name":"eventBus"}}
{"__type":"$$EventMessageRunner","id":"df55d174-c312-43da-a316-9d99a5f5b330","ts":"2026-07-13T15:22:35.904-04:00","eventName":"n8n.runner.response.received","message":"n8n.runner.response.received","payload":{"taskId":"u7cFmxJL","nodeId":"60f93297-09f2-4aac-9a87-0874737aa293","workflowId":"HyiO9yqvE2q5kmov","executionId":"439"}}
{"__type":"$$EventMessageConfirm","confirm":"df55d174-c312-43da-a316-9d99a5f5b330","ts":"2026-07-13T15:22:35.905-04:00","source":{"id":"0","name":"eventBus"}}
{"__type":"$$EventMessageNode","id":"38fccb3e-a4bf-4b46-bceb-23a5c5846fea","ts":"2026-07-13T15:22:35.906-04:00","eventName":"n8n.node.finished","message":"n8n.node.finished","payload":{"workflowId":"HyiO9yqvE2q5kmov","workflowName":"hvac","executionId":"439","nodeType":"n8n-nodes-base.code","nodeName":"Code in JavaScript1","nodeId":"60f93297-09f2-4aac-9a87-0874737aa293"}}
{"__type":"$$EventMessageConfirm","confirm":"38fccb3e-a4bf-4b46-bceb-23a5c5846fea","ts":"2026-07-13T15:22:35.907-04:00","source":{"id":"0","name":"eventBus"}}
{"__type":"$$EventMessageWorkflow","id":"baa974e6-0a81-4cf3-9b07-fe2fd2c9c35a","ts":"2026-07-13T15:22:35.907-04:00","eventName":"n8n.workflow.success","message":"n8n.workflow.success","payload":{"executionId":"439","success":true,"isManual":false,"mode":"webhook","workflowId":"HyiO9yqvE2q5kmov","workflowName":"hvac"}}
{"__type":"$$EventMessageConfirm","confirm":"baa974e6-0a81-4cf3-9b07-fe2fd2c9c35a","ts":"2026-07-13T15:22:35.908-04:00","source":{"id":"0","name":"eventBus"}}
{"__type":"$$EventMessageWorkflow","id":"898aa61d-15b1-46c0-88a4-40aa1f2abc44","ts":"2026-07-13T15:22:36.106-04:00","eventName":"n8n.workflow.started","message":"n8n.workflow.started","payload":{"executionId":"440","workflowId":"4060d0nwMZdXJrUS","isManual":false,"mode":"webhook","workflowName":"alert"}}
{"__type":"$$EventMessageConfirm","confirm":"898aa61d-15b1-46c0-88a4-40aa1f2abc44","ts":"2026-07-13T15:22:36.107-04:00","source":{"id":"0","name":"eventBus"}}
{"__type":"$$EventMessageAudit","id":"19d73e6a-90c7-428b-a179-c5ca0250596d","ts":"2026-07-13T15:22:36.109-04:00","eventName":"n8n.audit.workflow.executed","message":"n8n.audit.workflow.executed","payload":{"workflowId":"4060d0nwMZdXJrUS","workflowName":"alert","executionId":"440","source":"webhook"}}
{"__type":"$$EventMessageConfirm","confirm":"19d73e6a-90c7-428b-a179-c5ca0250596d","ts":"2026-07-13T15:22:36.109-04:00","source":{"id":"0","name":"eventBus"}}
{"__type":"$$EventMessageNode","id":"06783345-dab1-410d-a4c7-5df9b68b30b5","ts":"2026-07-13T15:22:36.121-04:00","eventName":"n8n.node.started","message":"n8n.node.started","payload":{"workflowId":"4060d0nwMZdXJrUS","workflowName":"alert","executionId":"440","nodeType":"n8n-nodes-base.webhook","nodeName":"Webhook","nodeId":"45b9a4be-0184-403c-83f3-41cbd14731c8"}}
{"__type":"$$EventMessageConfirm","confirm":"06783345-dab1-410d-a4c7-5df9b68b30b5","ts":"2026-07-13T15:22:36.122-04:00","source":{"id":"0","name":"eventBus"}}
{"__type":"$$EventMessageNode","id":"6c71016e-cf2c-4c1f-860d-8f70838001dc","ts":"2026-07-13T15:22:36.122-04:00","eventName":"n8n.node.finished","message":"n8n.node.finished","payload":{"workflowId":"4060d0nwMZdXJrUS","workflowName":"alert","executionId":"440","nodeType":"n8n-nodes-base.webhook","nodeName":"Webhook","nodeId":"45b9a4be-0184-403c-83f3-41cbd14731c8"}}
{"__type":"$$EventMessageConfirm","confirm":"6c71016e-cf2c-4c1f-860d-8f70838001dc","ts":"2026-07-13T15:22:36.123-04:00","source":{"id":"0","name":"eventBus"}}
{"__type":"$$EventMessageNode","id":"e09ffef5-a584-4b86-983d-d32d21036d14","ts":"2026-07-13T15:22:36.123-04:00","eventName":"n8n.node.started","message":"n8n.node.started","payload":{"workflowId":"4060d0nwMZdXJrUS","workflowName":"alert","executionId":"440","nodeType":"n8n-nodes-base.code","nodeName":"Code in JavaScript","nodeId":"847e0d93-8488-41ce-97de-68b297df2b47"}}
{"__type":"$$EventMessageConfirm","confirm":"e09ffef5-a584-4b86-983d-d32d21036d14","ts":"2026-07-13T15:22:36.123-04:00","source":{"id":"0","name":"eventBus"}}
{"__type":"$$EventMessageRunner","id":"ccdddd9a-a33c-42d0-800f-b6326640c1fc","ts":"2026-07-13T15:22:36.141-04:00","eventName":"n8n.runner.task.requested","message":"n8n.runner.task.requested","payload":{"taskId":"bBPpxO6L","nodeId":"847e0d93-8488-41ce-97de-68b297df2b47","workflowId":"4060d0nwMZdXJrUS","executionId":"440"}}
{"__type":"$$EventMessageConfirm","confirm":"ccdddd9a-a33c-42d0-800f-b6326640c1fc","ts":"2026-07-13T15:22:36.142-04:00","source":{"id":"0","name":"eventBus"}}
{"__type":"$$EventMessageRunner","id":"6ce0e8ff-7e13-4811-941e-4493f0133807","ts":"2026-07-13T15:22:36.166-04:00","eventName":"n8n.runner.response.received","message":"n8n.runner.response.received","payload":{"taskId":"bBPpxO6L","nodeId":"847e0d93-8488-41ce-97de-68b297df2b47","workflowId":"4060d0nwMZdXJrUS","executionId":"440"}}
{"__type":"$$EventMessageConfirm","confirm":"6ce0e8ff-7e13-4811-941e-4493f0133807","ts":"2026-07-13T15:22:36.166-04:00","source":{"id":"0","name":"eventBus"}}
{"__type":"$$EventMessageNode","id":"98fbe531-5c82-4207-a531-443ce54409be","ts":"2026-07-13T15:22:36.167-04:00","eventName":"n8n.node.finished","message":"n8n.node.finished","payload":{"workflowId":"4060d0nwMZdXJrUS","workflowName":"alert","executionId":"440","nodeType":"n8n-nodes-base.code","nodeName":"Code in JavaScript","nodeId":"847e0d93-8488-41ce-97de-68b297df2b47"}}
{"__type":"$$EventMessageConfirm","confirm":"98fbe531-5c82-4207-a531-443ce54409be","ts":"2026-07-13T15:22:36.167-04:00","source":{"id":"0","name":"eventBus"}}
{"__type":"$$EventMessageNode","id":"891c72d1-e564-44d9-98fc-9597f5a8d549","ts":"2026-07-13T15:22:36.168-04:00","eventName":"n8n.node.started","message":"n8n.node.started","payload":{"workflowId":"4060d0nwMZdXJrUS","workflowName":"alert","executionId":"440","nodeType":"n8n-nodes-base.if","nodeName":"If","nodeId":"a8f0bf21-8151-4783-a4a5-ac8e38d0da13"}}
{"__type":"$$EventMessageConfirm","confirm":"891c72d1-e564-44d9-98fc-9597f5a8d549","ts":"2026-07-13T15:22:36.168-04:00","source":{"id":"0","name":"eventBus"}}
{"__type":"$$EventMessageNode","id":"218cef7c-4f77-438c-b2b7-fa0ce5d92cef","ts":"2026-07-13T15:22:36.172-04:00","eventName":"n8n.node.finished","message":"n8n.node.finished","payload":{"workflowId":"4060d0nwMZdXJrUS","workflowName":"alert","executionId":"440","nodeType":"n8n-nodes-base.if","nodeName":"If","nodeId":"a8f0bf21-8151-4783-a4a5-ac8e38d0da13"}}
{"__type":"$$EventMessageConfirm","confirm":"218cef7c-4f77-438c-b2b7-fa0ce5d92cef","ts":"2026-07-13T15:22:36.172-04:00","source":{"id":"0","name":"eventBus"}}
{"__type":"$$EventMessageNode","id":"dcada4fd-f46f-4938-be01-99e9fe7cfa5f","ts":"2026-07-13T15:22:36.172-04:00","eventName":"n8n.node.started","message":"n8n.node.started","payload":{"workflowId":"4060d0nwMZdXJrUS","workflowName":"alert","executionId":"440","nodeType":"n8n-nodes-base.code","nodeName":"Code in JavaScript1","nodeId":"50b098bd-b40a-4c90-b2d4-eb880777eaff"}}
{"__type":"$$EventMessageConfirm","confirm":"dcada4fd-f46f-4938-be01-99e9fe7cfa5f","ts":"2026-07-13T15:22:36.172-04:00","source":{"id":"0","name":"eventBus"}}
{"__type":"$$EventMessageRunner","id":"5b8f5e45-13be-40ad-a07b-a9f2458efda5","ts":"2026-07-13T15:22:36.186-04:00","eventName":"n8n.runner.task.requested","message":"n8n.runner.task.requested","payload":{"taskId":"T0oCTNeh","nodeId":"50b098bd-b40a-4c90-b2d4-eb880777eaff","workflowId":"4060d0nwMZdXJrUS","executionId":"440"}}
{"__type":"$$EventMessageConfirm","confirm":"5b8f5e45-13be-40ad-a07b-a9f2458efda5","ts":"2026-07-13T15:22:36.187-04:00","source":{"id":"0","name":"eventBus"}}
{"__type":"$$EventMessageRunner","id":"f8df32de-430d-4133-ba6f-7fa1dae6155d","ts":"2026-07-13T15:22:36.209-04:00","eventName":"n8n.runner.response.received","message":"n8n.runner.response.received","payload":{"taskId":"T0oCTNeh","nodeId":"50b098bd-b40a-4c90-b2d4-eb880777eaff","workflowId":"4060d0nwMZdXJrUS","executionId":"440"}}
{"__type":"$$EventMessageConfirm","confirm":"f8df32de-430d-4133-ba6f-7fa1dae6155d","ts":"2026-07-13T15:22:36.209-04:00","source":{"id":"0","name":"eventBus"}}
{"__type":"$$EventMessageNode","id":"6e06ba5c-199b-4885-b7f4-c9b020502180","ts":"2026-07-13T15:22:36.210-04:00","eventName":"n8n.node.finished","message":"n8n.node.finished","payload":{"workflowId":"4060d0nwMZdXJrUS","workflowName":"alert","executionId":"440","nodeType":"n8n-nodes-base.code","nodeName":"Code in JavaScript1","nodeId":"50b098bd-b40a-4c90-b2d4-eb880777eaff"}}
{"__type":"$$EventMessageConfirm","confirm":"6e06ba5c-199b-4885-b7f4-c9b020502180","ts":"2026-07-13T15:22:36.210-04:00","source":{"id":"0","name":"eventBus"}}
{"__type":"$$EventMessageWorkflow","id":"174f49cb-4ea3-4316-91cc-2cd2dc57044f","ts":"2026-07-13T15:22:36.211-04:00","eventName":"n8n.workflow.success","message":"n8n.workflow.success","payload":{"executionId":"440","success":true,"isManual":false,"mode":"webhook","workflowId":"4060d0nwMZdXJrUS","workflowName":"alert"}}
{"__type":"$$EventMessageConfirm","confirm":"174f49cb-4ea3-4316-91cc-2cd2dc57044f","ts":"2026-07-13T15:22:36.211-04:00","source":{"id":"0","name":"eventBus"}}
{"__type":"$$EventMessageWorkflow","id":"60e0b178-6ea5-4fe5-99c0-55454dbe109f","ts":"2026-07-13T15:24:12.083-04:00","eventName":"n8n.workflow.started","message":"n8n.workflow.started","payload":{"executionId":"441","workflowId":"csjSBc51yUkh2vRH","isManual":false,"mode":"webhook","workflowName":"fire"}}
{"__type":"$$EventMessageConfirm","confirm":"60e0b178-6ea5-4fe5-99c0-55454dbe109f","ts":"2026-07-13T15:24:12.083-04:00","source":{"id":"0","name":"eventBus"}}
{"__type":"$$EventMessageAudit","id":"5bf489b2-bb55-4f27-9f0e-02fa90b8e376","ts":"2026-07-13T15:24:12.084-04:00","eventName":"n8n.audit.workflow.executed","message":"n8n.audit.workflow.executed","payload":{"workflowId":"csjSBc51yUkh2vRH","workflowName":"fire","executionId":"441","source":"webhook"}}
{"__type":"$$EventMessageConfirm","confirm":"5bf489b2-bb55-4f27-9f0e-02fa90b8e376","ts":"2026-07-13T15:24:12.085-04:00","source":{"id":"0","name":"eventBus"}}
{"__type":"$$EventMessageNode","id":"bf373605-46ef-4b3c-ae88-c67e03e16701","ts":"2026-07-13T15:24:12.087-04:00","eventName":"n8n.node.started","message":"n8n.node.started","payload":{"workflowId":"csjSBc51yUkh2vRH","workflowName":"fire","executionId":"441","nodeType":"n8n-nodes-base.webhook","nodeName":"Webhook","nodeId":"24e7bc53-ee06-4b53-b753-97a049b3327b"}}
{"__type":"$$EventMessageConfirm","confirm":"bf373605-46ef-4b3c-ae88-c67e03e16701","ts":"2026-07-13T15:24:12.088-04:00","source":{"id":"0","name":"eventBus"}}
{"__type":"$$EventMessageNode","id":"9ddaaca4-dd90-4f0c-aab0-433e66b1a2d8","ts":"2026-07-13T15:24:12.089-04:00","eventName":"n8n.node.finished","message":"n8n.node.finished","payload":{"workflowId":"csjSBc51yUkh2vRH","workflowName":"fire","executionId":"441","nodeType":"n8n-nodes-base.webhook","nodeName":"Webhook","nodeId":"24e7bc53-ee06-4b53-b753-97a049b3327b"}}
{"__type":"$$EventMessageConfirm","confirm":"9ddaaca4-dd90-4f0c-aab0-433e66b1a2d8","ts":"2026-07-13T15:24:12.089-04:00","source":{"id":"0","name":"eventBus"}}
{"__type":"$$EventMessageNode","id":"5e43a3e2-b102-446b-816b-bbad67ef9f3f","ts":"2026-07-13T15:24:12.090-04:00","eventName":"n8n.node.started","message":"n8n.node.started","payload":{"workflowId":"csjSBc51yUkh2vRH","workflowName":"fire","executionId":"441","nodeType":"n8n-nodes-base.code","nodeName":"Code in JavaScript","nodeId":"f271c744-c46c-4766-b045-ed1d8821c40d"}}
{"__type":"$$EventMessageConfirm","confirm":"5e43a3e2-b102-446b-816b-bbad67ef9f3f","ts":"2026-07-13T15:24:12.091-04:00","source":{"id":"0","name":"eventBus"}}
{"__type":"$$EventMessageRunner","id":"7f091f28-635e-4763-af74-5fd45b0043f4","ts":"2026-07-13T15:24:12.098-04:00","eventName":"n8n.runner.task.requested","message":"n8n.runner.task.requested","payload":{"taskId":"sc7ClYcy","nodeId":"f271c744-c46c-4766-b045-ed1d8821c40d","workflowId":"csjSBc51yUkh2vRH","executionId":"441"}}
{"__type":"$$EventMessageConfirm","confirm":"7f091f28-635e-4763-af74-5fd45b0043f4","ts":"2026-07-13T15:24:12.098-04:00","source":{"id":"0","name":"eventBus"}}
{"__type":"$$EventMessageRunner","id":"03ab259e-39d6-4d4e-8d1f-15ad34e41a84","ts":"2026-07-13T15:24:12.126-04:00","eventName":"n8n.runner.response.received","message":"n8n.runner.response.received","payload":{"taskId":"sc7ClYcy","nodeId":"f271c744-c46c-4766-b045-ed1d8821c40d","workflowId":"csjSBc51yUkh2vRH","executionId":"441"}}
{"__type":"$$EventMessageConfirm","confirm":"03ab259e-39d6-4d4e-8d1f-15ad34e41a84","ts":"2026-07-13T15:24:12.127-04:00","source":{"id":"0","name":"eventBus"}}
{"__type":"$$EventMessageNode","id":"ca40616b-fc1b-4b78-b93f-e706e3acbb36","ts":"2026-07-13T15:24:12.127-04:00","eventName":"n8n.node.finished","message":"n8n.node.finished","payload":{"workflowId":"csjSBc51yUkh2vRH","workflowName":"fire","executionId":"441","nodeType":"n8n-nodes-base.code","nodeName":"Code in JavaScript","nodeId":"f271c744-c46c-4766-b045-ed1d8821c40d"}}
{"__type":"$$EventMessageConfirm","confirm":"ca40616b-fc1b-4b78-b93f-e706e3acbb36","ts":"2026-07-13T15:24:12.127-04:00","source":{"id":"0","name":"eventBus"}}
{"__type":"$$EventMessageNode","id":"5c30b5fa-9ba9-49f1-bdeb-2303ba48f818","ts":"2026-07-13T15:24:12.128-04:00","eventName":"n8n.node.started","message":"n8n.node.started","payload":{"workflowId":"csjSBc51yUkh2vRH","workflowName":"fire","executionId":"441","nodeType":"n8n-nodes-base.code","nodeName":"Code in JavaScript1","nodeId":"3cd55fa9-d0e9-43ab-b0ba-fe5047c0e593"}}
{"__type":"$$EventMessageConfirm","confirm":"5c30b5fa-9ba9-49f1-bdeb-2303ba48f818","ts":"2026-07-13T15:24:12.128-04:00","source":{"id":"0","name":"eventBus"}}
{"__type":"$$EventMessageRunner","id":"2ac30b56-2f26-41b6-bd0a-df9fb0599c3c","ts":"2026-07-13T15:24:12.137-04:00","eventName":"n8n.runner.task.requested","message":"n8n.runner.task.requested","payload":{"taskId":"P09MyZqD","nodeId":"3cd55fa9-d0e9-43ab-b0ba-fe5047c0e593","workflowId":"csjSBc51yUkh2vRH","executionId":"441"}}
{"__type":"$$EventMessageConfirm","confirm":"2ac30b56-2f26-41b6-bd0a-df9fb0599c3c","ts":"2026-07-13T15:24:12.137-04:00","source":{"id":"0","name":"eventBus"}}
{"__type":"$$EventMessageRunner","id":"6eef1124-8dba-4866-a0fb-7fb5d72e23e3","ts":"2026-07-13T15:24:12.180-04:00","eventName":"n8n.runner.response.received","message":"n8n.runner.response.received","payload":{"taskId":"P09MyZqD","nodeId":"3cd55fa9-d0e9-43ab-b0ba-fe5047c0e593","workflowId":"csjSBc51yUkh2vRH","executionId":"441"}}
{"__type":"$$EventMessageConfirm","confirm":"6eef1124-8dba-4866-a0fb-7fb5d72e23e3","ts":"2026-07-13T15:24:12.181-04:00","source":{"id":"0","name":"eventBus"}}
{"__type":"$$EventMessageNode","id":"d3b9efb7-f96a-4e3c-9491-9b41cc435458","ts":"2026-07-13T15:24:12.183-04:00","eventName":"n8n.node.finished","message":"n8n.node.finished","payload":{"workflowId":"csjSBc51yUkh2vRH","workflowName":"fire","executionId":"441","nodeType":"n8n-nodes-base.code","nodeName":"Code in JavaScript1","nodeId":"3cd55fa9-d0e9-43ab-b0ba-fe5047c0e593"}}
{"__type":"$$EventMessageConfirm","confirm":"d3b9efb7-f96a-4e3c-9491-9b41cc435458","ts":"2026-07-13T15:24:12.184-04:00","source":{"id":"0","name":"eventBus"}}
{"__type":"$$EventMessageWorkflow","id":"85f9899c-699c-4708-be05-08b9050baa69","ts":"2026-07-13T15:24:12.184-04:00","eventName":"n8n.workflow.success","message":"n8n.workflow.success","payload":{"executionId":"441","success":true,"isManual":false,"mode":"webhook","workflowId":"csjSBc51yUkh2vRH","workflowName":"fire"}}
{"__type":"$$EventMessageConfirm","confirm":"85f9899c-699c-4708-be05-08b9050baa69","ts":"2026-07-13T15:24:12.185-04:00","source":{"id":"0","name":"eventBus"}}
{"__type":"$$EventMessageWorkflow","id":"441e21fd-c9f2-484e-b737-49d89ea27581","ts":"2026-07-13T15:24:12.329-04:00","eventName":"n8n.workflow.started","message":"n8n.workflow.started","payload":{"executionId":"442","workflowId":"4060d0nwMZdXJrUS","isManual":false,"mode":"webhook","workflowName":"alert"}}
{"__type":"$$EventMessageConfirm","confirm":"441e21fd-c9f2-484e-b737-49d89ea27581","ts":"2026-07-13T15:24:12.330-04:00","source":{"id":"0","name":"eventBus"}}
{"__type":"$$EventMessageAudit","id":"3b285367-14d6-4767-9ef0-bc52ce4b9acb","ts":"2026-07-13T15:24:12.331-04:00","eventName":"n8n.audit.workflow.executed","message":"n8n.audit.workflow.executed","payload":{"workflowId":"4060d0nwMZdXJrUS","workflowName":"alert","executionId":"442","source":"webhook"}}
{"__type":"$$EventMessageConfirm","confirm":"3b285367-14d6-4767-9ef0-bc52ce4b9acb","ts":"2026-07-13T15:24:12.331-04:00","source":{"id":"0","name":"eventBus"}}
{"__type":"$$EventMessageNode","id":"98409740-9fad-4df8-8e87-30055df10f95","ts":"2026-07-13T15:24:12.333-04:00","eventName":"n8n.node.started","message":"n8n.node.started","payload":{"workflowId":"4060d0nwMZdXJrUS","workflowName":"alert","executionId":"442","nodeType":"n8n-nodes-base.webhook","nodeName":"Webhook","nodeId":"45b9a4be-0184-403c-83f3-41cbd14731c8"}}
{"__type":"$$EventMessageConfirm","confirm":"98409740-9fad-4df8-8e87-30055df10f95","ts":"2026-07-13T15:24:12.333-04:00","source":{"id":"0","name":"eventBus"}}
{"__type":"$$EventMessageNode","id":"83e4f6a0-9070-4a9a-bb6b-2734375fe1d7","ts":"2026-07-13T15:24:12.334-04:00","eventName":"n8n.node.finished","message":"n8n.node.finished","payload":{"workflowId":"4060d0nwMZdXJrUS","workflowName":"alert","executionId":"442","nodeType":"n8n-nodes-base.webhook","nodeName":"Webhook","nodeId":"45b9a4be-0184-403c-83f3-41cbd14731c8"}}
{"__type":"$$EventMessageConfirm","confirm":"83e4f6a0-9070-4a9a-bb6b-2734375fe1d7","ts":"2026-07-13T15:24:12.335-04:00","source":{"id":"0","name":"eventBus"}}
{"__type":"$$EventMessageNode","id":"f4957cfa-0f8b-4eaa-9457-247baf4e55d7","ts":"2026-07-13T15:24:12.338-04:00","eventName":"n8n.node.started","message":"n8n.node.started","payload":{"workflowId":"4060d0nwMZdXJrUS","workflowName":"alert","executionId":"442","nodeType":"n8n-nodes-base.code","nodeName":"Code in JavaScript","nodeId":"847e0d93-8488-41ce-97de-68b297df2b47"}}
{"__type":"$$EventMessageConfirm","confirm":"f4957cfa-0f8b-4eaa-9457-247baf4e55d7","ts":"2026-07-13T15:24:12.339-04:00","source":{"id":"0","name":"eventBus"}}
{"__type":"$$EventMessageRunner","id":"2436e659-b8d8-4703-9bb5-d6d8485c8d62","ts":"2026-07-13T15:24:12.344-04:00","eventName":"n8n.runner.task.requested","message":"n8n.runner.task.requested","payload":{"taskId":"E-zmCdru","nodeId":"847e0d93-8488-41ce-97de-68b297df2b47","workflowId":"4060d0nwMZdXJrUS","executionId":"442"}}
{"__type":"$$EventMessageConfirm","confirm":"2436e659-b8d8-4703-9bb5-d6d8485c8d62","ts":"2026-07-13T15:24:12.344-04:00","source":{"id":"0","name":"eventBus"}}
{"__type":"$$EventMessageRunner","id":"e0600e7c-a28f-4eff-a905-56cb61dd030c","ts":"2026-07-13T15:24:12.355-04:00","eventName":"n8n.runner.response.received","message":"n8n.runner.response.received","payload":{"taskId":"E-zmCdru","nodeId":"847e0d93-8488-41ce-97de-68b297df2b47","workflowId":"4060d0nwMZdXJrUS","executionId":"442"}}
{"__type":"$$EventMessageConfirm","confirm":"e0600e7c-a28f-4eff-a905-56cb61dd030c","ts":"2026-07-13T15:24:12.355-04:00","source":{"id":"0","name":"eventBus"}}
{"__type":"$$EventMessageNode","id":"713703bb-eb87-4f2c-8b2c-d2315b1489eb","ts":"2026-07-13T15:24:12.356-04:00","eventName":"n8n.node.finished","message":"n8n.node.finished","payload":{"workflowId":"4060d0nwMZdXJrUS","workflowName":"alert","executionId":"442","nodeType":"n8n-nodes-base.code","nodeName":"Code in JavaScript","nodeId":"847e0d93-8488-41ce-97de-68b297df2b47"}}
{"__type":"$$EventMessageConfirm","confirm":"713703bb-eb87-4f2c-8b2c-d2315b1489eb","ts":"2026-07-13T15:24:12.356-04:00","source":{"id":"0","name":"eventBus"}}
{"__type":"$$EventMessageNode","id":"36dba002-2f87-44a7-878c-66a5654abd34","ts":"2026-07-13T15:24:12.356-04:00","eventName":"n8n.node.started","message":"n8n.node.started","payload":{"workflowId":"4060d0nwMZdXJrUS","workflowName":"alert","executionId":"442","nodeType":"n8n-nodes-base.if","nodeName":"If","nodeId":"a8f0bf21-8151-4783-a4a5-ac8e38d0da13"}}
{"__type":"$$EventMessageConfirm","confirm":"36dba002-2f87-44a7-878c-66a5654abd34","ts":"2026-07-13T15:24:12.356-04:00","source":{"id":"0","name":"eventBus"}}
{"__type":"$$EventMessageNode","id":"985399c0-4db3-45de-b8e0-a0b91927f316","ts":"2026-07-13T15:24:12.360-04:00","eventName":"n8n.node.finished","message":"n8n.node.finished","payload":{"workflowId":"4060d0nwMZdXJrUS","workflowName":"alert","executionId":"442","nodeType":"n8n-nodes-base.if","nodeName":"If","nodeId":"a8f0bf21-8151-4783-a4a5-ac8e38d0da13"}}
{"__type":"$$EventMessageConfirm","confirm":"985399c0-4db3-45de-b8e0-a0b91927f316","ts":"2026-07-13T15:24:12.360-04:00","source":{"id":"0","name":"eventBus"}}
{"__type":"$$EventMessageNode","id":"4970a66e-78e2-4414-ba17-dab71c31c58b","ts":"2026-07-13T15:24:12.360-04:00","eventName":"n8n.node.started","message":"n8n.node.started","payload":{"workflowId":"4060d0nwMZdXJrUS","workflowName":"alert","executionId":"442","nodeType":"n8n-nodes-base.code","nodeName":"Code in JavaScript1","nodeId":"50b098bd-b40a-4c90-b2d4-eb880777eaff"}}
{"__type":"$$EventMessageConfirm","confirm":"4970a66e-78e2-4414-ba17-dab71c31c58b","ts":"2026-07-13T15:24:12.360-04:00","source":{"id":"0","name":"eventBus"}}
{"__type":"$$EventMessageRunner","id":"3233e390-1152-41e6-bbcd-7d4d86203fd4","ts":"2026-07-13T15:24:12.362-04:00","eventName":"n8n.runner.task.requested","message":"n8n.runner.task.requested","payload":{"taskId":"dcLIq-65","nodeId":"50b098bd-b40a-4c90-b2d4-eb880777eaff","workflowId":"4060d0nwMZdXJrUS","executionId":"442"}}
{"__type":"$$EventMessageConfirm","confirm":"3233e390-1152-41e6-bbcd-7d4d86203fd4","ts":"2026-07-13T15:24:12.363-04:00","source":{"id":"0","name":"eventBus"}}
{"__type":"$$EventMessageRunner","id":"899518d5-d7f7-4f78-9d3f-c48868d2b200","ts":"2026-07-13T15:24:12.376-04:00","eventName":"n8n.runner.response.received","message":"n8n.runner.response.received","payload":{"taskId":"dcLIq-65","nodeId":"50b098bd-b40a-4c90-b2d4-eb880777eaff","workflowId":"4060d0nwMZdXJrUS","executionId":"442"}}
{"__type":"$$EventMessageConfirm","confirm":"899518d5-d7f7-4f78-9d3f-c48868d2b200","ts":"2026-07-13T15:24:12.378-04:00","source":{"id":"0","name":"eventBus"}}
{"__type":"$$EventMessageNode","id":"ee30c215-26e7-4425-a820-3648b30c351f","ts":"2026-07-13T15:24:12.378-04:00","eventName":"n8n.node.finished","message":"n8n.node.finished","payload":{"workflowId":"4060d0nwMZdXJrUS","workflowName":"alert","executionId":"442","nodeType":"n8n-nodes-base.code","nodeName":"Code in JavaScript1","nodeId":"50b098bd-b40a-4c90-b2d4-eb880777eaff"}}
{"__type":"$$EventMessageConfirm","confirm":"ee30c215-26e7-4425-a820-3648b30c351f","ts":"2026-07-13T15:24:12.379-04:00","source":{"id":"0","name":"eventBus"}}
{"__type":"$$EventMessageWorkflow","id":"99553241-480d-4aa1-a6d1-4fc5d3dba910","ts":"2026-07-13T15:24:12.379-04:00","eventName":"n8n.workflow.success","message":"n8n.workflow.success","payload":{"executionId":"442","success":true,"isManual":false,"mode":"webhook","workflowId":"4060d0nwMZdXJrUS","workflowName":"alert"}}
{"__type":"$$EventMessageConfirm","confirm":"99553241-480d-4aa1-a6d1-4fc5d3dba910","ts":"2026-07-13T15:24:12.379-04:00","source":{"id":"0","name":"eventBus"}}
{"__type":"$$EventMessageWorkflow","id":"f42212b7-a747-48c9-ba6f-f1ba53a899b6","ts":"2026-07-13T15:25:46.626-04:00","eventName":"n8n.workflow.started","message":"n8n.workflow.started","payload":{"executionId":"443","workflowId":"5VBKbuuujEvgdIGs","isManual":false,"mode":"webhook","workflowName":"power"}}
{"__type":"$$EventMessageConfirm","confirm":"f42212b7-a747-48c9-ba6f-f1ba53a899b6","ts":"2026-07-13T15:25:46.626-04:00","source":{"id":"0","name":"eventBus"}}
{"__type":"$$EventMessageAudit","id":"b1deec8f-0883-4f79-95c8-01987683fc0f","ts":"2026-07-13T15:25:46.627-04:00","eventName":"n8n.audit.workflow.executed","message":"n8n.audit.workflow.executed","payload":{"workflowId":"5VBKbuuujEvgdIGs","workflowName":"power","executionId":"443","source":"webhook"}}
{"__type":"$$EventMessageConfirm","confirm":"b1deec8f-0883-4f79-95c8-01987683fc0f","ts":"2026-07-13T15:25:46.627-04:00","source":{"id":"0","name":"eventBus"}}
{"__type":"$$EventMessageNode","id":"4f69fe2d-1ccf-4246-9fee-e56ea77985f4","ts":"2026-07-13T15:25:46.629-04:00","eventName":"n8n.node.started","message":"n8n.node.started","payload":{"workflowId":"5VBKbuuujEvgdIGs","workflowName":"power","executionId":"443","nodeType":"n8n-nodes-base.webhook","nodeName":"Webhook","nodeId":"d2f68568-3d63-4615-8950-d51b3313419d"}}
{"__type":"$$EventMessageConfirm","confirm":"4f69fe2d-1ccf-4246-9fee-e56ea77985f4","ts":"2026-07-13T15:25:46.629-04:00","source":{"id":"0","name":"eventBus"}}
{"__type":"$$EventMessageNode","id":"64938cb8-3b32-4a2f-aa6a-583c42787c1e","ts":"2026-07-13T15:25:46.630-04:00","eventName":"n8n.node.finished","message":"n8n.node.finished","payload":{"workflowId":"5VBKbuuujEvgdIGs","workflowName":"power","executionId":"443","nodeType":"n8n-nodes-base.webhook","nodeName":"Webhook","nodeId":"d2f68568-3d63-4615-8950-d51b3313419d"}}
{"__type":"$$EventMessageConfirm","confirm":"64938cb8-3b32-4a2f-aa6a-583c42787c1e","ts":"2026-07-13T15:25:46.630-04:00","source":{"id":"0","name":"eventBus"}}
{"__type":"$$EventMessageNode","id":"1ab2fdf8-988b-4b03-b462-e1c5e22febef","ts":"2026-07-13T15:25:46.633-04:00","eventName":"n8n.node.started","message":"n8n.node.started","payload":{"workflowId":"5VBKbuuujEvgdIGs","workflowName":"power","executionId":"443","nodeType":"n8n-nodes-base.code","nodeName":"Code in JavaScript","nodeId":"60178211-232e-4f7a-8bd9-97a66e5b9ec0"}}
{"__type":"$$EventMessageConfirm","confirm":"1ab2fdf8-988b-4b03-b462-e1c5e22febef","ts":"2026-07-13T15:25:46.633-04:00","source":{"id":"0","name":"eventBus"}}
{"__type":"$$EventMessageRunner","id":"3801f4a1-c3e5-40b4-bba0-7ba907114b1d","ts":"2026-07-13T15:25:46.646-04:00","eventName":"n8n.runner.task.requested","message":"n8n.runner.task.requested","payload":{"taskId":"Gol97MaK","nodeId":"60178211-232e-4f7a-8bd9-97a66e5b9ec0","workflowId":"5VBKbuuujEvgdIGs","executionId":"443"}}
{"__type":"$$EventMessageConfirm","confirm":"3801f4a1-c3e5-40b4-bba0-7ba907114b1d","ts":"2026-07-13T15:25:46.652-04:00","source":{"id":"0","name":"eventBus"}}
{"__type":"$$EventMessageRunner","id":"69c19d25-0a07-4fa3-a722-e152acbdff0d","ts":"2026-07-13T15:25:46.694-04:00","eventName":"n8n.runner.response.received","message":"n8n.runner.response.received","payload":{"taskId":"Gol97MaK","nodeId":"60178211-232e-4f7a-8bd9-97a66e5b9ec0","workflowId":"5VBKbuuujEvgdIGs","executionId":"443"}}
{"__type":"$$EventMessageConfirm","confirm":"69c19d25-0a07-4fa3-a722-e152acbdff0d","ts":"2026-07-13T15:25:46.695-04:00","source":{"id":"0","name":"eventBus"}}
{"__type":"$$EventMessageNode","id":"6661b623-efa2-4016-8404-502d1cea8fc3","ts":"2026-07-13T15:25:46.695-04:00","eventName":"n8n.node.finished","message":"n8n.node.finished","payload":{"workflowId":"5VBKbuuujEvgdIGs","workflowName":"power","executionId":"443","nodeType":"n8n-nodes-base.code","nodeName":"Code in JavaScript","nodeId":"60178211-232e-4f7a-8bd9-97a66e5b9ec0"}}
{"__type":"$$EventMessageConfirm","confirm":"6661b623-efa2-4016-8404-502d1cea8fc3","ts":"2026-07-13T15:25:46.696-04:00","source":{"id":"0","name":"eventBus"}}
{"__type":"$$EventMessageNode","id":"d75220c1-e9eb-4ad3-b4b0-abc333ce1c95","ts":"2026-07-13T15:25:46.697-04:00","eventName":"n8n.node.started","message":"n8n.node.started","payload":{"workflowId":"5VBKbuuujEvgdIGs","workflowName":"power","executionId":"443","nodeType":"n8n-nodes-base.code","nodeName":"Code in JavaScript1","nodeId":"21ac27dd-d85f-45cb-b48f-eb6a3465a56b"}}
{"__type":"$$EventMessageConfirm","confirm":"d75220c1-e9eb-4ad3-b4b0-abc333ce1c95","ts":"2026-07-13T15:25:46.697-04:00","source":{"id":"0","name":"eventBus"}}
{"__type":"$$EventMessageRunner","id":"4aa4b069-266a-4c0a-be49-7bff8f8c8c2a","ts":"2026-07-13T15:25:46.702-04:00","eventName":"n8n.runner.task.requested","message":"n8n.runner.task.requested","payload":{"taskId":"YgGDyHaD","nodeId":"21ac27dd-d85f-45cb-b48f-eb6a3465a56b","workflowId":"5VBKbuuujEvgdIGs","executionId":"443"}}
{"__type":"$$EventMessageConfirm","confirm":"4aa4b069-266a-4c0a-be49-7bff8f8c8c2a","ts":"2026-07-13T15:25:46.702-04:00","source":{"id":"0","name":"eventBus"}}
{"__type":"$$EventMessageRunner","id":"9473b881-a9ca-4188-b19b-7a76cc4eb9ee","ts":"2026-07-13T15:25:46.719-04:00","eventName":"n8n.runner.response.received","message":"n8n.runner.response.received","payload":{"taskId":"YgGDyHaD","nodeId":"21ac27dd-d85f-45cb-b48f-eb6a3465a56b","workflowId":"5VBKbuuujEvgdIGs","executionId":"443"}}
{"__type":"$$EventMessageConfirm","confirm":"9473b881-a9ca-4188-b19b-7a76cc4eb9ee","ts":"2026-07-13T15:25:46.720-04:00","source":{"id":"0","name":"eventBus"}}
{"__type":"$$EventMessageNode","id":"4fe29dcf-0c39-4da8-a2b2-cebc9fea360a","ts":"2026-07-13T15:25:46.721-04:00","eventName":"n8n.node.finished","message":"n8n.node.finished","payload":{"workflowId":"5VBKbuuujEvgdIGs","workflowName":"power","executionId":"443","nodeType":"n8n-nodes-base.code","nodeName":"Code in JavaScript1","nodeId":"21ac27dd-d85f-45cb-b48f-eb6a3465a56b"}}
{"__type":"$$EventMessageConfirm","confirm":"4fe29dcf-0c39-4da8-a2b2-cebc9fea360a","ts":"2026-07-13T15:25:46.721-04:00","source":{"id":"0","name":"eventBus"}}
{"__type":"$$EventMessageWorkflow","id":"45263260-14e5-4d47-9184-13a83a75c4f5","ts":"2026-07-13T15:25:46.722-04:00","eventName":"n8n.workflow.success","message":"n8n.workflow.success","payload":{"executionId":"443","success":true,"isManual":false,"mode":"webhook","workflowId":"5VBKbuuujEvgdIGs","workflowName":"power"}}
{"__type":"$$EventMessageConfirm","confirm":"45263260-14e5-4d47-9184-13a83a75c4f5","ts":"2026-07-13T15:25:46.722-04:00","source":{"id":"0","name":"eventBus"}}
{"__type":"$$EventMessageWorkflow","id":"d8f41b71-f823-499d-88e6-168149da7648","ts":"2026-07-13T15:25:46.856-04:00","eventName":"n8n.workflow.started","message":"n8n.workflow.started","payload":{"executionId":"444","workflowId":"HyiO9yqvE2q5kmov","isManual":false,"mode":"webhook","workflowName":"hvac"}}
{"__type":"$$EventMessageConfirm","confirm":"d8f41b71-f823-499d-88e6-168149da7648","ts":"2026-07-13T15:25:46.857-04:00","source":{"id":"0","name":"eventBus"}}
{"__type":"$$EventMessageAudit","id":"eff3442e-fd5a-4938-8b2b-4c74f1d9eed8","ts":"2026-07-13T15:25:46.858-04:00","eventName":"n8n.audit.workflow.executed","message":"n8n.audit.workflow.executed","payload":{"workflowId":"HyiO9yqvE2q5kmov","workflowName":"hvac","executionId":"444","source":"webhook"}}
{"__type":"$$EventMessageConfirm","confirm":"eff3442e-fd5a-4938-8b2b-4c74f1d9eed8","ts":"2026-07-13T15:25:46.858-04:00","source":{"id":"0","name":"eventBus"}}
{"__type":"$$EventMessageNode","id":"82e5190d-5c07-42af-b3aa-aea29a1d672f","ts":"2026-07-13T15:25:46.869-04:00","eventName":"n8n.node.started","message":"n8n.node.started","payload":{"workflowId":"HyiO9yqvE2q5kmov","workflowName":"hvac","executionId":"444","nodeType":"n8n-nodes-base.webhook","nodeName":"Webhook","nodeId":"21c4bb7e-a362-421b-819b-e396631df92a"}}
{"__type":"$$EventMessageConfirm","confirm":"82e5190d-5c07-42af-b3aa-aea29a1d672f","ts":"2026-07-13T15:25:46.869-04:00","source":{"id":"0","name":"eventBus"}}
{"__type":"$$EventMessageNode","id":"6db62298-f272-4a0c-9fcd-7ee2be7e6b8a","ts":"2026-07-13T15:25:46.870-04:00","eventName":"n8n.node.finished","message":"n8n.node.finished","payload":{"workflowId":"HyiO9yqvE2q5kmov","workflowName":"hvac","executionId":"444","nodeType":"n8n-nodes-base.webhook","nodeName":"Webhook","nodeId":"21c4bb7e-a362-421b-819b-e396631df92a"}}
{"__type":"$$EventMessageConfirm","confirm":"6db62298-f272-4a0c-9fcd-7ee2be7e6b8a","ts":"2026-07-13T15:25:46.870-04:00","source":{"id":"0","name":"eventBus"}}
{"__type":"$$EventMessageNode","id":"0cb07189-917e-43e7-956c-ca5807ef2e56","ts":"2026-07-13T15:25:46.870-04:00","eventName":"n8n.node.started","message":"n8n.node.started","payload":{"workflowId":"HyiO9yqvE2q5kmov","workflowName":"hvac","executionId":"444","nodeType":"n8n-nodes-base.code","nodeName":"Code in JavaScript","nodeId":"7f58ebee-2d23-411d-b5ed-d749b73e6774"}}
{"__type":"$$EventMessageConfirm","confirm":"0cb07189-917e-43e7-956c-ca5807ef2e56","ts":"2026-07-13T15:25:46.871-04:00","source":{"id":"0","name":"eventBus"}}
{"__type":"$$EventMessageRunner","id":"5047549b-441f-41ef-b0cb-f6f86f4fd00b","ts":"2026-07-13T15:25:46.873-04:00","eventName":"n8n.runner.task.requested","message":"n8n.runner.task.requested","payload":{"taskId":"hYjz96X1","nodeId":"7f58ebee-2d23-411d-b5ed-d749b73e6774","workflowId":"HyiO9yqvE2q5kmov","executionId":"444"}}
{"__type":"$$EventMessageConfirm","confirm":"5047549b-441f-41ef-b0cb-f6f86f4fd00b","ts":"2026-07-13T15:25:46.873-04:00","source":{"id":"0","name":"eventBus"}}
{"__type":"$$EventMessageRunner","id":"5a79814b-651f-4113-8b41-2da95971c074","ts":"2026-07-13T15:25:46.887-04:00","eventName":"n8n.runner.response.received","message":"n8n.runner.response.received","payload":{"taskId":"hYjz96X1","nodeId":"7f58ebee-2d23-411d-b5ed-d749b73e6774","workflowId":"HyiO9yqvE2q5kmov","executionId":"444"}}
{"__type":"$$EventMessageConfirm","confirm":"5a79814b-651f-4113-8b41-2da95971c074","ts":"2026-07-13T15:25:46.887-04:00","source":{"id":"0","name":"eventBus"}}
{"__type":"$$EventMessageNode","id":"57f70bc3-56d5-4c9d-b86a-5f242997f127","ts":"2026-07-13T15:25:46.887-04:00","eventName":"n8n.node.finished","message":"n8n.node.finished","payload":{"workflowId":"HyiO9yqvE2q5kmov","workflowName":"hvac","executionId":"444","nodeType":"n8n-nodes-base.code","nodeName":"Code in JavaScript","nodeId":"7f58ebee-2d23-411d-b5ed-d749b73e6774"}}
{"__type":"$$EventMessageConfirm","confirm":"57f70bc3-56d5-4c9d-b86a-5f242997f127","ts":"2026-07-13T15:25:46.888-04:00","source":{"id":"0","name":"eventBus"}}
{"__type":"$$EventMessageNode","id":"57b669cd-fdb4-4e9f-a01b-749d47e44b7a","ts":"2026-07-13T15:25:46.888-04:00","eventName":"n8n.node.started","message":"n8n.node.started","payload":{"workflowId":"HyiO9yqvE2q5kmov","workflowName":"hvac","executionId":"444","nodeType":"n8n-nodes-base.code","nodeName":"Code in JavaScript1","nodeId":"60f93297-09f2-4aac-9a87-0874737aa293"}}
{"__type":"$$EventMessageConfirm","confirm":"57b669cd-fdb4-4e9f-a01b-749d47e44b7a","ts":"2026-07-13T15:25:46.888-04:00","source":{"id":"0","name":"eventBus"}}
{"__type":"$$EventMessageRunner","id":"e936acba-86a1-4431-9024-56ceea003406","ts":"2026-07-13T15:25:46.891-04:00","eventName":"n8n.runner.task.requested","message":"n8n.runner.task.requested","payload":{"taskId":"pj_yhlnq","nodeId":"60f93297-09f2-4aac-9a87-0874737aa293","workflowId":"HyiO9yqvE2q5kmov","executionId":"444"}}
{"__type":"$$EventMessageConfirm","confirm":"e936acba-86a1-4431-9024-56ceea003406","ts":"2026-07-13T15:25:46.891-04:00","source":{"id":"0","name":"eventBus"}}
{"__type":"$$EventMessageRunner","id":"bd1cc1cd-3f06-410f-ae4f-1bad946da494","ts":"2026-07-13T15:25:46.920-04:00","eventName":"n8n.runner.response.received","message":"n8n.runner.response.received","payload":{"taskId":"pj_yhlnq","nodeId":"60f93297-09f2-4aac-9a87-0874737aa293","workflowId":"HyiO9yqvE2q5kmov","executionId":"444"}}
{"__type":"$$EventMessageConfirm","confirm":"bd1cc1cd-3f06-410f-ae4f-1bad946da494","ts":"2026-07-13T15:25:46.920-04:00","source":{"id":"0","name":"eventBus"}}
{"__type":"$$EventMessageNode","id":"da27fb7e-6dee-49d4-b5a3-d89607dd50a7","ts":"2026-07-13T15:25:46.922-04:00","eventName":"n8n.node.finished","message":"n8n.node.finished","payload":{"workflowId":"HyiO9yqvE2q5kmov","workflowName":"hvac","executionId":"444","nodeType":"n8n-nodes-base.code","nodeName":"Code in JavaScript1","nodeId":"60f93297-09f2-4aac-9a87-0874737aa293"}}
{"__type":"$$EventMessageConfirm","confirm":"da27fb7e-6dee-49d4-b5a3-d89607dd50a7","ts":"2026-07-13T15:25:46.922-04:00","source":{"id":"0","name":"eventBus"}}
{"__type":"$$EventMessageWorkflow","id":"dd5927e9-6944-4450-ac9b-2fb36679a375","ts":"2026-07-13T15:25:46.923-04:00","eventName":"n8n.workflow.success","message":"n8n.workflow.success","payload":{"executionId":"444","success":true,"isManual":false,"mode":"webhook","workflowId":"HyiO9yqvE2q5kmov","workflowName":"hvac"}}
{"__type":"$$EventMessageConfirm","confirm":"dd5927e9-6944-4450-ac9b-2fb36679a375","ts":"2026-07-13T15:25:46.923-04:00","source":{"id":"0","name":"eventBus"}}
{"__type":"$$EventMessageWorkflow","id":"2640b8cc-958c-444e-aa82-2fb93a7f091f","ts":"2026-07-13T15:25:47.093-04:00","eventName":"n8n.workflow.started","message":"n8n.workflow.started","payload":{"executionId":"445","workflowId":"4060d0nwMZdXJrUS","isManual":false,"mode":"webhook","workflowName":"alert"}}
{"__type":"$$EventMessageConfirm","confirm":"2640b8cc-958c-444e-aa82-2fb93a7f091f","ts":"2026-07-13T15:25:47.093-04:00","source":{"id":"0","name":"eventBus"}}
{"__type":"$$EventMessageAudit","id":"a33f21de-4d28-4441-85a7-2302308134c2","ts":"2026-07-13T15:25:47.095-04:00","eventName":"n8n.audit.workflow.executed","message":"n8n.audit.workflow.executed","payload":{"workflowId":"4060d0nwMZdXJrUS","workflowName":"alert","executionId":"445","source":"webhook"}}
{"__type":"$$EventMessageConfirm","confirm":"a33f21de-4d28-4441-85a7-2302308134c2","ts":"2026-07-13T15:25:47.096-04:00","source":{"id":"0","name":"eventBus"}}
{"__type":"$$EventMessageNode","id":"fe036c52-fefb-4c8b-957a-62ecc9b7e065","ts":"2026-07-13T15:25:47.105-04:00","eventName":"n8n.node.started","message":"n8n.node.started","payload":{"workflowId":"4060d0nwMZdXJrUS","workflowName":"alert","executionId":"445","nodeType":"n8n-nodes-base.webhook","nodeName":"Webhook","nodeId":"45b9a4be-0184-403c-83f3-41cbd14731c8"}}
{"__type":"$$EventMessageConfirm","confirm":"fe036c52-fefb-4c8b-957a-62ecc9b7e065","ts":"2026-07-13T15:25:47.105-04:00","source":{"id":"0","name":"eventBus"}}
{"__type":"$$EventMessageNode","id":"e4dd5ba7-c57a-4613-8aa6-b2d4be73b530","ts":"2026-07-13T15:25:47.105-04:00","eventName":"n8n.node.finished","message":"n8n.node.finished","payload":{"workflowId":"4060d0nwMZdXJrUS","workflowName":"alert","executionId":"445","nodeType":"n8n-nodes-base.webhook","nodeName":"Webhook","nodeId":"45b9a4be-0184-403c-83f3-41cbd14731c8"}}
{"__type":"$$EventMessageConfirm","confirm":"e4dd5ba7-c57a-4613-8aa6-b2d4be73b530","ts":"2026-07-13T15:25:47.105-04:00","source":{"id":"0","name":"eventBus"}}
{"__type":"$$EventMessageNode","id":"672eb094-3d29-417e-9d9f-f64a87de6c7c","ts":"2026-07-13T15:25:47.106-04:00","eventName":"n8n.node.started","message":"n8n.node.started","payload":{"workflowId":"4060d0nwMZdXJrUS","workflowName":"alert","executionId":"445","nodeType":"n8n-nodes-base.code","nodeName":"Code in JavaScript","nodeId":"847e0d93-8488-41ce-97de-68b297df2b47"}}
{"__type":"$$EventMessageConfirm","confirm":"672eb094-3d29-417e-9d9f-f64a87de6c7c","ts":"2026-07-13T15:25:47.106-04:00","source":{"id":"0","name":"eventBus"}}
{"__type":"$$EventMessageRunner","id":"86c6bbaf-65c7-4bd6-9258-3cce0a78e36a","ts":"2026-07-13T15:25:47.108-04:00","eventName":"n8n.runner.task.requested","message":"n8n.runner.task.requested","payload":{"taskId":"QPZh-0pF","nodeId":"847e0d93-8488-41ce-97de-68b297df2b47","workflowId":"4060d0nwMZdXJrUS","executionId":"445"}}
{"__type":"$$EventMessageConfirm","confirm":"86c6bbaf-65c7-4bd6-9258-3cce0a78e36a","ts":"2026-07-13T15:25:47.108-04:00","source":{"id":"0","name":"eventBus"}}
{"__type":"$$EventMessageRunner","id":"736f192e-2a19-4b11-8885-4ac5e793426f","ts":"2026-07-13T15:25:47.128-04:00","eventName":"n8n.runner.response.received","message":"n8n.runner.response.received","payload":{"taskId":"QPZh-0pF","nodeId":"847e0d93-8488-41ce-97de-68b297df2b47","workflowId":"4060d0nwMZdXJrUS","executionId":"445"}}
{"__type":"$$EventMessageConfirm","confirm":"736f192e-2a19-4b11-8885-4ac5e793426f","ts":"2026-07-13T15:25:47.128-04:00","source":{"id":"0","name":"eventBus"}}
{"__type":"$$EventMessageNode","id":"a47bc7b8-2a16-48bb-ad3c-4aea77516031","ts":"2026-07-13T15:25:47.129-04:00","eventName":"n8n.node.finished","message":"n8n.node.finished","payload":{"workflowId":"4060d0nwMZdXJrUS","workflowName":"alert","executionId":"445","nodeType":"n8n-nodes-base.code","nodeName":"Code in JavaScript","nodeId":"847e0d93-8488-41ce-97de-68b297df2b47"}}
{"__type":"$$EventMessageConfirm","confirm":"a47bc7b8-2a16-48bb-ad3c-4aea77516031","ts":"2026-07-13T15:25:47.129-04:00","source":{"id":"0","name":"eventBus"}}
{"__type":"$$EventMessageNode","id":"eda9e4c7-6364-4721-bdbe-83435b71c51f","ts":"2026-07-13T15:25:47.129-04:00","eventName":"n8n.node.started","message":"n8n.node.started","payload":{"workflowId":"4060d0nwMZdXJrUS","workflowName":"alert","executionId":"445","nodeType":"n8n-nodes-base.if","nodeName":"If","nodeId":"a8f0bf21-8151-4783-a4a5-ac8e38d0da13"}}
{"__type":"$$EventMessageConfirm","confirm":"eda9e4c7-6364-4721-bdbe-83435b71c51f","ts":"2026-07-13T15:25:47.129-04:00","source":{"id":"0","name":"eventBus"}}
{"__type":"$$EventMessageNode","id":"729bd20b-fada-4d5b-a713-7704b8eba101","ts":"2026-07-13T15:25:47.132-04:00","eventName":"n8n.node.finished","message":"n8n.node.finished","payload":{"workflowId":"4060d0nwMZdXJrUS","workflowName":"alert","executionId":"445","nodeType":"n8n-nodes-base.if","nodeName":"If","nodeId":"a8f0bf21-8151-4783-a4a5-ac8e38d0da13"}}
{"__type":"$$EventMessageConfirm","confirm":"729bd20b-fada-4d5b-a713-7704b8eba101","ts":"2026-07-13T15:25:47.132-04:00","source":{"id":"0","name":"eventBus"}}
{"__type":"$$EventMessageNode","id":"d1696bad-5a11-4f04-a4a8-a81eef56a4e4","ts":"2026-07-13T15:25:47.132-04:00","eventName":"n8n.node.started","message":"n8n.node.started","payload":{"workflowId":"4060d0nwMZdXJrUS","workflowName":"alert","executionId":"445","nodeType":"n8n-nodes-base.code","nodeName":"Code in JavaScript1","nodeId":"50b098bd-b40a-4c90-b2d4-eb880777eaff"}}
{"__type":"$$EventMessageConfirm","confirm":"d1696bad-5a11-4f04-a4a8-a81eef56a4e4","ts":"2026-07-13T15:25:47.132-04:00","source":{"id":"0","name":"eventBus"}}
{"__type":"$$EventMessageRunner","id":"e4028ca9-7c14-4c19-a7b6-64f895cd29a8","ts":"2026-07-13T15:25:47.141-04:00","eventName":"n8n.runner.task.requested","message":"n8n.runner.task.requested","payload":{"taskId":"4csJ-9cp","nodeId":"50b098bd-b40a-4c90-b2d4-eb880777eaff","workflowId":"4060d0nwMZdXJrUS","executionId":"445"}}
{"__type":"$$EventMessageConfirm","confirm":"e4028ca9-7c14-4c19-a7b6-64f895cd29a8","ts":"2026-07-13T15:25:47.141-04:00","source":{"id":"0","name":"eventBus"}}
{"__type":"$$EventMessageRunner","id":"0a2f7bc0-0679-46f6-bce3-ce3df576c66c","ts":"2026-07-13T15:25:47.155-04:00","eventName":"n8n.runner.response.received","message":"n8n.runner.response.received","payload":{"taskId":"4csJ-9cp","nodeId":"50b098bd-b40a-4c90-b2d4-eb880777eaff","workflowId":"4060d0nwMZdXJrUS","executionId":"445"}}
{"__type":"$$EventMessageConfirm","confirm":"0a2f7bc0-0679-46f6-bce3-ce3df576c66c","ts":"2026-07-13T15:25:47.156-04:00","source":{"id":"0","name":"eventBus"}}
{"__type":"$$EventMessageNode","id":"db581e91-44eb-4717-b543-a3b4d2334c17","ts":"2026-07-13T15:25:47.156-04:00","eventName":"n8n.node.finished","message":"n8n.node.finished","payload":{"workflowId":"4060d0nwMZdXJrUS","workflowName":"alert","executionId":"445","nodeType":"n8n-nodes-base.code","nodeName":"Code in JavaScript1","nodeId":"50b098bd-b40a-4c90-b2d4-eb880777eaff"}}
{"__type":"$$EventMessageConfirm","confirm":"db581e91-44eb-4717-b543-a3b4d2334c17","ts":"2026-07-13T15:25:47.156-04:00","source":{"id":"0","name":"eventBus"}}
{"__type":"$$EventMessageWorkflow","id":"38b685d9-16a3-40c7-8e32-6561e80cb0a8","ts":"2026-07-13T15:25:47.157-04:00","eventName":"n8n.workflow.success","message":"n8n.workflow.success","payload":{"executionId":"445","success":true,"isManual":false,"mode":"webhook","workflowId":"4060d0nwMZdXJrUS","workflowName":"alert"}}
{"__type":"$$EventMessageConfirm","confirm":"38b685d9-16a3-40c7-8e32-6561e80cb0a8","ts":"2026-07-13T15:25:47.157-04:00","source":{"id":"0","name":"eventBus"}}
{"__type":"$$EventMessageWorkflow","id":"3b94aebb-024c-4a9d-9c1e-2aa0d4a6b176","ts":"2026-07-13T15:27:00.596-04:00","eventName":"n8n.workflow.started","message":"n8n.workflow.started","payload":{"executionId":"446","workflowId":"5VBKbuuujEvgdIGs","isManual":false,"mode":"webhook","workflowName":"power"}}
{"__type":"$$EventMessageConfirm","confirm":"3b94aebb-024c-4a9d-9c1e-2aa0d4a6b176","ts":"2026-07-13T15:27:00.596-04:00","source":{"id":"0","name":"eventBus"}}
{"__type":"$$EventMessageAudit","id":"1fa74985-870d-4922-839a-e77b3014b3e2","ts":"2026-07-13T15:27:00.597-04:00","eventName":"n8n.audit.workflow.executed","message":"n8n.audit.workflow.executed","payload":{"workflowId":"5VBKbuuujEvgdIGs","workflowName":"power","executionId":"446","source":"webhook"}}
{"__type":"$$EventMessageConfirm","confirm":"1fa74985-870d-4922-839a-e77b3014b3e2","ts":"2026-07-13T15:27:00.598-04:00","source":{"id":"0","name":"eventBus"}}
{"__type":"$$EventMessageNode","id":"a387fb70-e4f4-4923-a00d-b27b0b62f848","ts":"2026-07-13T15:27:00.601-04:00","eventName":"n8n.node.started","message":"n8n.node.started","payload":{"workflowId":"5VBKbuuujEvgdIGs","workflowName":"power","executionId":"446","nodeType":"n8n-nodes-base.webhook","nodeName":"Webhook","nodeId":"d2f68568-3d63-4615-8950-d51b3313419d"}}
{"__type":"$$EventMessageConfirm","confirm":"a387fb70-e4f4-4923-a00d-b27b0b62f848","ts":"2026-07-13T15:27:00.602-04:00","source":{"id":"0","name":"eventBus"}}
{"__type":"$$EventMessageNode","id":"3042ac23-04ac-4a25-a504-0531e3c027d5","ts":"2026-07-13T15:27:00.603-04:00","eventName":"n8n.node.finished","message":"n8n.node.finished","payload":{"workflowId":"5VBKbuuujEvgdIGs","workflowName":"power","executionId":"446","nodeType":"n8n-nodes-base.webhook","nodeName":"Webhook","nodeId":"d2f68568-3d63-4615-8950-d51b3313419d"}}
{"__type":"$$EventMessageConfirm","confirm":"3042ac23-04ac-4a25-a504-0531e3c027d5","ts":"2026-07-13T15:27:00.603-04:00","source":{"id":"0","name":"eventBus"}}
{"__type":"$$EventMessageNode","id":"f156aad1-2cb9-4b9b-bb88-51c3651b893d","ts":"2026-07-13T15:27:00.603-04:00","eventName":"n8n.node.started","message":"n8n.node.started","payload":{"workflowId":"5VBKbuuujEvgdIGs","workflowName":"power","executionId":"446","nodeType":"n8n-nodes-base.code","nodeName":"Code in JavaScript","nodeId":"60178211-232e-4f7a-8bd9-97a66e5b9ec0"}}
{"__type":"$$EventMessageConfirm","confirm":"f156aad1-2cb9-4b9b-bb88-51c3651b893d","ts":"2026-07-13T15:27:00.603-04:00","source":{"id":"0","name":"eventBus"}}
{"__type":"$$EventMessageRunner","id":"82cc75e7-44dc-4546-8b41-ea300e9c1511","ts":"2026-07-13T15:27:00.606-04:00","eventName":"n8n.runner.task.requested","message":"n8n.runner.task.requested","payload":{"taskId":"FxqZWqEi","nodeId":"60178211-232e-4f7a-8bd9-97a66e5b9ec0","workflowId":"5VBKbuuujEvgdIGs","executionId":"446"}}
{"__type":"$$EventMessageConfirm","confirm":"82cc75e7-44dc-4546-8b41-ea300e9c1511","ts":"2026-07-13T15:27:00.606-04:00","source":{"id":"0","name":"eventBus"}}
{"__type":"$$EventMessageRunner","id":"5077c9f2-bb3e-4954-a180-43fa47dec6c5","ts":"2026-07-13T15:27:00.621-04:00","eventName":"n8n.runner.response.received","message":"n8n.runner.response.received","payload":{"taskId":"FxqZWqEi","nodeId":"60178211-232e-4f7a-8bd9-97a66e5b9ec0","workflowId":"5VBKbuuujEvgdIGs","executionId":"446"}}
{"__type":"$$EventMessageConfirm","confirm":"5077c9f2-bb3e-4954-a180-43fa47dec6c5","ts":"2026-07-13T15:27:00.622-04:00","source":{"id":"0","name":"eventBus"}}
{"__type":"$$EventMessageNode","id":"c7ae6da1-ea3a-40ae-80db-2c874a21ecf1","ts":"2026-07-13T15:27:00.623-04:00","eventName":"n8n.node.finished","message":"n8n.node.finished","payload":{"workflowId":"5VBKbuuujEvgdIGs","workflowName":"power","executionId":"446","nodeType":"n8n-nodes-base.code","nodeName":"Code in JavaScript","nodeId":"60178211-232e-4f7a-8bd9-97a66e5b9ec0"}}
{"__type":"$$EventMessageConfirm","confirm":"c7ae6da1-ea3a-40ae-80db-2c874a21ecf1","ts":"2026-07-13T15:27:00.623-04:00","source":{"id":"0","name":"eventBus"}}
{"__type":"$$EventMessageNode","id":"08d9d9d3-5e38-4ed5-acbe-1352208304f3","ts":"2026-07-13T15:27:00.623-04:00","eventName":"n8n.node.started","message":"n8n.node.started","payload":{"workflowId":"5VBKbuuujEvgdIGs","workflowName":"power","executionId":"446","nodeType":"n8n-nodes-base.code","nodeName":"Code in JavaScript1","nodeId":"21ac27dd-d85f-45cb-b48f-eb6a3465a56b"}}
{"__type":"$$EventMessageConfirm","confirm":"08d9d9d3-5e38-4ed5-acbe-1352208304f3","ts":"2026-07-13T15:27:00.624-04:00","source":{"id":"0","name":"eventBus"}}
{"__type":"$$EventMessageRunner","id":"7b34dc91-5172-4c82-97a6-e7c3ea9dfa02","ts":"2026-07-13T15:27:00.628-04:00","eventName":"n8n.runner.task.requested","message":"n8n.runner.task.requested","payload":{"taskId":"GDSDTGis","nodeId":"21ac27dd-d85f-45cb-b48f-eb6a3465a56b","workflowId":"5VBKbuuujEvgdIGs","executionId":"446"}}
{"__type":"$$EventMessageConfirm","confirm":"7b34dc91-5172-4c82-97a6-e7c3ea9dfa02","ts":"2026-07-13T15:27:00.628-04:00","source":{"id":"0","name":"eventBus"}}
{"__type":"$$EventMessageRunner","id":"c6e37305-710a-4491-af3b-9c837cae035c","ts":"2026-07-13T15:27:00.644-04:00","eventName":"n8n.runner.response.received","message":"n8n.runner.response.received","payload":{"taskId":"GDSDTGis","nodeId":"21ac27dd-d85f-45cb-b48f-eb6a3465a56b","workflowId":"5VBKbuuujEvgdIGs","executionId":"446"}}
{"__type":"$$EventMessageConfirm","confirm":"c6e37305-710a-4491-af3b-9c837cae035c","ts":"2026-07-13T15:27:00.645-04:00","source":{"id":"0","name":"eventBus"}}
{"__type":"$$EventMessageNode","id":"8d963443-d4d9-4cc5-bdd8-7a5f8efa7183","ts":"2026-07-13T15:27:00.646-04:00","eventName":"n8n.node.finished","message":"n8n.node.finished","payload":{"workflowId":"5VBKbuuujEvgdIGs","workflowName":"power","executionId":"446","nodeType":"n8n-nodes-base.code","nodeName":"Code in JavaScript1","nodeId":"21ac27dd-d85f-45cb-b48f-eb6a3465a56b"}}
{"__type":"$$EventMessageConfirm","confirm":"8d963443-d4d9-4cc5-bdd8-7a5f8efa7183","ts":"2026-07-13T15:27:00.647-04:00","source":{"id":"0","name":"eventBus"}}
{"__type":"$$EventMessageWorkflow","id":"4202c4f5-2ba5-4bd5-aa6a-08e0936898c2","ts":"2026-07-13T15:27:00.648-04:00","eventName":"n8n.workflow.success","message":"n8n.workflow.success","payload":{"executionId":"446","success":true,"isManual":false,"mode":"webhook","workflowId":"5VBKbuuujEvgdIGs","workflowName":"power"}}
{"__type":"$$EventMessageConfirm","confirm":"4202c4f5-2ba5-4bd5-aa6a-08e0936898c2","ts":"2026-07-13T15:27:00.648-04:00","source":{"id":"0","name":"eventBus"}}
{"__type":"$$EventMessageWorkflow","id":"21135007-af95-4b54-b275-07be5329f45a","ts":"2026-07-13T15:27:00.768-04:00","eventName":"n8n.workflow.started","message":"n8n.workflow.started","payload":{"executionId":"447","workflowId":"HyiO9yqvE2q5kmov","isManual":false,"mode":"webhook","workflowName":"hvac"}}
{"__type":"$$EventMessageConfirm","confirm":"21135007-af95-4b54-b275-07be5329f45a","ts":"2026-07-13T15:27:00.769-04:00","source":{"id":"0","name":"eventBus"}}
{"__type":"$$EventMessageAudit","id":"1d22c7d0-c80a-4ab3-8bef-95459902bc94","ts":"2026-07-13T15:27:00.769-04:00","eventName":"n8n.audit.workflow.executed","message":"n8n.audit.workflow.executed","payload":{"workflowId":"HyiO9yqvE2q5kmov","workflowName":"hvac","executionId":"447","source":"webhook"}}
{"__type":"$$EventMessageConfirm","confirm":"1d22c7d0-c80a-4ab3-8bef-95459902bc94","ts":"2026-07-13T15:27:00.769-04:00","source":{"id":"0","name":"eventBus"}}
{"__type":"$$EventMessageNode","id":"6c3ba31c-9f0b-40b3-b9bb-97fc0bfc973b","ts":"2026-07-13T15:27:00.770-04:00","eventName":"n8n.node.started","message":"n8n.node.started","payload":{"workflowId":"HyiO9yqvE2q5kmov","workflowName":"hvac","executionId":"447","nodeType":"n8n-nodes-base.webhook","nodeName":"Webhook","nodeId":"21c4bb7e-a362-421b-819b-e396631df92a"}}
{"__type":"$$EventMessageConfirm","confirm":"6c3ba31c-9f0b-40b3-b9bb-97fc0bfc973b","ts":"2026-07-13T15:27:00.771-04:00","source":{"id":"0","name":"eventBus"}}
{"__type":"$$EventMessageNode","id":"046630ad-4853-4d44-93d7-530b0039e9d0","ts":"2026-07-13T15:27:00.771-04:00","eventName":"n8n.node.finished","message":"n8n.node.finished","payload":{"workflowId":"HyiO9yqvE2q5kmov","workflowName":"hvac","executionId":"447","nodeType":"n8n-nodes-base.webhook","nodeName":"Webhook","nodeId":"21c4bb7e-a362-421b-819b-e396631df92a"}}
{"__type":"$$EventMessageConfirm","confirm":"046630ad-4853-4d44-93d7-530b0039e9d0","ts":"2026-07-13T15:27:00.771-04:00","source":{"id":"0","name":"eventBus"}}
{"__type":"$$EventMessageNode","id":"f696ea9c-469f-423c-a0b8-4c6ab940c116","ts":"2026-07-13T15:27:00.771-04:00","eventName":"n8n.node.started","message":"n8n.node.started","payload":{"workflowId":"HyiO9yqvE2q5kmov","workflowName":"hvac","executionId":"447","nodeType":"n8n-nodes-base.code","nodeName":"Code in JavaScript","nodeId":"7f58ebee-2d23-411d-b5ed-d749b73e6774"}}
{"__type":"$$EventMessageConfirm","confirm":"f696ea9c-469f-423c-a0b8-4c6ab940c116","ts":"2026-07-13T15:27:00.771-04:00","source":{"id":"0","name":"eventBus"}}
{"__type":"$$EventMessageRunner","id":"27bb8060-3b57-44ab-90f2-77f916013dd1","ts":"2026-07-13T15:27:00.774-04:00","eventName":"n8n.runner.task.requested","message":"n8n.runner.task.requested","payload":{"taskId":"PHpXCzGh","nodeId":"7f58ebee-2d23-411d-b5ed-d749b73e6774","workflowId":"HyiO9yqvE2q5kmov","executionId":"447"}}
{"__type":"$$EventMessageConfirm","confirm":"27bb8060-3b57-44ab-90f2-77f916013dd1","ts":"2026-07-13T15:27:00.774-04:00","source":{"id":"0","name":"eventBus"}}
{"__type":"$$EventMessageRunner","id":"c7ae2cd3-3f9b-4c76-8b19-43b3a2943936","ts":"2026-07-13T15:27:00.790-04:00","eventName":"n8n.runner.response.received","message":"n8n.runner.response.received","payload":{"taskId":"PHpXCzGh","nodeId":"7f58ebee-2d23-411d-b5ed-d749b73e6774","workflowId":"HyiO9yqvE2q5kmov","executionId":"447"}}
{"__type":"$$EventMessageConfirm","confirm":"c7ae2cd3-3f9b-4c76-8b19-43b3a2943936","ts":"2026-07-13T15:27:00.790-04:00","source":{"id":"0","name":"eventBus"}}
{"__type":"$$EventMessageNode","id":"10abc629-9013-4e97-aeea-8636921b6eb5","ts":"2026-07-13T15:27:00.791-04:00","eventName":"n8n.node.finished","message":"n8n.node.finished","payload":{"workflowId":"HyiO9yqvE2q5kmov","workflowName":"hvac","executionId":"447","nodeType":"n8n-nodes-base.code","nodeName":"Code in JavaScript","nodeId":"7f58ebee-2d23-411d-b5ed-d749b73e6774"}}
{"__type":"$$EventMessageConfirm","confirm":"10abc629-9013-4e97-aeea-8636921b6eb5","ts":"2026-07-13T15:27:00.791-04:00","source":{"id":"0","name":"eventBus"}}
{"__type":"$$EventMessageNode","id":"94ffe4c4-c77e-43b1-a0bd-6f0bbdf60743","ts":"2026-07-13T15:27:00.791-04:00","eventName":"n8n.node.started","message":"n8n.node.started","payload":{"workflowId":"HyiO9yqvE2q5kmov","workflowName":"hvac","executionId":"447","nodeType":"n8n-nodes-base.code","nodeName":"Code in JavaScript1","nodeId":"60f93297-09f2-4aac-9a87-0874737aa293"}}
{"__type":"$$EventMessageConfirm","confirm":"94ffe4c4-c77e-43b1-a0bd-6f0bbdf60743","ts":"2026-07-13T15:27:00.791-04:00","source":{"id":"0","name":"eventBus"}}
{"__type":"$$EventMessageRunner","id":"96a0f73d-c115-488c-a886-7eb6a1aea027","ts":"2026-07-13T15:27:00.795-04:00","eventName":"n8n.runner.task.requested","message":"n8n.runner.task.requested","payload":{"taskId":"vuhBrymo","nodeId":"60f93297-09f2-4aac-9a87-0874737aa293","workflowId":"HyiO9yqvE2q5kmov","executionId":"447"}}
{"__type":"$$EventMessageConfirm","confirm":"96a0f73d-c115-488c-a886-7eb6a1aea027","ts":"2026-07-13T15:27:00.795-04:00","source":{"id":"0","name":"eventBus"}}
{"__type":"$$EventMessageRunner","id":"1b2f3f1f-091a-4145-927a-237774b76fd9","ts":"2026-07-13T15:27:00.819-04:00","eventName":"n8n.runner.response.received","message":"n8n.runner.response.received","payload":{"taskId":"vuhBrymo","nodeId":"60f93297-09f2-4aac-9a87-0874737aa293","workflowId":"HyiO9yqvE2q5kmov","executionId":"447"}}
{"__type":"$$EventMessageConfirm","confirm":"1b2f3f1f-091a-4145-927a-237774b76fd9","ts":"2026-07-13T15:27:00.819-04:00","source":{"id":"0","name":"eventBus"}}
{"__type":"$$EventMessageNode","id":"6f411b37-9600-4b4e-84b1-b711c5282aaa","ts":"2026-07-13T15:27:00.820-04:00","eventName":"n8n.node.finished","message":"n8n.node.finished","payload":{"workflowId":"HyiO9yqvE2q5kmov","workflowName":"hvac","executionId":"447","nodeType":"n8n-nodes-base.code","nodeName":"Code in JavaScript1","nodeId":"60f93297-09f2-4aac-9a87-0874737aa293"}}
{"__type":"$$EventMessageConfirm","confirm":"6f411b37-9600-4b4e-84b1-b711c5282aaa","ts":"2026-07-13T15:27:00.821-04:00","source":{"id":"0","name":"eventBus"}}
{"__type":"$$EventMessageWorkflow","id":"4a7c198f-da0d-43bf-bcf8-2de0346f6cd9","ts":"2026-07-13T15:27:00.821-04:00","eventName":"n8n.workflow.success","message":"n8n.workflow.success","payload":{"executionId":"447","success":true,"isManual":false,"mode":"webhook","workflowId":"HyiO9yqvE2q5kmov","workflowName":"hvac"}}
{"__type":"$$EventMessageConfirm","confirm":"4a7c198f-da0d-43bf-bcf8-2de0346f6cd9","ts":"2026-07-13T15:27:00.822-04:00","source":{"id":"0","name":"eventBus"}}
{"__type":"$$EventMessageWorkflow","id":"e98ff95e-4199-44b5-9676-cc6d2aba595c","ts":"2026-07-13T15:27:00.910-04:00","eventName":"n8n.workflow.started","message":"n8n.workflow.started","payload":{"executionId":"448","workflowId":"4060d0nwMZdXJrUS","isManual":false,"mode":"webhook","workflowName":"alert"}}
{"__type":"$$EventMessageConfirm","confirm":"e98ff95e-4199-44b5-9676-cc6d2aba595c","ts":"2026-07-13T15:27:00.910-04:00","source":{"id":"0","name":"eventBus"}}
{"__type":"$$EventMessageAudit","id":"d2a11a29-58c0-47cd-8c70-e1812c76e0d4","ts":"2026-07-13T15:27:00.911-04:00","eventName":"n8n.audit.workflow.executed","message":"n8n.audit.workflow.executed","payload":{"workflowId":"4060d0nwMZdXJrUS","workflowName":"alert","executionId":"448","source":"webhook"}}
{"__type":"$$EventMessageConfirm","confirm":"d2a11a29-58c0-47cd-8c70-e1812c76e0d4","ts":"2026-07-13T15:27:00.911-04:00","source":{"id":"0","name":"eventBus"}}
{"__type":"$$EventMessageNode","id":"094df633-a2b7-4680-b82c-5a704c1f80da","ts":"2026-07-13T15:27:00.912-04:00","eventName":"n8n.node.started","message":"n8n.node.started","payload":{"workflowId":"4060d0nwMZdXJrUS","workflowName":"alert","executionId":"448","nodeType":"n8n-nodes-base.webhook","nodeName":"Webhook","nodeId":"45b9a4be-0184-403c-83f3-41cbd14731c8"}}
{"__type":"$$EventMessageConfirm","confirm":"094df633-a2b7-4680-b82c-5a704c1f80da","ts":"2026-07-13T15:27:00.912-04:00","source":{"id":"0","name":"eventBus"}}
{"__type":"$$EventMessageNode","id":"58f2db75-5445-4e2c-8d31-eccf01ba2244","ts":"2026-07-13T15:27:00.912-04:00","eventName":"n8n.node.finished","message":"n8n.node.finished","payload":{"workflowId":"4060d0nwMZdXJrUS","workflowName":"alert","executionId":"448","nodeType":"n8n-nodes-base.webhook","nodeName":"Webhook","nodeId":"45b9a4be-0184-403c-83f3-41cbd14731c8"}}
{"__type":"$$EventMessageConfirm","confirm":"58f2db75-5445-4e2c-8d31-eccf01ba2244","ts":"2026-07-13T15:27:00.912-04:00","source":{"id":"0","name":"eventBus"}}
{"__type":"$$EventMessageNode","id":"2331e40e-2e5e-4369-8eff-675845bcae03","ts":"2026-07-13T15:27:00.913-04:00","eventName":"n8n.node.started","message":"n8n.node.started","payload":{"workflowId":"4060d0nwMZdXJrUS","workflowName":"alert","executionId":"448","nodeType":"n8n-nodes-base.code","nodeName":"Code in JavaScript","nodeId":"847e0d93-8488-41ce-97de-68b297df2b47"}}
{"__type":"$$EventMessageConfirm","confirm":"2331e40e-2e5e-4369-8eff-675845bcae03","ts":"2026-07-13T15:27:00.913-04:00","source":{"id":"0","name":"eventBus"}}
{"__type":"$$EventMessageRunner","id":"5662fafe-d21c-4b5b-83c6-0fae92053f12","ts":"2026-07-13T15:27:00.918-04:00","eventName":"n8n.runner.task.requested","message":"n8n.runner.task.requested","payload":{"taskId":"fiR5NKa8","nodeId":"847e0d93-8488-41ce-97de-68b297df2b47","workflowId":"4060d0nwMZdXJrUS","executionId":"448"}}
{"__type":"$$EventMessageConfirm","confirm":"5662fafe-d21c-4b5b-83c6-0fae92053f12","ts":"2026-07-13T15:27:00.919-04:00","source":{"id":"0","name":"eventBus"}}
{"__type":"$$EventMessageRunner","id":"5cf5a503-4df6-473b-9691-c26408768239","ts":"2026-07-13T15:27:00.928-04:00","eventName":"n8n.runner.response.received","message":"n8n.runner.response.received","payload":{"taskId":"fiR5NKa8","nodeId":"847e0d93-8488-41ce-97de-68b297df2b47","workflowId":"4060d0nwMZdXJrUS","executionId":"448"}}
{"__type":"$$EventMessageConfirm","confirm":"5cf5a503-4df6-473b-9691-c26408768239","ts":"2026-07-13T15:27:00.929-04:00","source":{"id":"0","name":"eventBus"}}
{"__type":"$$EventMessageNode","id":"2061245f-45ca-4dfd-9448-1313922803fd","ts":"2026-07-13T15:27:00.929-04:00","eventName":"n8n.node.finished","message":"n8n.node.finished","payload":{"workflowId":"4060d0nwMZdXJrUS","workflowName":"alert","executionId":"448","nodeType":"n8n-nodes-base.code","nodeName":"Code in JavaScript","nodeId":"847e0d93-8488-41ce-97de-68b297df2b47"}}
{"__type":"$$EventMessageConfirm","confirm":"2061245f-45ca-4dfd-9448-1313922803fd","ts":"2026-07-13T15:27:00.929-04:00","source":{"id":"0","name":"eventBus"}}
{"__type":"$$EventMessageNode","id":"ec1201ca-39e0-444e-9964-faa40d55c23b","ts":"2026-07-13T15:27:00.929-04:00","eventName":"n8n.node.started","message":"n8n.node.started","payload":{"workflowId":"4060d0nwMZdXJrUS","workflowName":"alert","executionId":"448","nodeType":"n8n-nodes-base.if","nodeName":"If","nodeId":"a8f0bf21-8151-4783-a4a5-ac8e38d0da13"}}
{"__type":"$$EventMessageConfirm","confirm":"ec1201ca-39e0-444e-9964-faa40d55c23b","ts":"2026-07-13T15:27:00.929-04:00","source":{"id":"0","name":"eventBus"}}
{"__type":"$$EventMessageNode","id":"3747a4be-3d7c-4dac-a4fd-2993e3aa6f8d","ts":"2026-07-13T15:27:00.931-04:00","eventName":"n8n.node.finished","message":"n8n.node.finished","payload":{"workflowId":"4060d0nwMZdXJrUS","workflowName":"alert","executionId":"448","nodeType":"n8n-nodes-base.if","nodeName":"If","nodeId":"a8f0bf21-8151-4783-a4a5-ac8e38d0da13"}}
{"__type":"$$EventMessageConfirm","confirm":"3747a4be-3d7c-4dac-a4fd-2993e3aa6f8d","ts":"2026-07-13T15:27:00.931-04:00","source":{"id":"0","name":"eventBus"}}
{"__type":"$$EventMessageNode","id":"c2c73c94-4e66-48b7-a888-ca6fd501f519","ts":"2026-07-13T15:27:00.931-04:00","eventName":"n8n.node.started","message":"n8n.node.started","payload":{"workflowId":"4060d0nwMZdXJrUS","workflowName":"alert","executionId":"448","nodeType":"n8n-nodes-base.code","nodeName":"Code in JavaScript1","nodeId":"50b098bd-b40a-4c90-b2d4-eb880777eaff"}}
{"__type":"$$EventMessageConfirm","confirm":"c2c73c94-4e66-48b7-a888-ca6fd501f519","ts":"2026-07-13T15:27:00.931-04:00","source":{"id":"0","name":"eventBus"}}
{"__type":"$$EventMessageRunner","id":"3d0627d5-d2a5-46a7-97f0-a0b23c576498","ts":"2026-07-13T15:27:00.934-04:00","eventName":"n8n.runner.task.requested","message":"n8n.runner.task.requested","payload":{"taskId":"InbvnrCO","nodeId":"50b098bd-b40a-4c90-b2d4-eb880777eaff","workflowId":"4060d0nwMZdXJrUS","executionId":"448"}}
{"__type":"$$EventMessageConfirm","confirm":"3d0627d5-d2a5-46a7-97f0-a0b23c576498","ts":"2026-07-13T15:27:00.934-04:00","source":{"id":"0","name":"eventBus"}}
{"__type":"$$EventMessageRunner","id":"f7275f01-446e-4066-8ef1-1304d80e72ad","ts":"2026-07-13T15:27:00.947-04:00","eventName":"n8n.runner.response.received","message":"n8n.runner.response.received","payload":{"taskId":"InbvnrCO","nodeId":"50b098bd-b40a-4c90-b2d4-eb880777eaff","workflowId":"4060d0nwMZdXJrUS","executionId":"448"}}
{"__type":"$$EventMessageConfirm","confirm":"f7275f01-446e-4066-8ef1-1304d80e72ad","ts":"2026-07-13T15:27:00.947-04:00","source":{"id":"0","name":"eventBus"}}
{"__type":"$$EventMessageNode","id":"ef494e2b-a285-4f09-aa94-ede97ca4053e","ts":"2026-07-13T15:27:00.947-04:00","eventName":"n8n.node.finished","message":"n8n.node.finished","payload":{"workflowId":"4060d0nwMZdXJrUS","workflowName":"alert","executionId":"448","nodeType":"n8n-nodes-base.code","nodeName":"Code in JavaScript1","nodeId":"50b098bd-b40a-4c90-b2d4-eb880777eaff"}}
{"__type":"$$EventMessageConfirm","confirm":"ef494e2b-a285-4f09-aa94-ede97ca4053e","ts":"2026-07-13T15:27:00.948-04:00","source":{"id":"0","name":"eventBus"}}
{"__type":"$$EventMessageWorkflow","id":"f079b546-550a-49d1-a9d7-9f4bdb851b76","ts":"2026-07-13T15:27:00.948-04:00","eventName":"n8n.workflow.success","message":"n8n.workflow.success","payload":{"executionId":"448","success":true,"isManual":false,"mode":"webhook","workflowId":"4060d0nwMZdXJrUS","workflowName":"alert"}}
{"__type":"$$EventMessageConfirm","confirm":"f079b546-550a-49d1-a9d7-9f4bdb851b76","ts":"2026-07-13T15:27:00.948-04:00","source":{"id":"0","name":"eventBus"}}
{"__type":"$$EventMessageWorkflow","id":"2805342f-aea3-4820-aa20-db12b7bac3d6","ts":"2026-07-13T15:28:17.215-04:00","eventName":"n8n.workflow.started","message":"n8n.workflow.started","payload":{"executionId":"449","workflowId":"4060d0nwMZdXJrUS","isManual":false,"mode":"webhook","workflowName":"alert"}}
{"__type":"$$EventMessageConfirm","confirm":"2805342f-aea3-4820-aa20-db12b7bac3d6","ts":"2026-07-13T15:28:17.216-04:00","source":{"id":"0","name":"eventBus"}}
{"__type":"$$EventMessageAudit","id":"e7075d2b-9881-434a-b2a8-aa5d41ddcdf9","ts":"2026-07-13T15:28:17.218-04:00","eventName":"n8n.audit.workflow.executed","message":"n8n.audit.workflow.executed","payload":{"workflowId":"4060d0nwMZdXJrUS","workflowName":"alert","executionId":"449","source":"webhook"}}
{"__type":"$$EventMessageConfirm","confirm":"e7075d2b-9881-434a-b2a8-aa5d41ddcdf9","ts":"2026-07-13T15:28:17.218-04:00","source":{"id":"0","name":"eventBus"}}
{"__type":"$$EventMessageNode","id":"26ea6a68-e137-485d-8fd6-59e5c36d5a29","ts":"2026-07-13T15:28:17.219-04:00","eventName":"n8n.node.started","message":"n8n.node.started","payload":{"workflowId":"4060d0nwMZdXJrUS","workflowName":"alert","executionId":"449","nodeType":"n8n-nodes-base.webhook","nodeName":"Webhook","nodeId":"45b9a4be-0184-403c-83f3-41cbd14731c8"}}
{"__type":"$$EventMessageConfirm","confirm":"26ea6a68-e137-485d-8fd6-59e5c36d5a29","ts":"2026-07-13T15:28:17.220-04:00","source":{"id":"0","name":"eventBus"}}
{"__type":"$$EventMessageNode","id":"b5d3b228-77cf-45cc-9b6f-784507eff6cc","ts":"2026-07-13T15:28:17.220-04:00","eventName":"n8n.node.finished","message":"n8n.node.finished","payload":{"workflowId":"4060d0nwMZdXJrUS","workflowName":"alert","executionId":"449","nodeType":"n8n-nodes-base.webhook","nodeName":"Webhook","nodeId":"45b9a4be-0184-403c-83f3-41cbd14731c8"}}
{"__type":"$$EventMessageConfirm","confirm":"b5d3b228-77cf-45cc-9b6f-784507eff6cc","ts":"2026-07-13T15:28:17.220-04:00","source":{"id":"0","name":"eventBus"}}
{"__type":"$$EventMessageNode","id":"4f800ff6-b281-45c2-8835-7e4ea80d7172","ts":"2026-07-13T15:28:17.220-04:00","eventName":"n8n.node.started","message":"n8n.node.started","payload":{"workflowId":"4060d0nwMZdXJrUS","workflowName":"alert","executionId":"449","nodeType":"n8n-nodes-base.code","nodeName":"Code in JavaScript","nodeId":"847e0d93-8488-41ce-97de-68b297df2b47"}}
{"__type":"$$EventMessageConfirm","confirm":"4f800ff6-b281-45c2-8835-7e4ea80d7172","ts":"2026-07-13T15:28:17.220-04:00","source":{"id":"0","name":"eventBus"}}
{"__type":"$$EventMessageRunner","id":"167e6f3d-04cc-4277-b884-206fde11be5d","ts":"2026-07-13T15:28:17.223-04:00","eventName":"n8n.runner.task.requested","message":"n8n.runner.task.requested","payload":{"taskId":"AwX_imhl","nodeId":"847e0d93-8488-41ce-97de-68b297df2b47","workflowId":"4060d0nwMZdXJrUS","executionId":"449"}}
{"__type":"$$EventMessageConfirm","confirm":"167e6f3d-04cc-4277-b884-206fde11be5d","ts":"2026-07-13T15:28:17.223-04:00","source":{"id":"0","name":"eventBus"}}
{"__type":"$$EventMessageRunner","id":"b943eba8-c14d-4434-b15b-435951f53673","ts":"2026-07-13T15:28:17.233-04:00","eventName":"n8n.runner.response.received","message":"n8n.runner.response.received","payload":{"taskId":"AwX_imhl","nodeId":"847e0d93-8488-41ce-97de-68b297df2b47","workflowId":"4060d0nwMZdXJrUS","executionId":"449"}}
{"__type":"$$EventMessageConfirm","confirm":"b943eba8-c14d-4434-b15b-435951f53673","ts":"2026-07-13T15:28:17.233-04:00","source":{"id":"0","name":"eventBus"}}
{"__type":"$$EventMessageNode","id":"c75b2fc0-e170-476f-85be-116e0ef27b0e","ts":"2026-07-13T15:28:17.235-04:00","eventName":"n8n.node.finished","message":"n8n.node.finished","payload":{"workflowId":"4060d0nwMZdXJrUS","workflowName":"alert","executionId":"449","nodeType":"n8n-nodes-base.code","nodeName":"Code in JavaScript","nodeId":"847e0d93-8488-41ce-97de-68b297df2b47"}}
{"__type":"$$EventMessageConfirm","confirm":"c75b2fc0-e170-476f-85be-116e0ef27b0e","ts":"2026-07-13T15:28:17.235-04:00","source":{"id":"0","name":"eventBus"}}
{"__type":"$$EventMessageNode","id":"d217125b-f5b4-4fc3-9516-91c34e89260e","ts":"2026-07-13T15:28:17.235-04:00","eventName":"n8n.node.started","message":"n8n.node.started","payload":{"workflowId":"4060d0nwMZdXJrUS","workflowName":"alert","executionId":"449","nodeType":"n8n-nodes-base.if","nodeName":"If","nodeId":"a8f0bf21-8151-4783-a4a5-ac8e38d0da13"}}
{"__type":"$$EventMessageConfirm","confirm":"d217125b-f5b4-4fc3-9516-91c34e89260e","ts":"2026-07-13T15:28:17.236-04:00","source":{"id":"0","name":"eventBus"}}
{"__type":"$$EventMessageNode","id":"01a15648-5576-46ae-bba6-f8ed156af032","ts":"2026-07-13T15:28:17.238-04:00","eventName":"n8n.node.finished","message":"n8n.node.finished","payload":{"workflowId":"4060d0nwMZdXJrUS","workflowName":"alert","executionId":"449","nodeType":"n8n-nodes-base.if","nodeName":"If","nodeId":"a8f0bf21-8151-4783-a4a5-ac8e38d0da13"}}
{"__type":"$$EventMessageConfirm","confirm":"01a15648-5576-46ae-bba6-f8ed156af032","ts":"2026-07-13T15:28:17.238-04:00","source":{"id":"0","name":"eventBus"}}
{"__type":"$$EventMessageNode","id":"bd176767-97d2-4239-90da-bec741e2486f","ts":"2026-07-13T15:28:17.238-04:00","eventName":"n8n.node.started","message":"n8n.node.started","payload":{"workflowId":"4060d0nwMZdXJrUS","workflowName":"alert","executionId":"449","nodeType":"n8n-nodes-base.code","nodeName":"Code in JavaScript1","nodeId":"50b098bd-b40a-4c90-b2d4-eb880777eaff"}}
{"__type":"$$EventMessageConfirm","confirm":"bd176767-97d2-4239-90da-bec741e2486f","ts":"2026-07-13T15:28:17.238-04:00","source":{"id":"0","name":"eventBus"}}
{"__type":"$$EventMessageRunner","id":"f3fdcc7d-ce41-4659-85bf-123176273d15","ts":"2026-07-13T15:28:17.246-04:00","eventName":"n8n.runner.task.requested","message":"n8n.runner.task.requested","payload":{"taskId":"cIitFXTA","nodeId":"50b098bd-b40a-4c90-b2d4-eb880777eaff","workflowId":"4060d0nwMZdXJrUS","executionId":"449"}}
{"__type":"$$EventMessageConfirm","confirm":"f3fdcc7d-ce41-4659-85bf-123176273d15","ts":"2026-07-13T15:28:17.246-04:00","source":{"id":"0","name":"eventBus"}}
{"__type":"$$EventMessageRunner","id":"e90d8fb7-1975-4406-b0cd-bcfa09418bda","ts":"2026-07-13T15:28:17.258-04:00","eventName":"n8n.runner.response.received","message":"n8n.runner.response.received","payload":{"taskId":"cIitFXTA","nodeId":"50b098bd-b40a-4c90-b2d4-eb880777eaff","workflowId":"4060d0nwMZdXJrUS","executionId":"449"}}
{"__type":"$$EventMessageConfirm","confirm":"e90d8fb7-1975-4406-b0cd-bcfa09418bda","ts":"2026-07-13T15:28:17.259-04:00","source":{"id":"0","name":"eventBus"}}
{"__type":"$$EventMessageNode","id":"62c237c2-00d3-4960-8724-2e58000f4d1f","ts":"2026-07-13T15:28:17.259-04:00","eventName":"n8n.node.finished","message":"n8n.node.finished","payload":{"workflowId":"4060d0nwMZdXJrUS","workflowName":"alert","executionId":"449","nodeType":"n8n-nodes-base.code","nodeName":"Code in JavaScript1","nodeId":"50b098bd-b40a-4c90-b2d4-eb880777eaff"}}
{"__type":"$$EventMessageConfirm","confirm":"62c237c2-00d3-4960-8724-2e58000f4d1f","ts":"2026-07-13T15:28:17.259-04:00","source":{"id":"0","name":"eventBus"}}
{"__type":"$$EventMessageWorkflow","id":"49fe8d2e-9d64-4649-8e44-9544045c1e02","ts":"2026-07-13T15:28:17.260-04:00","eventName":"n8n.workflow.success","message":"n8n.workflow.success","payload":{"executionId":"449","success":true,"isManual":false,"mode":"webhook","workflowId":"4060d0nwMZdXJrUS","workflowName":"alert"}}
{"__type":"$$EventMessageConfirm","confirm":"49fe8d2e-9d64-4649-8e44-9544045c1e02","ts":"2026-07-13T15:28:17.260-04:00","source":{"id":"0","name":"eventBus"}}
{"__type":"$$EventMessageWorkflow","id":"3b525271-6116-482a-bf80-229668b0dc5c","ts":"2026-07-13T15:35:55.601-04:00","eventName":"n8n.workflow.started","message":"n8n.workflow.started","payload":{"executionId":"450","workflowId":"5VBKbuuujEvgdIGs","isManual":false,"mode":"webhook","workflowName":"power"}}
{"__type":"$$EventMessageConfirm","confirm":"3b525271-6116-482a-bf80-229668b0dc5c","ts":"2026-07-13T15:35:55.602-04:00","source":{"id":"0","name":"eventBus"}}
{"__type":"$$EventMessageAudit","id":"cdf4acfa-16a4-44b5-8878-004d62d07b62","ts":"2026-07-13T15:35:55.603-04:00","eventName":"n8n.audit.workflow.executed","message":"n8n.audit.workflow.executed","payload":{"workflowId":"5VBKbuuujEvgdIGs","workflowName":"power","executionId":"450","source":"webhook"}}
{"__type":"$$EventMessageConfirm","confirm":"cdf4acfa-16a4-44b5-8878-004d62d07b62","ts":"2026-07-13T15:35:55.603-04:00","source":{"id":"0","name":"eventBus"}}
{"__type":"$$EventMessageNode","id":"19204ba1-d04a-444b-ad06-58b65dff725d","ts":"2026-07-13T15:35:55.605-04:00","eventName":"n8n.node.started","message":"n8n.node.started","payload":{"workflowId":"5VBKbuuujEvgdIGs","workflowName":"power","executionId":"450","nodeType":"n8n-nodes-base.webhook","nodeName":"Webhook","nodeId":"d2f68568-3d63-4615-8950-d51b3313419d"}}
{"__type":"$$EventMessageConfirm","confirm":"19204ba1-d04a-444b-ad06-58b65dff725d","ts":"2026-07-13T15:35:55.605-04:00","source":{"id":"0","name":"eventBus"}}
{"__type":"$$EventMessageNode","id":"90dccc20-a8d5-484d-a425-db11078d957e","ts":"2026-07-13T15:35:55.606-04:00","eventName":"n8n.node.finished","message":"n8n.node.finished","payload":{"workflowId":"5VBKbuuujEvgdIGs","workflowName":"power","executionId":"450","nodeType":"n8n-nodes-base.webhook","nodeName":"Webhook","nodeId":"d2f68568-3d63-4615-8950-d51b3313419d"}}
{"__type":"$$EventMessageConfirm","confirm":"90dccc20-a8d5-484d-a425-db11078d957e","ts":"2026-07-13T15:35:55.606-04:00","source":{"id":"0","name":"eventBus"}}
{"__type":"$$EventMessageNode","id":"de01e58e-46f8-4493-8977-deb12ee8b478","ts":"2026-07-13T15:35:55.606-04:00","eventName":"n8n.node.started","message":"n8n.node.started","payload":{"workflowId":"5VBKbuuujEvgdIGs","workflowName":"power","executionId":"450","nodeType":"n8n-nodes-base.code","nodeName":"Code in JavaScript","nodeId":"60178211-232e-4f7a-8bd9-97a66e5b9ec0"}}
{"__type":"$$EventMessageConfirm","confirm":"de01e58e-46f8-4493-8977-deb12ee8b478","ts":"2026-07-13T15:35:55.606-04:00","source":{"id":"0","name":"eventBus"}}
{"__type":"$$EventMessageRunner","id":"20606627-2f38-434f-8bbf-40e032bbe1b8","ts":"2026-07-13T15:35:55.613-04:00","eventName":"n8n.runner.task.requested","message":"n8n.runner.task.requested","payload":{"taskId":"sqiVsKAp","nodeId":"60178211-232e-4f7a-8bd9-97a66e5b9ec0","workflowId":"5VBKbuuujEvgdIGs","executionId":"450"}}
{"__type":"$$EventMessageConfirm","confirm":"20606627-2f38-434f-8bbf-40e032bbe1b8","ts":"2026-07-13T15:35:55.613-04:00","source":{"id":"0","name":"eventBus"}}
{"__type":"$$EventMessageRunner","id":"1812a6b8-8a1d-43ff-9bf0-fad78ae4249c","ts":"2026-07-13T15:35:55.644-04:00","eventName":"n8n.runner.response.received","message":"n8n.runner.response.received","payload":{"taskId":"sqiVsKAp","nodeId":"60178211-232e-4f7a-8bd9-97a66e5b9ec0","workflowId":"5VBKbuuujEvgdIGs","executionId":"450"}}
{"__type":"$$EventMessageConfirm","confirm":"1812a6b8-8a1d-43ff-9bf0-fad78ae4249c","ts":"2026-07-13T15:35:55.645-04:00","source":{"id":"0","name":"eventBus"}}
{"__type":"$$EventMessageNode","id":"7e531bc8-1364-42aa-873c-298c64bd5bcc","ts":"2026-07-13T15:35:55.645-04:00","eventName":"n8n.node.finished","message":"n8n.node.finished","payload":{"workflowId":"5VBKbuuujEvgdIGs","workflowName":"power","executionId":"450","nodeType":"n8n-nodes-base.code","nodeName":"Code in JavaScript","nodeId":"60178211-232e-4f7a-8bd9-97a66e5b9ec0"}}
{"__type":"$$EventMessageConfirm","confirm":"7e531bc8-1364-42aa-873c-298c64bd5bcc","ts":"2026-07-13T15:35:55.645-04:00","source":{"id":"0","name":"eventBus"}}
{"__type":"$$EventMessageNode","id":"7ae1121f-48a0-4aea-9c66-6bfc1a48ece2","ts":"2026-07-13T15:35:55.645-04:00","eventName":"n8n.node.started","message":"n8n.node.started","payload":{"workflowId":"5VBKbuuujEvgdIGs","workflowName":"power","executionId":"450","nodeType":"n8n-nodes-base.code","nodeName":"Code in JavaScript1","nodeId":"21ac27dd-d85f-45cb-b48f-eb6a3465a56b"}}
{"__type":"$$EventMessageConfirm","confirm":"7ae1121f-48a0-4aea-9c66-6bfc1a48ece2","ts":"2026-07-13T15:35:55.645-04:00","source":{"id":"0","name":"eventBus"}}
{"__type":"$$EventMessageRunner","id":"6f6e724a-d255-4f73-baed-bd4ce61c222d","ts":"2026-07-13T15:35:55.650-04:00","eventName":"n8n.runner.task.requested","message":"n8n.runner.task.requested","payload":{"taskId":"5_2IqVob","nodeId":"21ac27dd-d85f-45cb-b48f-eb6a3465a56b","workflowId":"5VBKbuuujEvgdIGs","executionId":"450"}}
{"__type":"$$EventMessageConfirm","confirm":"6f6e724a-d255-4f73-baed-bd4ce61c222d","ts":"2026-07-13T15:35:55.650-04:00","source":{"id":"0","name":"eventBus"}}
{"__type":"$$EventMessageRunner","id":"d4901b80-e089-4aa9-bd34-efe31fd57280","ts":"2026-07-13T15:35:55.704-04:00","eventName":"n8n.runner.response.received","message":"n8n.runner.response.received","payload":{"taskId":"5_2IqVob","nodeId":"21ac27dd-d85f-45cb-b48f-eb6a3465a56b","workflowId":"5VBKbuuujEvgdIGs","executionId":"450"}}
{"__type":"$$EventMessageConfirm","confirm":"d4901b80-e089-4aa9-bd34-efe31fd57280","ts":"2026-07-13T15:35:55.704-04:00","source":{"id":"0","name":"eventBus"}}
{"__type":"$$EventMessageNode","id":"67a4549b-11af-466d-8e30-e4ecbd3e75b2","ts":"2026-07-13T15:35:55.705-04:00","eventName":"n8n.node.finished","message":"n8n.node.finished","payload":{"workflowId":"5VBKbuuujEvgdIGs","workflowName":"power","executionId":"450","nodeType":"n8n-nodes-base.code","nodeName":"Code in JavaScript1","nodeId":"21ac27dd-d85f-45cb-b48f-eb6a3465a56b"}}
{"__type":"$$EventMessageConfirm","confirm":"67a4549b-11af-466d-8e30-e4ecbd3e75b2","ts":"2026-07-13T15:35:55.705-04:00","source":{"id":"0","name":"eventBus"}}
{"__type":"$$EventMessageWorkflow","id":"d9aac3eb-77a8-4759-a2c7-29f1eab7bf06","ts":"2026-07-13T15:35:55.706-04:00","eventName":"n8n.workflow.success","message":"n8n.workflow.success","payload":{"executionId":"450","success":true,"isManual":false,"mode":"webhook","workflowId":"5VBKbuuujEvgdIGs","workflowName":"power"}}
{"__type":"$$EventMessageConfirm","confirm":"d9aac3eb-77a8-4759-a2c7-29f1eab7bf06","ts":"2026-07-13T15:35:55.706-04:00","source":{"id":"0","name":"eventBus"}}
{"__type":"$$EventMessageWorkflow","id":"672b67a2-8c63-44cc-aa46-cedb23c15035","ts":"2026-07-13T15:35:55.838-04:00","eventName":"n8n.workflow.started","message":"n8n.workflow.started","payload":{"executionId":"451","workflowId":"HyiO9yqvE2q5kmov","isManual":false,"mode":"webhook","workflowName":"hvac"}}
{"__type":"$$EventMessageConfirm","confirm":"672b67a2-8c63-44cc-aa46-cedb23c15035","ts":"2026-07-13T15:35:55.838-04:00","source":{"id":"0","name":"eventBus"}}
{"__type":"$$EventMessageAudit","id":"59a73143-d68c-4710-ac34-9dde687cc9e9","ts":"2026-07-13T15:35:55.839-04:00","eventName":"n8n.audit.workflow.executed","message":"n8n.audit.workflow.executed","payload":{"workflowId":"HyiO9yqvE2q5kmov","workflowName":"hvac","executionId":"451","source":"webhook"}}
{"__type":"$$EventMessageConfirm","confirm":"59a73143-d68c-4710-ac34-9dde687cc9e9","ts":"2026-07-13T15:35:55.839-04:00","source":{"id":"0","name":"eventBus"}}
{"__type":"$$EventMessageNode","id":"1622dbf6-5970-4f72-a8c9-1fd579a37282","ts":"2026-07-13T15:35:55.841-04:00","eventName":"n8n.node.started","message":"n8n.node.started","payload":{"workflowId":"HyiO9yqvE2q5kmov","workflowName":"hvac","executionId":"451","nodeType":"n8n-nodes-base.webhook","nodeName":"Webhook","nodeId":"21c4bb7e-a362-421b-819b-e396631df92a"}}
{"__type":"$$EventMessageConfirm","confirm":"1622dbf6-5970-4f72-a8c9-1fd579a37282","ts":"2026-07-13T15:35:55.841-04:00","source":{"id":"0","name":"eventBus"}}
{"__type":"$$EventMessageNode","id":"177a42f6-2602-4b5e-aa70-9958d3d2c6d2","ts":"2026-07-13T15:35:55.841-04:00","eventName":"n8n.node.finished","message":"n8n.node.finished","payload":{"workflowId":"HyiO9yqvE2q5kmov","workflowName":"hvac","executionId":"451","nodeType":"n8n-nodes-base.webhook","nodeName":"Webhook","nodeId":"21c4bb7e-a362-421b-819b-e396631df92a"}}
{"__type":"$$EventMessageConfirm","confirm":"177a42f6-2602-4b5e-aa70-9958d3d2c6d2","ts":"2026-07-13T15:35:55.841-04:00","source":{"id":"0","name":"eventBus"}}
{"__type":"$$EventMessageNode","id":"bf6cfbe9-e9ce-4fd2-a81a-fd7bd64dde0f","ts":"2026-07-13T15:35:55.842-04:00","eventName":"n8n.node.started","message":"n8n.node.started","payload":{"workflowId":"HyiO9yqvE2q5kmov","workflowName":"hvac","executionId":"451","nodeType":"n8n-nodes-base.code","nodeName":"Code in JavaScript","nodeId":"7f58ebee-2d23-411d-b5ed-d749b73e6774"}}
{"__type":"$$EventMessageConfirm","confirm":"bf6cfbe9-e9ce-4fd2-a81a-fd7bd64dde0f","ts":"2026-07-13T15:35:55.842-04:00","source":{"id":"0","name":"eventBus"}}
{"__type":"$$EventMessageRunner","id":"b4713406-b7b6-4b4b-8f11-f8caf56885e1","ts":"2026-07-13T15:35:55.845-04:00","eventName":"n8n.runner.task.requested","message":"n8n.runner.task.requested","payload":{"taskId":"JxxU2RmX","nodeId":"7f58ebee-2d23-411d-b5ed-d749b73e6774","workflowId":"HyiO9yqvE2q5kmov","executionId":"451"}}
{"__type":"$$EventMessageConfirm","confirm":"b4713406-b7b6-4b4b-8f11-f8caf56885e1","ts":"2026-07-13T15:35:55.845-04:00","source":{"id":"0","name":"eventBus"}}
{"__type":"$$EventMessageRunner","id":"5fdaf3a0-7554-4d79-bd3e-c8694f7da62c","ts":"2026-07-13T15:35:55.860-04:00","eventName":"n8n.runner.response.received","message":"n8n.runner.response.received","payload":{"taskId":"JxxU2RmX","nodeId":"7f58ebee-2d23-411d-b5ed-d749b73e6774","workflowId":"HyiO9yqvE2q5kmov","executionId":"451"}}
{"__type":"$$EventMessageConfirm","confirm":"5fdaf3a0-7554-4d79-bd3e-c8694f7da62c","ts":"2026-07-13T15:35:55.860-04:00","source":{"id":"0","name":"eventBus"}}
{"__type":"$$EventMessageNode","id":"5a6df84f-bebc-4e07-a3ac-59d5a155eae8","ts":"2026-07-13T15:35:55.861-04:00","eventName":"n8n.node.finished","message":"n8n.node.finished","payload":{"workflowId":"HyiO9yqvE2q5kmov","workflowName":"hvac","executionId":"451","nodeType":"n8n-nodes-base.code","nodeName":"Code in JavaScript","nodeId":"7f58ebee-2d23-411d-b5ed-d749b73e6774"}}
{"__type":"$$EventMessageConfirm","confirm":"5a6df84f-bebc-4e07-a3ac-59d5a155eae8","ts":"2026-07-13T15:35:55.861-04:00","source":{"id":"0","name":"eventBus"}}
{"__type":"$$EventMessageNode","id":"855d958d-019f-45ad-932c-85a4d33d08dc","ts":"2026-07-13T15:35:55.861-04:00","eventName":"n8n.node.started","message":"n8n.node.started","payload":{"workflowId":"HyiO9yqvE2q5kmov","workflowName":"hvac","executionId":"451","nodeType":"n8n-nodes-base.code","nodeName":"Code in JavaScript1","nodeId":"60f93297-09f2-4aac-9a87-0874737aa293"}}
{"__type":"$$EventMessageConfirm","confirm":"855d958d-019f-45ad-932c-85a4d33d08dc","ts":"2026-07-13T15:35:55.861-04:00","source":{"id":"0","name":"eventBus"}}
{"__type":"$$EventMessageRunner","id":"4c078694-6850-44d6-9c17-e26e3e2c87f0","ts":"2026-07-13T15:35:55.866-04:00","eventName":"n8n.runner.task.requested","message":"n8n.runner.task.requested","payload":{"taskId":"vPOzoFu4","nodeId":"60f93297-09f2-4aac-9a87-0874737aa293","workflowId":"HyiO9yqvE2q5kmov","executionId":"451"}}
{"__type":"$$EventMessageConfirm","confirm":"4c078694-6850-44d6-9c17-e26e3e2c87f0","ts":"2026-07-13T15:35:55.866-04:00","source":{"id":"0","name":"eventBus"}}
{"__type":"$$EventMessageRunner","id":"c22399e4-dab5-41ab-92b6-6e1bf1446aa5","ts":"2026-07-13T15:35:55.902-04:00","eventName":"n8n.runner.response.received","message":"n8n.runner.response.received","payload":{"taskId":"vPOzoFu4","nodeId":"60f93297-09f2-4aac-9a87-0874737aa293","workflowId":"HyiO9yqvE2q5kmov","executionId":"451"}}
{"__type":"$$EventMessageConfirm","confirm":"c22399e4-dab5-41ab-92b6-6e1bf1446aa5","ts":"2026-07-13T15:35:55.902-04:00","source":{"id":"0","name":"eventBus"}}
{"__type":"$$EventMessageNode","id":"1e1c8da0-2c40-4379-9f2a-172bda467065","ts":"2026-07-13T15:35:55.903-04:00","eventName":"n8n.node.finished","message":"n8n.node.finished","payload":{"workflowId":"HyiO9yqvE2q5kmov","workflowName":"hvac","executionId":"451","nodeType":"n8n-nodes-base.code","nodeName":"Code in JavaScript1","nodeId":"60f93297-09f2-4aac-9a87-0874737aa293"}}
{"__type":"$$EventMessageConfirm","confirm":"1e1c8da0-2c40-4379-9f2a-172bda467065","ts":"2026-07-13T15:35:55.903-04:00","source":{"id":"0","name":"eventBus"}}
{"__type":"$$EventMessageWorkflow","id":"163dc01e-4cca-4bd8-a54a-d56852532dbe","ts":"2026-07-13T15:35:55.903-04:00","eventName":"n8n.workflow.success","message":"n8n.workflow.success","payload":{"executionId":"451","success":true,"isManual":false,"mode":"webhook","workflowId":"HyiO9yqvE2q5kmov","workflowName":"hvac"}}
{"__type":"$$EventMessageConfirm","confirm":"163dc01e-4cca-4bd8-a54a-d56852532dbe","ts":"2026-07-13T15:35:55.903-04:00","source":{"id":"0","name":"eventBus"}}
{"__type":"$$EventMessageWorkflow","id":"44591aa7-1820-4414-a27d-8fb89033f362","ts":"2026-07-13T15:35:56.178-04:00","eventName":"n8n.workflow.started","message":"n8n.workflow.started","payload":{"executionId":"452","workflowId":"4060d0nwMZdXJrUS","isManual":false,"mode":"webhook","workflowName":"alert"}}
{"__type":"$$EventMessageConfirm","confirm":"44591aa7-1820-4414-a27d-8fb89033f362","ts":"2026-07-13T15:35:56.178-04:00","source":{"id":"0","name":"eventBus"}}
{"__type":"$$EventMessageAudit","id":"bb37cf5b-97c9-4a64-8e21-6d3def3f64b2","ts":"2026-07-13T15:35:56.179-04:00","eventName":"n8n.audit.workflow.executed","message":"n8n.audit.workflow.executed","payload":{"workflowId":"4060d0nwMZdXJrUS","workflowName":"alert","executionId":"452","source":"webhook"}}
{"__type":"$$EventMessageConfirm","confirm":"bb37cf5b-97c9-4a64-8e21-6d3def3f64b2","ts":"2026-07-13T15:35:56.179-04:00","source":{"id":"0","name":"eventBus"}}
{"__type":"$$EventMessageNode","id":"0973c929-7b99-4a7a-a850-5174e4d06390","ts":"2026-07-13T15:35:56.180-04:00","eventName":"n8n.node.started","message":"n8n.node.started","payload":{"workflowId":"4060d0nwMZdXJrUS","workflowName":"alert","executionId":"452","nodeType":"n8n-nodes-base.webhook","nodeName":"Webhook","nodeId":"45b9a4be-0184-403c-83f3-41cbd14731c8"}}
{"__type":"$$EventMessageConfirm","confirm":"0973c929-7b99-4a7a-a850-5174e4d06390","ts":"2026-07-13T15:35:56.181-04:00","source":{"id":"0","name":"eventBus"}}
{"__type":"$$EventMessageNode","id":"d573c444-d63c-4544-9d14-125540c97c9e","ts":"2026-07-13T15:35:56.181-04:00","eventName":"n8n.node.finished","message":"n8n.node.finished","payload":{"workflowId":"4060d0nwMZdXJrUS","workflowName":"alert","executionId":"452","nodeType":"n8n-nodes-base.webhook","nodeName":"Webhook","nodeId":"45b9a4be-0184-403c-83f3-41cbd14731c8"}}
{"__type":"$$EventMessageConfirm","confirm":"d573c444-d63c-4544-9d14-125540c97c9e","ts":"2026-07-13T15:35:56.181-04:00","source":{"id":"0","name":"eventBus"}}
{"__type":"$$EventMessageNode","id":"163f85e9-76fb-4ce9-bef5-ac09413198f0","ts":"2026-07-13T15:35:56.181-04:00","eventName":"n8n.node.started","message":"n8n.node.started","payload":{"workflowId":"4060d0nwMZdXJrUS","workflowName":"alert","executionId":"452","nodeType":"n8n-nodes-base.code","nodeName":"Code in JavaScript","nodeId":"847e0d93-8488-41ce-97de-68b297df2b47"}}
{"__type":"$$EventMessageConfirm","confirm":"163f85e9-76fb-4ce9-bef5-ac09413198f0","ts":"2026-07-13T15:35:56.181-04:00","source":{"id":"0","name":"eventBus"}}
{"__type":"$$EventMessageRunner","id":"9eeacda6-a5e1-4b53-8f0c-8b3f6f78e76b","ts":"2026-07-13T15:35:56.184-04:00","eventName":"n8n.runner.task.requested","message":"n8n.runner.task.requested","payload":{"taskId":"uGyAPy4Z","nodeId":"847e0d93-8488-41ce-97de-68b297df2b47","workflowId":"4060d0nwMZdXJrUS","executionId":"452"}}
{"__type":"$$EventMessageConfirm","confirm":"9eeacda6-a5e1-4b53-8f0c-8b3f6f78e76b","ts":"2026-07-13T15:35:56.184-04:00","source":{"id":"0","name":"eventBus"}}
{"__type":"$$EventMessageRunner","id":"5e103540-f64f-49ab-9548-acad7881666c","ts":"2026-07-13T15:35:56.204-04:00","eventName":"n8n.runner.response.received","message":"n8n.runner.response.received","payload":{"taskId":"uGyAPy4Z","nodeId":"847e0d93-8488-41ce-97de-68b297df2b47","workflowId":"4060d0nwMZdXJrUS","executionId":"452"}}
{"__type":"$$EventMessageConfirm","confirm":"5e103540-f64f-49ab-9548-acad7881666c","ts":"2026-07-13T15:35:56.204-04:00","source":{"id":"0","name":"eventBus"}}
{"__type":"$$EventMessageNode","id":"3864aee9-8dc4-4f0a-9a12-0e055b22f6cf","ts":"2026-07-13T15:35:56.205-04:00","eventName":"n8n.node.finished","message":"n8n.node.finished","payload":{"workflowId":"4060d0nwMZdXJrUS","workflowName":"alert","executionId":"452","nodeType":"n8n-nodes-base.code","nodeName":"Code in JavaScript","nodeId":"847e0d93-8488-41ce-97de-68b297df2b47"}}
{"__type":"$$EventMessageConfirm","confirm":"3864aee9-8dc4-4f0a-9a12-0e055b22f6cf","ts":"2026-07-13T15:35:56.205-04:00","source":{"id":"0","name":"eventBus"}}
{"__type":"$$EventMessageNode","id":"6a398809-0731-4bc6-b68c-b20a15bd285e","ts":"2026-07-13T15:35:56.205-04:00","eventName":"n8n.node.started","message":"n8n.node.started","payload":{"workflowId":"4060d0nwMZdXJrUS","workflowName":"alert","executionId":"452","nodeType":"n8n-nodes-base.if","nodeName":"If","nodeId":"a8f0bf21-8151-4783-a4a5-ac8e38d0da13"}}
{"__type":"$$EventMessageConfirm","confirm":"6a398809-0731-4bc6-b68c-b20a15bd285e","ts":"2026-07-13T15:35:56.205-04:00","source":{"id":"0","name":"eventBus"}}
{"__type":"$$EventMessageNode","id":"ef2c43ca-21d5-4487-b106-1e98e2698bf8","ts":"2026-07-13T15:35:56.207-04:00","eventName":"n8n.node.finished","message":"n8n.node.finished","payload":{"workflowId":"4060d0nwMZdXJrUS","workflowName":"alert","executionId":"452","nodeType":"n8n-nodes-base.if","nodeName":"If","nodeId":"a8f0bf21-8151-4783-a4a5-ac8e38d0da13"}}
{"__type":"$$EventMessageConfirm","confirm":"ef2c43ca-21d5-4487-b106-1e98e2698bf8","ts":"2026-07-13T15:35:56.207-04:00","source":{"id":"0","name":"eventBus"}}
{"__type":"$$EventMessageNode","id":"415f9a45-2343-48a1-9738-c01ddc166725","ts":"2026-07-13T15:35:56.207-04:00","eventName":"n8n.node.started","message":"n8n.node.started","payload":{"workflowId":"4060d0nwMZdXJrUS","workflowName":"alert","executionId":"452","nodeType":"n8n-nodes-base.code","nodeName":"Code in JavaScript1","nodeId":"50b098bd-b40a-4c90-b2d4-eb880777eaff"}}
{"__type":"$$EventMessageConfirm","confirm":"415f9a45-2343-48a1-9738-c01ddc166725","ts":"2026-07-13T15:35:56.207-04:00","source":{"id":"0","name":"eventBus"}}
{"__type":"$$EventMessageRunner","id":"d2c30aa4-55f5-411f-bf57-c911c4278f5b","ts":"2026-07-13T15:35:56.209-04:00","eventName":"n8n.runner.task.requested","message":"n8n.runner.task.requested","payload":{"taskId":"lFWGp0bh","nodeId":"50b098bd-b40a-4c90-b2d4-eb880777eaff","workflowId":"4060d0nwMZdXJrUS","executionId":"452"}}
{"__type":"$$EventMessageConfirm","confirm":"d2c30aa4-55f5-411f-bf57-c911c4278f5b","ts":"2026-07-13T15:35:56.209-04:00","source":{"id":"0","name":"eventBus"}}
{"__type":"$$EventMessageRunner","id":"ffc710b5-74e8-44ca-bc89-bfbd357b4c67","ts":"2026-07-13T15:35:56.233-04:00","eventName":"n8n.runner.response.received","message":"n8n.runner.response.received","payload":{"taskId":"lFWGp0bh","nodeId":"50b098bd-b40a-4c90-b2d4-eb880777eaff","workflowId":"4060d0nwMZdXJrUS","executionId":"452"}}
{"__type":"$$EventMessageConfirm","confirm":"ffc710b5-74e8-44ca-bc89-bfbd357b4c67","ts":"2026-07-13T15:35:56.233-04:00","source":{"id":"0","name":"eventBus"}}
{"__type":"$$EventMessageNode","id":"537b01a1-59e7-44df-9671-4420ba164ab9","ts":"2026-07-13T15:35:56.234-04:00","eventName":"n8n.node.finished","message":"n8n.node.finished","payload":{"workflowId":"4060d0nwMZdXJrUS","workflowName":"alert","executionId":"452","nodeType":"n8n-nodes-base.code","nodeName":"Code in JavaScript1","nodeId":"50b098bd-b40a-4c90-b2d4-eb880777eaff"}}
{"__type":"$$EventMessageConfirm","confirm":"537b01a1-59e7-44df-9671-4420ba164ab9","ts":"2026-07-13T15:35:56.234-04:00","source":{"id":"0","name":"eventBus"}}
{"__type":"$$EventMessageWorkflow","id":"5e915dee-8844-406a-9cab-f63780e3c016","ts":"2026-07-13T15:35:56.234-04:00","eventName":"n8n.workflow.success","message":"n8n.workflow.success","payload":{"executionId":"452","success":true,"isManual":false,"mode":"webhook","workflowId":"4060d0nwMZdXJrUS","workflowName":"alert"}}
{"__type":"$$EventMessageConfirm","confirm":"5e915dee-8844-406a-9cab-f63780e3c016","ts":"2026-07-13T15:35:56.234-04:00","source":{"id":"0","name":"eventBus"}}
{"__type":"$$EventMessageWorkflow","id":"2a9fa0a1-8b1c-4a4f-8f66-d4ad22809161","ts":"2026-07-13T15:41:18.818-04:00","eventName":"n8n.workflow.started","message":"n8n.workflow.started","payload":{"executionId":"453","workflowId":"csjSBc51yUkh2vRH","isManual":false,"mode":"webhook","workflowName":"fire"}}
{"__type":"$$EventMessageConfirm","confirm":"2a9fa0a1-8b1c-4a4f-8f66-d4ad22809161","ts":"2026-07-13T15:41:18.818-04:00","source":{"id":"0","name":"eventBus"}}
{"__type":"$$EventMessageAudit","id":"951163f7-1144-4a76-9bfe-7f55fad89865","ts":"2026-07-13T15:41:18.819-04:00","eventName":"n8n.audit.workflow.executed","message":"n8n.audit.workflow.executed","payload":{"workflowId":"csjSBc51yUkh2vRH","workflowName":"fire","executionId":"453","source":"webhook"}}
{"__type":"$$EventMessageConfirm","confirm":"951163f7-1144-4a76-9bfe-7f55fad89865","ts":"2026-07-13T15:41:18.819-04:00","source":{"id":"0","name":"eventBus"}}
{"__type":"$$EventMessageNode","id":"ead7540a-e7b9-4490-8bab-1a948a380985","ts":"2026-07-13T15:41:18.820-04:00","eventName":"n8n.node.started","message":"n8n.node.started","payload":{"workflowId":"csjSBc51yUkh2vRH","workflowName":"fire","executionId":"453","nodeType":"n8n-nodes-base.webhook","nodeName":"Webhook","nodeId":"24e7bc53-ee06-4b53-b753-97a049b3327b"}}
{"__type":"$$EventMessageConfirm","confirm":"ead7540a-e7b9-4490-8bab-1a948a380985","ts":"2026-07-13T15:41:18.821-04:00","source":{"id":"0","name":"eventBus"}}
{"__type":"$$EventMessageNode","id":"d4916785-f0c6-42a7-b1b9-c3f8ea5a979d","ts":"2026-07-13T15:41:18.821-04:00","eventName":"n8n.node.finished","message":"n8n.node.finished","payload":{"workflowId":"csjSBc51yUkh2vRH","workflowName":"fire","executionId":"453","nodeType":"n8n-nodes-base.webhook","nodeName":"Webhook","nodeId":"24e7bc53-ee06-4b53-b753-97a049b3327b"}}
{"__type":"$$EventMessageConfirm","confirm":"d4916785-f0c6-42a7-b1b9-c3f8ea5a979d","ts":"2026-07-13T15:41:18.821-04:00","source":{"id":"0","name":"eventBus"}}
{"__type":"$$EventMessageNode","id":"c453b133-b038-4abf-955b-ecfb2fc78376","ts":"2026-07-13T15:41:18.821-04:00","eventName":"n8n.node.started","message":"n8n.node.started","payload":{"workflowId":"csjSBc51yUkh2vRH","workflowName":"fire","executionId":"453","nodeType":"n8n-nodes-base.code","nodeName":"Code in JavaScript","nodeId":"f271c744-c46c-4766-b045-ed1d8821c40d"}}
{"__type":"$$EventMessageConfirm","confirm":"c453b133-b038-4abf-955b-ecfb2fc78376","ts":"2026-07-13T15:41:18.821-04:00","source":{"id":"0","name":"eventBus"}}
{"__type":"$$EventMessageRunner","id":"96e59b3f-3537-4f52-a6b3-6907ddffaac6","ts":"2026-07-13T15:41:18.823-04:00","eventName":"n8n.runner.task.requested","message":"n8n.runner.task.requested","payload":{"taskId":"5aFdQpgh","nodeId":"f271c744-c46c-4766-b045-ed1d8821c40d","workflowId":"csjSBc51yUkh2vRH","executionId":"453"}}
{"__type":"$$EventMessageConfirm","confirm":"96e59b3f-3537-4f52-a6b3-6907ddffaac6","ts":"2026-07-13T15:41:18.824-04:00","source":{"id":"0","name":"eventBus"}}
{"__type":"$$EventMessageRunner","id":"c42e8ea8-64bb-40d3-bff2-34c37541b464","ts":"2026-07-13T15:41:18.840-04:00","eventName":"n8n.runner.response.received","message":"n8n.runner.response.received","payload":{"taskId":"5aFdQpgh","nodeId":"f271c744-c46c-4766-b045-ed1d8821c40d","workflowId":"csjSBc51yUkh2vRH","executionId":"453"}}
{"__type":"$$EventMessageConfirm","confirm":"c42e8ea8-64bb-40d3-bff2-34c37541b464","ts":"2026-07-13T15:41:18.840-04:00","source":{"id":"0","name":"eventBus"}}
{"__type":"$$EventMessageNode","id":"f0eef891-a8f0-4fc7-bc73-258413e7eb24","ts":"2026-07-13T15:41:18.841-04:00","eventName":"n8n.node.finished","message":"n8n.node.finished","payload":{"workflowId":"csjSBc51yUkh2vRH","workflowName":"fire","executionId":"453","nodeType":"n8n-nodes-base.code","nodeName":"Code in JavaScript","nodeId":"f271c744-c46c-4766-b045-ed1d8821c40d"}}
{"__type":"$$EventMessageConfirm","confirm":"f0eef891-a8f0-4fc7-bc73-258413e7eb24","ts":"2026-07-13T15:41:18.842-04:00","source":{"id":"0","name":"eventBus"}}
{"__type":"$$EventMessageNode","id":"c4b68ae3-c01e-438e-b7ed-ef909947b25b","ts":"2026-07-13T15:41:18.842-04:00","eventName":"n8n.node.started","message":"n8n.node.started","payload":{"workflowId":"csjSBc51yUkh2vRH","workflowName":"fire","executionId":"453","nodeType":"n8n-nodes-base.code","nodeName":"Code in JavaScript1","nodeId":"3cd55fa9-d0e9-43ab-b0ba-fe5047c0e593"}}
{"__type":"$$EventMessageConfirm","confirm":"c4b68ae3-c01e-438e-b7ed-ef909947b25b","ts":"2026-07-13T15:41:18.842-04:00","source":{"id":"0","name":"eventBus"}}
{"__type":"$$EventMessageRunner","id":"03a54122-3477-4e03-a076-035358e052ed","ts":"2026-07-13T15:41:18.847-04:00","eventName":"n8n.runner.task.requested","message":"n8n.runner.task.requested","payload":{"taskId":"RUHRYHEn","nodeId":"3cd55fa9-d0e9-43ab-b0ba-fe5047c0e593","workflowId":"csjSBc51yUkh2vRH","executionId":"453"}}
{"__type":"$$EventMessageConfirm","confirm":"03a54122-3477-4e03-a076-035358e052ed","ts":"2026-07-13T15:41:18.847-04:00","source":{"id":"0","name":"eventBus"}}
{"__type":"$$EventMessageRunner","id":"e210978f-d348-4ddf-bf0a-1659d6b6d56e","ts":"2026-07-13T15:41:18.885-04:00","eventName":"n8n.runner.response.received","message":"n8n.runner.response.received","payload":{"taskId":"RUHRYHEn","nodeId":"3cd55fa9-d0e9-43ab-b0ba-fe5047c0e593","workflowId":"csjSBc51yUkh2vRH","executionId":"453"}}
{"__type":"$$EventMessageConfirm","confirm":"e210978f-d348-4ddf-bf0a-1659d6b6d56e","ts":"2026-07-13T15:41:18.886-04:00","source":{"id":"0","name":"eventBus"}}
{"__type":"$$EventMessageNode","id":"67c84be0-64bd-4053-b209-0e2a8b02d5d8","ts":"2026-07-13T15:41:18.886-04:00","eventName":"n8n.node.finished","message":"n8n.node.finished","payload":{"workflowId":"csjSBc51yUkh2vRH","workflowName":"fire","executionId":"453","nodeType":"n8n-nodes-base.code","nodeName":"Code in JavaScript1","nodeId":"3cd55fa9-d0e9-43ab-b0ba-fe5047c0e593"}}
{"__type":"$$EventMessageConfirm","confirm":"67c84be0-64bd-4053-b209-0e2a8b02d5d8","ts":"2026-07-13T15:41:18.887-04:00","source":{"id":"0","name":"eventBus"}}
{"__type":"$$EventMessageWorkflow","id":"5d395d17-4749-4ed1-842f-c00579eec915","ts":"2026-07-13T15:41:18.887-04:00","eventName":"n8n.workflow.success","message":"n8n.workflow.success","payload":{"executionId":"453","success":true,"isManual":false,"mode":"webhook","workflowId":"csjSBc51yUkh2vRH","workflowName":"fire"}}
{"__type":"$$EventMessageConfirm","confirm":"5d395d17-4749-4ed1-842f-c00579eec915","ts":"2026-07-13T15:41:18.887-04:00","source":{"id":"0","name":"eventBus"}}
{"__type":"$$EventMessageWorkflow","id":"5e84528a-1738-4e4b-aaf1-2b45bbeec325","ts":"2026-07-13T15:41:19.103-04:00","eventName":"n8n.workflow.started","message":"n8n.workflow.started","payload":{"executionId":"454","workflowId":"4060d0nwMZdXJrUS","isManual":false,"mode":"webhook","workflowName":"alert"}}
{"__type":"$$EventMessageConfirm","confirm":"5e84528a-1738-4e4b-aaf1-2b45bbeec325","ts":"2026-07-13T15:41:19.103-04:00","source":{"id":"0","name":"eventBus"}}
{"__type":"$$EventMessageAudit","id":"029e28e1-7558-408b-a3d8-f8f2265f77ba","ts":"2026-07-13T15:41:19.104-04:00","eventName":"n8n.audit.workflow.executed","message":"n8n.audit.workflow.executed","payload":{"workflowId":"4060d0nwMZdXJrUS","workflowName":"alert","executionId":"454","source":"webhook"}}
{"__type":"$$EventMessageConfirm","confirm":"029e28e1-7558-408b-a3d8-f8f2265f77ba","ts":"2026-07-13T15:41:19.105-04:00","source":{"id":"0","name":"eventBus"}}
{"__type":"$$EventMessageNode","id":"30ff8cf1-de89-420e-8ad3-fcc983f122fa","ts":"2026-07-13T15:41:19.106-04:00","eventName":"n8n.node.started","message":"n8n.node.started","payload":{"workflowId":"4060d0nwMZdXJrUS","workflowName":"alert","executionId":"454","nodeType":"n8n-nodes-base.webhook","nodeName":"Webhook","nodeId":"45b9a4be-0184-403c-83f3-41cbd14731c8"}}
{"__type":"$$EventMessageConfirm","confirm":"30ff8cf1-de89-420e-8ad3-fcc983f122fa","ts":"2026-07-13T15:41:19.106-04:00","source":{"id":"0","name":"eventBus"}}
{"__type":"$$EventMessageNode","id":"a2f0eb91-52d0-4f77-8a4a-121ab209835f","ts":"2026-07-13T15:41:19.107-04:00","eventName":"n8n.node.finished","message":"n8n.node.finished","payload":{"workflowId":"4060d0nwMZdXJrUS","workflowName":"alert","executionId":"454","nodeType":"n8n-nodes-base.webhook","nodeName":"Webhook","nodeId":"45b9a4be-0184-403c-83f3-41cbd14731c8"}}
{"__type":"$$EventMessageConfirm","confirm":"a2f0eb91-52d0-4f77-8a4a-121ab209835f","ts":"2026-07-13T15:41:19.107-04:00","source":{"id":"0","name":"eventBus"}}
{"__type":"$$EventMessageNode","id":"005b3282-1457-4c04-8a0c-3550eb4fa159","ts":"2026-07-13T15:41:19.107-04:00","eventName":"n8n.node.started","message":"n8n.node.started","payload":{"workflowId":"4060d0nwMZdXJrUS","workflowName":"alert","executionId":"454","nodeType":"n8n-nodes-base.code","nodeName":"Code in JavaScript","nodeId":"847e0d93-8488-41ce-97de-68b297df2b47"}}
{"__type":"$$EventMessageConfirm","confirm":"005b3282-1457-4c04-8a0c-3550eb4fa159","ts":"2026-07-13T15:41:19.107-04:00","source":{"id":"0","name":"eventBus"}}
{"__type":"$$EventMessageRunner","id":"af6e2ed3-7fe1-4513-bad5-f165af4a71c0","ts":"2026-07-13T15:41:19.110-04:00","eventName":"n8n.runner.task.requested","message":"n8n.runner.task.requested","payload":{"taskId":"rrVZYwgy","nodeId":"847e0d93-8488-41ce-97de-68b297df2b47","workflowId":"4060d0nwMZdXJrUS","executionId":"454"}}
{"__type":"$$EventMessageConfirm","confirm":"af6e2ed3-7fe1-4513-bad5-f165af4a71c0","ts":"2026-07-13T15:41:19.110-04:00","source":{"id":"0","name":"eventBus"}}
{"__type":"$$EventMessageRunner","id":"2981019b-483f-4173-abc4-a7cc01cbb9e4","ts":"2026-07-13T15:41:19.122-04:00","eventName":"n8n.runner.response.received","message":"n8n.runner.response.received","payload":{"taskId":"rrVZYwgy","nodeId":"847e0d93-8488-41ce-97de-68b297df2b47","workflowId":"4060d0nwMZdXJrUS","executionId":"454"}}
{"__type":"$$EventMessageConfirm","confirm":"2981019b-483f-4173-abc4-a7cc01cbb9e4","ts":"2026-07-13T15:41:19.122-04:00","source":{"id":"0","name":"eventBus"}}
{"__type":"$$EventMessageNode","id":"1cd6a44e-6174-4b85-8fd2-3fffe4cb9a31","ts":"2026-07-13T15:41:19.123-04:00","eventName":"n8n.node.finished","message":"n8n.node.finished","payload":{"workflowId":"4060d0nwMZdXJrUS","workflowName":"alert","executionId":"454","nodeType":"n8n-nodes-base.code","nodeName":"Code in JavaScript","nodeId":"847e0d93-8488-41ce-97de-68b297df2b47"}}
{"__type":"$$EventMessageConfirm","confirm":"1cd6a44e-6174-4b85-8fd2-3fffe4cb9a31","ts":"2026-07-13T15:41:19.123-04:00","source":{"id":"0","name":"eventBus"}}
{"__type":"$$EventMessageNode","id":"95a4bebe-88cb-4df9-b10a-04823d504be1","ts":"2026-07-13T15:41:19.123-04:00","eventName":"n8n.node.started","message":"n8n.node.started","payload":{"workflowId":"4060d0nwMZdXJrUS","workflowName":"alert","executionId":"454","nodeType":"n8n-nodes-base.if","nodeName":"If","nodeId":"a8f0bf21-8151-4783-a4a5-ac8e38d0da13"}}
{"__type":"$$EventMessageConfirm","confirm":"95a4bebe-88cb-4df9-b10a-04823d504be1","ts":"2026-07-13T15:41:19.123-04:00","source":{"id":"0","name":"eventBus"}}
{"__type":"$$EventMessageNode","id":"9bbbbc02-e184-4e84-adec-09ab1e274a05","ts":"2026-07-13T15:41:19.124-04:00","eventName":"n8n.node.finished","message":"n8n.node.finished","payload":{"workflowId":"4060d0nwMZdXJrUS","workflowName":"alert","executionId":"454","nodeType":"n8n-nodes-base.if","nodeName":"If","nodeId":"a8f0bf21-8151-4783-a4a5-ac8e38d0da13"}}
{"__type":"$$EventMessageConfirm","confirm":"9bbbbc02-e184-4e84-adec-09ab1e274a05","ts":"2026-07-13T15:41:19.124-04:00","source":{"id":"0","name":"eventBus"}}
{"__type":"$$EventMessageNode","id":"f22d45f7-d671-4cf1-9dd5-c1a7c15be45d","ts":"2026-07-13T15:41:19.124-04:00","eventName":"n8n.node.started","message":"n8n.node.started","payload":{"workflowId":"4060d0nwMZdXJrUS","workflowName":"alert","executionId":"454","nodeType":"n8n-nodes-base.code","nodeName":"Code in JavaScript1","nodeId":"50b098bd-b40a-4c90-b2d4-eb880777eaff"}}
{"__type":"$$EventMessageConfirm","confirm":"f22d45f7-d671-4cf1-9dd5-c1a7c15be45d","ts":"2026-07-13T15:41:19.124-04:00","source":{"id":"0","name":"eventBus"}}
{"__type":"$$EventMessageRunner","id":"cca59830-57ab-4ca6-ac24-a574b5bfaa65","ts":"2026-07-13T15:41:19.126-04:00","eventName":"n8n.runner.task.requested","message":"n8n.runner.task.requested","payload":{"taskId":"Tf2CH6Tv","nodeId":"50b098bd-b40a-4c90-b2d4-eb880777eaff","workflowId":"4060d0nwMZdXJrUS","executionId":"454"}}
{"__type":"$$EventMessageConfirm","confirm":"cca59830-57ab-4ca6-ac24-a574b5bfaa65","ts":"2026-07-13T15:41:19.127-04:00","source":{"id":"0","name":"eventBus"}}
{"__type":"$$EventMessageRunner","id":"bf1bae7f-735b-4606-af4c-b8acdde530b9","ts":"2026-07-13T15:41:19.142-04:00","eventName":"n8n.runner.response.received","message":"n8n.runner.response.received","payload":{"taskId":"Tf2CH6Tv","nodeId":"50b098bd-b40a-4c90-b2d4-eb880777eaff","workflowId":"4060d0nwMZdXJrUS","executionId":"454"}}
{"__type":"$$EventMessageConfirm","confirm":"bf1bae7f-735b-4606-af4c-b8acdde530b9","ts":"2026-07-13T15:41:19.142-04:00","source":{"id":"0","name":"eventBus"}}
{"__type":"$$EventMessageNode","id":"ffdfcecb-ebf8-4fe5-9b74-ecff65aaed18","ts":"2026-07-13T15:41:19.143-04:00","eventName":"n8n.node.finished","message":"n8n.node.finished","payload":{"workflowId":"4060d0nwMZdXJrUS","workflowName":"alert","executionId":"454","nodeType":"n8n-nodes-base.code","nodeName":"Code in JavaScript1","nodeId":"50b098bd-b40a-4c90-b2d4-eb880777eaff"}}
{"__type":"$$EventMessageConfirm","confirm":"ffdfcecb-ebf8-4fe5-9b74-ecff65aaed18","ts":"2026-07-13T15:41:19.143-04:00","source":{"id":"0","name":"eventBus"}}
{"__type":"$$EventMessageWorkflow","id":"59cd2cc8-352e-4e0a-a5c1-25ba357be706","ts":"2026-07-13T15:41:19.143-04:00","eventName":"n8n.workflow.success","message":"n8n.workflow.success","payload":{"executionId":"454","success":true,"isManual":false,"mode":"webhook","workflowId":"4060d0nwMZdXJrUS","workflowName":"alert"}}
{"__type":"$$EventMessageConfirm","confirm":"59cd2cc8-352e-4e0a-a5c1-25ba357be706","ts":"2026-07-13T15:41:19.143-04:00","source":{"id":"0","name":"eventBus"}}
{"__type":"$$EventMessageWorkflow","id":"25bdae71-6d37-437c-8818-7c05aac5af36","ts":"2026-07-13T15:42:24.261-04:00","eventName":"n8n.workflow.started","message":"n8n.workflow.started","payload":{"executionId":"455","workflowId":"csjSBc51yUkh2vRH","isManual":false,"mode":"webhook","workflowName":"fire"}}
{"__type":"$$EventMessageConfirm","confirm":"25bdae71-6d37-437c-8818-7c05aac5af36","ts":"2026-07-13T15:42:24.261-04:00","source":{"id":"0","name":"eventBus"}}
{"__type":"$$EventMessageAudit","id":"17fab3d4-6235-4331-ad59-484aaae9bc4f","ts":"2026-07-13T15:42:24.262-04:00","eventName":"n8n.audit.workflow.executed","message":"n8n.audit.workflow.executed","payload":{"workflowId":"csjSBc51yUkh2vRH","workflowName":"fire","executionId":"455","source":"webhook"}}
{"__type":"$$EventMessageConfirm","confirm":"17fab3d4-6235-4331-ad59-484aaae9bc4f","ts":"2026-07-13T15:42:24.262-04:00","source":{"id":"0","name":"eventBus"}}
{"__type":"$$EventMessageNode","id":"c247cf08-d36b-4846-a6a9-9948bf9d580e","ts":"2026-07-13T15:42:24.263-04:00","eventName":"n8n.node.started","message":"n8n.node.started","payload":{"workflowId":"csjSBc51yUkh2vRH","workflowName":"fire","executionId":"455","nodeType":"n8n-nodes-base.webhook","nodeName":"Webhook","nodeId":"24e7bc53-ee06-4b53-b753-97a049b3327b"}}
{"__type":"$$EventMessageConfirm","confirm":"c247cf08-d36b-4846-a6a9-9948bf9d580e","ts":"2026-07-13T15:42:24.263-04:00","source":{"id":"0","name":"eventBus"}}
{"__type":"$$EventMessageNode","id":"4f921aad-b34d-4578-9c99-fb012900ae8a","ts":"2026-07-13T15:42:24.263-04:00","eventName":"n8n.node.finished","message":"n8n.node.finished","payload":{"workflowId":"csjSBc51yUkh2vRH","workflowName":"fire","executionId":"455","nodeType":"n8n-nodes-base.webhook","nodeName":"Webhook","nodeId":"24e7bc53-ee06-4b53-b753-97a049b3327b"}}
{"__type":"$$EventMessageConfirm","confirm":"4f921aad-b34d-4578-9c99-fb012900ae8a","ts":"2026-07-13T15:42:24.263-04:00","source":{"id":"0","name":"eventBus"}}
{"__type":"$$EventMessageNode","id":"fffa62fd-e806-4b11-9d47-222328eefb69","ts":"2026-07-13T15:42:24.263-04:00","eventName":"n8n.node.started","message":"n8n.node.started","payload":{"workflowId":"csjSBc51yUkh2vRH","workflowName":"fire","executionId":"455","nodeType":"n8n-nodes-base.code","nodeName":"Code in JavaScript","nodeId":"f271c744-c46c-4766-b045-ed1d8821c40d"}}
{"__type":"$$EventMessageConfirm","confirm":"fffa62fd-e806-4b11-9d47-222328eefb69","ts":"2026-07-13T15:42:24.263-04:00","source":{"id":"0","name":"eventBus"}}
{"__type":"$$EventMessageRunner","id":"c42490d6-794a-4123-9880-90cb24cabf27","ts":"2026-07-13T15:42:24.265-04:00","eventName":"n8n.runner.task.requested","message":"n8n.runner.task.requested","payload":{"taskId":"l_SCxlWr","nodeId":"f271c744-c46c-4766-b045-ed1d8821c40d","workflowId":"csjSBc51yUkh2vRH","executionId":"455"}}
{"__type":"$$EventMessageConfirm","confirm":"c42490d6-794a-4123-9880-90cb24cabf27","ts":"2026-07-13T15:42:24.265-04:00","source":{"id":"0","name":"eventBus"}}
{"__type":"$$EventMessageRunner","id":"03d74fa4-5b9b-4298-a45d-4482135066e7","ts":"2026-07-13T15:42:24.279-04:00","eventName":"n8n.runner.response.received","message":"n8n.runner.response.received","payload":{"taskId":"l_SCxlWr","nodeId":"f271c744-c46c-4766-b045-ed1d8821c40d","workflowId":"csjSBc51yUkh2vRH","executionId":"455"}}
{"__type":"$$EventMessageConfirm","confirm":"03d74fa4-5b9b-4298-a45d-4482135066e7","ts":"2026-07-13T15:42:24.280-04:00","source":{"id":"0","name":"eventBus"}}
{"__type":"$$EventMessageNode","id":"83fa5155-8c51-4a61-b301-c425338a06a1","ts":"2026-07-13T15:42:24.280-04:00","eventName":"n8n.node.finished","message":"n8n.node.finished","payload":{"workflowId":"csjSBc51yUkh2vRH","workflowName":"fire","executionId":"455","nodeType":"n8n-nodes-base.code","nodeName":"Code in JavaScript","nodeId":"f271c744-c46c-4766-b045-ed1d8821c40d"}}
{"__type":"$$EventMessageConfirm","confirm":"83fa5155-8c51-4a61-b301-c425338a06a1","ts":"2026-07-13T15:42:24.280-04:00","source":{"id":"0","name":"eventBus"}}
{"__type":"$$EventMessageNode","id":"16bab4ce-cf1a-4ee2-b7ba-feed6bc56e17","ts":"2026-07-13T15:42:24.280-04:00","eventName":"n8n.node.started","message":"n8n.node.started","payload":{"workflowId":"csjSBc51yUkh2vRH","workflowName":"fire","executionId":"455","nodeType":"n8n-nodes-base.code","nodeName":"Code in JavaScript1","nodeId":"3cd55fa9-d0e9-43ab-b0ba-fe5047c0e593"}}
{"__type":"$$EventMessageConfirm","confirm":"16bab4ce-cf1a-4ee2-b7ba-feed6bc56e17","ts":"2026-07-13T15:42:24.280-04:00","source":{"id":"0","name":"eventBus"}}
{"__type":"$$EventMessageRunner","id":"5c5a99fe-9f6c-45c3-8196-465e0aca7b0b","ts":"2026-07-13T15:42:24.282-04:00","eventName":"n8n.runner.task.requested","message":"n8n.runner.task.requested","payload":{"taskId":"blpuFDpI","nodeId":"3cd55fa9-d0e9-43ab-b0ba-fe5047c0e593","workflowId":"csjSBc51yUkh2vRH","executionId":"455"}}
{"__type":"$$EventMessageConfirm","confirm":"5c5a99fe-9f6c-45c3-8196-465e0aca7b0b","ts":"2026-07-13T15:42:24.282-04:00","source":{"id":"0","name":"eventBus"}}
{"__type":"$$EventMessageRunner","id":"b6a1e7df-8d08-48ef-a938-c8e9f169d72d","ts":"2026-07-13T15:42:24.293-04:00","eventName":"n8n.runner.response.received","message":"n8n.runner.response.received","payload":{"taskId":"blpuFDpI","nodeId":"3cd55fa9-d0e9-43ab-b0ba-fe5047c0e593","workflowId":"csjSBc51yUkh2vRH","executionId":"455"}}
{"__type":"$$EventMessageConfirm","confirm":"b6a1e7df-8d08-48ef-a938-c8e9f169d72d","ts":"2026-07-13T15:42:24.293-04:00","source":{"id":"0","name":"eventBus"}}
{"__type":"$$EventMessageNode","id":"b6648460-726c-4cf0-b767-951c0fc9a2a8","ts":"2026-07-13T15:42:24.293-04:00","eventName":"n8n.node.finished","message":"n8n.node.finished","payload":{"workflowId":"csjSBc51yUkh2vRH","workflowName":"fire","executionId":"455","nodeType":"n8n-nodes-base.code","nodeName":"Code in JavaScript1","nodeId":"3cd55fa9-d0e9-43ab-b0ba-fe5047c0e593"}}
{"__type":"$$EventMessageConfirm","confirm":"b6648460-726c-4cf0-b767-951c0fc9a2a8","ts":"2026-07-13T15:42:24.294-04:00","source":{"id":"0","name":"eventBus"}}
{"__type":"$$EventMessageWorkflow","id":"1e6d7357-351e-4a3e-95f1-8d6a9de8d87e","ts":"2026-07-13T15:42:24.294-04:00","eventName":"n8n.workflow.success","message":"n8n.workflow.success","payload":{"executionId":"455","success":true,"isManual":false,"mode":"webhook","workflowId":"csjSBc51yUkh2vRH","workflowName":"fire"}}
{"__type":"$$EventMessageConfirm","confirm":"1e6d7357-351e-4a3e-95f1-8d6a9de8d87e","ts":"2026-07-13T15:42:24.294-04:00","source":{"id":"0","name":"eventBus"}}
{"__type":"$$EventMessageWorkflow","id":"0d63b0c9-54d3-411f-8d4b-06b664b0d474","ts":"2026-07-13T15:42:24.426-04:00","eventName":"n8n.workflow.started","message":"n8n.workflow.started","payload":{"executionId":"456","workflowId":"4060d0nwMZdXJrUS","isManual":false,"mode":"webhook","workflowName":"alert"}}
{"__type":"$$EventMessageConfirm","confirm":"0d63b0c9-54d3-411f-8d4b-06b664b0d474","ts":"2026-07-13T15:42:24.426-04:00","source":{"id":"0","name":"eventBus"}}
{"__type":"$$EventMessageAudit","id":"3bf8b6d3-51a9-4cbb-b322-a4fce62ac1b7","ts":"2026-07-13T15:42:24.427-04:00","eventName":"n8n.audit.workflow.executed","message":"n8n.audit.workflow.executed","payload":{"workflowId":"4060d0nwMZdXJrUS","workflowName":"alert","executionId":"456","source":"webhook"}}
{"__type":"$$EventMessageConfirm","confirm":"3bf8b6d3-51a9-4cbb-b322-a4fce62ac1b7","ts":"2026-07-13T15:42:24.427-04:00","source":{"id":"0","name":"eventBus"}}
{"__type":"$$EventMessageNode","id":"c73afbb2-43b9-49a2-b97a-1446ea65d71f","ts":"2026-07-13T15:42:24.429-04:00","eventName":"n8n.node.started","message":"n8n.node.started","payload":{"workflowId":"4060d0nwMZdXJrUS","workflowName":"alert","executionId":"456","nodeType":"n8n-nodes-base.webhook","nodeName":"Webhook","nodeId":"45b9a4be-0184-403c-83f3-41cbd14731c8"}}
{"__type":"$$EventMessageConfirm","confirm":"c73afbb2-43b9-49a2-b97a-1446ea65d71f","ts":"2026-07-13T15:42:24.429-04:00","source":{"id":"0","name":"eventBus"}}
{"__type":"$$EventMessageNode","id":"176c35af-c551-4fa2-9d68-3a34de57e0af","ts":"2026-07-13T15:42:24.429-04:00","eventName":"n8n.node.finished","message":"n8n.node.finished","payload":{"workflowId":"4060d0nwMZdXJrUS","workflowName":"alert","executionId":"456","nodeType":"n8n-nodes-base.webhook","nodeName":"Webhook","nodeId":"45b9a4be-0184-403c-83f3-41cbd14731c8"}}
{"__type":"$$EventMessageConfirm","confirm":"176c35af-c551-4fa2-9d68-3a34de57e0af","ts":"2026-07-13T15:42:24.429-04:00","source":{"id":"0","name":"eventBus"}}
{"__type":"$$EventMessageNode","id":"7a339cbc-bd09-4ad6-80c8-e24edc3977c9","ts":"2026-07-13T15:42:24.429-04:00","eventName":"n8n.node.started","message":"n8n.node.started","payload":{"workflowId":"4060d0nwMZdXJrUS","workflowName":"alert","executionId":"456","nodeType":"n8n-nodes-base.code","nodeName":"Code in JavaScript","nodeId":"847e0d93-8488-41ce-97de-68b297df2b47"}}
{"__type":"$$EventMessageConfirm","confirm":"7a339cbc-bd09-4ad6-80c8-e24edc3977c9","ts":"2026-07-13T15:42:24.429-04:00","source":{"id":"0","name":"eventBus"}}
{"__type":"$$EventMessageRunner","id":"6edabaa2-13f2-453d-b1ae-369a4ea3b678","ts":"2026-07-13T15:42:24.437-04:00","eventName":"n8n.runner.task.requested","message":"n8n.runner.task.requested","payload":{"taskId":"Nyt66D1_","nodeId":"847e0d93-8488-41ce-97de-68b297df2b47","workflowId":"4060d0nwMZdXJrUS","executionId":"456"}}
{"__type":"$$EventMessageConfirm","confirm":"6edabaa2-13f2-453d-b1ae-369a4ea3b678","ts":"2026-07-13T15:42:24.437-04:00","source":{"id":"0","name":"eventBus"}}
{"__type":"$$EventMessageRunner","id":"e4e9bdee-55aa-41ab-8fb3-99e6b0276154","ts":"2026-07-13T15:42:24.447-04:00","eventName":"n8n.runner.response.received","message":"n8n.runner.response.received","payload":{"taskId":"Nyt66D1_","nodeId":"847e0d93-8488-41ce-97de-68b297df2b47","workflowId":"4060d0nwMZdXJrUS","executionId":"456"}}
{"__type":"$$EventMessageConfirm","confirm":"e4e9bdee-55aa-41ab-8fb3-99e6b0276154","ts":"2026-07-13T15:42:24.447-04:00","source":{"id":"0","name":"eventBus"}}
{"__type":"$$EventMessageNode","id":"79bb0ae1-ded6-4b3d-b76b-06841e93179c","ts":"2026-07-13T15:42:24.448-04:00","eventName":"n8n.node.finished","message":"n8n.node.finished","payload":{"workflowId":"4060d0nwMZdXJrUS","workflowName":"alert","executionId":"456","nodeType":"n8n-nodes-base.code","nodeName":"Code in JavaScript","nodeId":"847e0d93-8488-41ce-97de-68b297df2b47"}}
{"__type":"$$EventMessageConfirm","confirm":"79bb0ae1-ded6-4b3d-b76b-06841e93179c","ts":"2026-07-13T15:42:24.448-04:00","source":{"id":"0","name":"eventBus"}}
{"__type":"$$EventMessageNode","id":"508f2d47-0918-4eef-9835-9a25b0b75fcf","ts":"2026-07-13T15:42:24.448-04:00","eventName":"n8n.node.started","message":"n8n.node.started","payload":{"workflowId":"4060d0nwMZdXJrUS","workflowName":"alert","executionId":"456","nodeType":"n8n-nodes-base.if","nodeName":"If","nodeId":"a8f0bf21-8151-4783-a4a5-ac8e38d0da13"}}
{"__type":"$$EventMessageConfirm","confirm":"508f2d47-0918-4eef-9835-9a25b0b75fcf","ts":"2026-07-13T15:42:24.448-04:00","source":{"id":"0","name":"eventBus"}}
{"__type":"$$EventMessageNode","id":"2ee3fec3-94b6-4486-903f-0d0c6dbb4f78","ts":"2026-07-13T15:42:24.450-04:00","eventName":"n8n.node.finished","message":"n8n.node.finished","payload":{"workflowId":"4060d0nwMZdXJrUS","workflowName":"alert","executionId":"456","nodeType":"n8n-nodes-base.if","nodeName":"If","nodeId":"a8f0bf21-8151-4783-a4a5-ac8e38d0da13"}}
{"__type":"$$EventMessageConfirm","confirm":"2ee3fec3-94b6-4486-903f-0d0c6dbb4f78","ts":"2026-07-13T15:42:24.450-04:00","source":{"id":"0","name":"eventBus"}}
{"__type":"$$EventMessageNode","id":"c5ff80a4-cc24-4e58-bc44-fbc290b5eea9","ts":"2026-07-13T15:42:24.450-04:00","eventName":"n8n.node.started","message":"n8n.node.started","payload":{"workflowId":"4060d0nwMZdXJrUS","workflowName":"alert","executionId":"456","nodeType":"n8n-nodes-base.code","nodeName":"Code in JavaScript1","nodeId":"50b098bd-b40a-4c90-b2d4-eb880777eaff"}}
{"__type":"$$EventMessageConfirm","confirm":"c5ff80a4-cc24-4e58-bc44-fbc290b5eea9","ts":"2026-07-13T15:42:24.450-04:00","source":{"id":"0","name":"eventBus"}}
{"__type":"$$EventMessageRunner","id":"a36f6a83-c644-43e8-9d97-62528cda8a40","ts":"2026-07-13T15:42:24.452-04:00","eventName":"n8n.runner.task.requested","message":"n8n.runner.task.requested","payload":{"taskId":"XL6PU3c1","nodeId":"50b098bd-b40a-4c90-b2d4-eb880777eaff","workflowId":"4060d0nwMZdXJrUS","executionId":"456"}}
{"__type":"$$EventMessageConfirm","confirm":"a36f6a83-c644-43e8-9d97-62528cda8a40","ts":"2026-07-13T15:42:24.452-04:00","source":{"id":"0","name":"eventBus"}}
{"__type":"$$EventMessageRunner","id":"a27c1760-6f2e-4233-9967-facf93edc2d3","ts":"2026-07-13T15:42:24.465-04:00","eventName":"n8n.runner.response.received","message":"n8n.runner.response.received","payload":{"taskId":"XL6PU3c1","nodeId":"50b098bd-b40a-4c90-b2d4-eb880777eaff","workflowId":"4060d0nwMZdXJrUS","executionId":"456"}}
{"__type":"$$EventMessageConfirm","confirm":"a27c1760-6f2e-4233-9967-facf93edc2d3","ts":"2026-07-13T15:42:24.465-04:00","source":{"id":"0","name":"eventBus"}}
{"__type":"$$EventMessageNode","id":"85c83b1f-9219-4015-a47e-2b42a01d3cc6","ts":"2026-07-13T15:42:24.465-04:00","eventName":"n8n.node.finished","message":"n8n.node.finished","payload":{"workflowId":"4060d0nwMZdXJrUS","workflowName":"alert","executionId":"456","nodeType":"n8n-nodes-base.code","nodeName":"Code in JavaScript1","nodeId":"50b098bd-b40a-4c90-b2d4-eb880777eaff"}}
{"__type":"$$EventMessageConfirm","confirm":"85c83b1f-9219-4015-a47e-2b42a01d3cc6","ts":"2026-07-13T15:42:24.465-04:00","source":{"id":"0","name":"eventBus"}}
{"__type":"$$EventMessageWorkflow","id":"b5ede2cb-e627-4f78-ac1a-1ab275517ffe","ts":"2026-07-13T15:42:24.465-04:00","eventName":"n8n.workflow.success","message":"n8n.workflow.success","payload":{"executionId":"456","success":true,"isManual":false,"mode":"webhook","workflowId":"4060d0nwMZdXJrUS","workflowName":"alert"}}
{"__type":"$$EventMessageConfirm","confirm":"b5ede2cb-e627-4f78-ac1a-1ab275517ffe","ts":"2026-07-13T15:42:24.466-04:00","source":{"id":"0","name":"eventBus"}}
{"__type":"$$EventMessageWorkflow","id":"556859f3-f175-46b7-968c-e28425751639","ts":"2026-07-13T15:43:29.753-04:00","eventName":"n8n.workflow.started","message":"n8n.workflow.started","payload":{"executionId":"457","workflowId":"csjSBc51yUkh2vRH","isManual":false,"mode":"webhook","workflowName":"fire"}}
{"__type":"$$EventMessageConfirm","confirm":"556859f3-f175-46b7-968c-e28425751639","ts":"2026-07-13T15:43:29.754-04:00","source":{"id":"0","name":"eventBus"}}
{"__type":"$$EventMessageAudit","id":"1db3918b-f40a-47ff-9063-eeeb158b3ab8","ts":"2026-07-13T15:43:29.755-04:00","eventName":"n8n.audit.workflow.executed","message":"n8n.audit.workflow.executed","payload":{"workflowId":"csjSBc51yUkh2vRH","workflowName":"fire","executionId":"457","source":"webhook"}}
{"__type":"$$EventMessageConfirm","confirm":"1db3918b-f40a-47ff-9063-eeeb158b3ab8","ts":"2026-07-13T15:43:29.755-04:00","source":{"id":"0","name":"eventBus"}}
{"__type":"$$EventMessageNode","id":"6b4769dc-6d9c-43c5-93a2-b2abb98f36d2","ts":"2026-07-13T15:43:29.758-04:00","eventName":"n8n.node.started","message":"n8n.node.started","payload":{"workflowId":"csjSBc51yUkh2vRH","workflowName":"fire","executionId":"457","nodeType":"n8n-nodes-base.webhook","nodeName":"Webhook","nodeId":"24e7bc53-ee06-4b53-b753-97a049b3327b"}}
{"__type":"$$EventMessageConfirm","confirm":"6b4769dc-6d9c-43c5-93a2-b2abb98f36d2","ts":"2026-07-13T15:43:29.760-04:00","source":{"id":"0","name":"eventBus"}}
{"__type":"$$EventMessageNode","id":"ac40c3d9-f235-4613-bd20-41b0bcdec779","ts":"2026-07-13T15:43:29.761-04:00","eventName":"n8n.node.finished","message":"n8n.node.finished","payload":{"workflowId":"csjSBc51yUkh2vRH","workflowName":"fire","executionId":"457","nodeType":"n8n-nodes-base.webhook","nodeName":"Webhook","nodeId":"24e7bc53-ee06-4b53-b753-97a049b3327b"}}
{"__type":"$$EventMessageConfirm","confirm":"ac40c3d9-f235-4613-bd20-41b0bcdec779","ts":"2026-07-13T15:43:29.761-04:00","source":{"id":"0","name":"eventBus"}}
{"__type":"$$EventMessageNode","id":"7835a0b5-953d-41ba-a7f4-0f903672e847","ts":"2026-07-13T15:43:29.761-04:00","eventName":"n8n.node.started","message":"n8n.node.started","payload":{"workflowId":"csjSBc51yUkh2vRH","workflowName":"fire","executionId":"457","nodeType":"n8n-nodes-base.code","nodeName":"Code in JavaScript","nodeId":"f271c744-c46c-4766-b045-ed1d8821c40d"}}
{"__type":"$$EventMessageConfirm","confirm":"7835a0b5-953d-41ba-a7f4-0f903672e847","ts":"2026-07-13T15:43:29.762-04:00","source":{"id":"0","name":"eventBus"}}
{"__type":"$$EventMessageRunner","id":"8ebb6ab7-90a7-4666-b6e4-c68b9f4bd261","ts":"2026-07-13T15:43:29.764-04:00","eventName":"n8n.runner.task.requested","message":"n8n.runner.task.requested","payload":{"taskId":"Jx3jWsfa","nodeId":"f271c744-c46c-4766-b045-ed1d8821c40d","workflowId":"csjSBc51yUkh2vRH","executionId":"457"}}
{"__type":"$$EventMessageConfirm","confirm":"8ebb6ab7-90a7-4666-b6e4-c68b9f4bd261","ts":"2026-07-13T15:43:29.765-04:00","source":{"id":"0","name":"eventBus"}}
{"__type":"$$EventMessageRunner","id":"31a5d7ad-b833-41fb-8839-c6ff4b77b92d","ts":"2026-07-13T15:43:29.782-04:00","eventName":"n8n.runner.response.received","message":"n8n.runner.response.received","payload":{"taskId":"Jx3jWsfa","nodeId":"f271c744-c46c-4766-b045-ed1d8821c40d","workflowId":"csjSBc51yUkh2vRH","executionId":"457"}}
{"__type":"$$EventMessageConfirm","confirm":"31a5d7ad-b833-41fb-8839-c6ff4b77b92d","ts":"2026-07-13T15:43:29.783-04:00","source":{"id":"0","name":"eventBus"}}
{"__type":"$$EventMessageNode","id":"78c81f79-a8ac-4da3-971d-fddf32ab0eb6","ts":"2026-07-13T15:43:29.783-04:00","eventName":"n8n.node.finished","message":"n8n.node.finished","payload":{"workflowId":"csjSBc51yUkh2vRH","workflowName":"fire","executionId":"457","nodeType":"n8n-nodes-base.code","nodeName":"Code in JavaScript","nodeId":"f271c744-c46c-4766-b045-ed1d8821c40d"}}
{"__type":"$$EventMessageConfirm","confirm":"78c81f79-a8ac-4da3-971d-fddf32ab0eb6","ts":"2026-07-13T15:43:29.783-04:00","source":{"id":"0","name":"eventBus"}}
{"__type":"$$EventMessageNode","id":"71d471dd-8655-49c2-8e71-80a5f90e9d2f","ts":"2026-07-13T15:43:29.784-04:00","eventName":"n8n.node.started","message":"n8n.node.started","payload":{"workflowId":"csjSBc51yUkh2vRH","workflowName":"fire","executionId":"457","nodeType":"n8n-nodes-base.code","nodeName":"Code in JavaScript1","nodeId":"3cd55fa9-d0e9-43ab-b0ba-fe5047c0e593"}}
{"__type":"$$EventMessageConfirm","confirm":"71d471dd-8655-49c2-8e71-80a5f90e9d2f","ts":"2026-07-13T15:43:29.784-04:00","source":{"id":"0","name":"eventBus"}}
{"__type":"$$EventMessageRunner","id":"0afca25f-3948-4bd7-94a9-cb9e9c870783","ts":"2026-07-13T15:43:29.790-04:00","eventName":"n8n.runner.task.requested","message":"n8n.runner.task.requested","payload":{"taskId":"gQZILdXG","nodeId":"3cd55fa9-d0e9-43ab-b0ba-fe5047c0e593","workflowId":"csjSBc51yUkh2vRH","executionId":"457"}}
{"__type":"$$EventMessageConfirm","confirm":"0afca25f-3948-4bd7-94a9-cb9e9c870783","ts":"2026-07-13T15:43:29.790-04:00","source":{"id":"0","name":"eventBus"}}
{"__type":"$$EventMessageRunner","id":"8c6f9cef-1e5d-4725-9950-5aa73a2498eb","ts":"2026-07-13T15:43:29.840-04:00","eventName":"n8n.runner.response.received","message":"n8n.runner.response.received","payload":{"taskId":"gQZILdXG","nodeId":"3cd55fa9-d0e9-43ab-b0ba-fe5047c0e593","workflowId":"csjSBc51yUkh2vRH","executionId":"457"}}
{"__type":"$$EventMessageConfirm","confirm":"8c6f9cef-1e5d-4725-9950-5aa73a2498eb","ts":"2026-07-13T15:43:29.841-04:00","source":{"id":"0","name":"eventBus"}}
{"__type":"$$EventMessageNode","id":"e82ecb12-a8b3-44cd-94e7-7d4a2d2680fc","ts":"2026-07-13T15:43:29.841-04:00","eventName":"n8n.node.finished","message":"n8n.node.finished","payload":{"workflowId":"csjSBc51yUkh2vRH","workflowName":"fire","executionId":"457","nodeType":"n8n-nodes-base.code","nodeName":"Code in JavaScript1","nodeId":"3cd55fa9-d0e9-43ab-b0ba-fe5047c0e593"}}
{"__type":"$$EventMessageConfirm","confirm":"e82ecb12-a8b3-44cd-94e7-7d4a2d2680fc","ts":"2026-07-13T15:43:29.842-04:00","source":{"id":"0","name":"eventBus"}}
{"__type":"$$EventMessageWorkflow","id":"7dee6894-4b9a-4b68-ac50-8aec5479f72a","ts":"2026-07-13T15:43:29.842-04:00","eventName":"n8n.workflow.success","message":"n8n.workflow.success","payload":{"executionId":"457","success":true,"isManual":false,"mode":"webhook","workflowId":"csjSBc51yUkh2vRH","workflowName":"fire"}}
{"__type":"$$EventMessageConfirm","confirm":"7dee6894-4b9a-4b68-ac50-8aec5479f72a","ts":"2026-07-13T15:43:29.842-04:00","source":{"id":"0","name":"eventBus"}}
{"__type":"$$EventMessageWorkflow","id":"2675da9d-835e-48ec-8210-37174a1373d4","ts":"2026-07-13T15:43:29.995-04:00","eventName":"n8n.workflow.started","message":"n8n.workflow.started","payload":{"executionId":"458","workflowId":"4060d0nwMZdXJrUS","isManual":false,"mode":"webhook","workflowName":"alert"}}
{"__type":"$$EventMessageConfirm","confirm":"2675da9d-835e-48ec-8210-37174a1373d4","ts":"2026-07-13T15:43:29.996-04:00","source":{"id":"0","name":"eventBus"}}
{"__type":"$$EventMessageAudit","id":"a3422b0d-4dda-4bc0-8b48-790dbcf943ac","ts":"2026-07-13T15:43:29.997-04:00","eventName":"n8n.audit.workflow.executed","message":"n8n.audit.workflow.executed","payload":{"workflowId":"4060d0nwMZdXJrUS","workflowName":"alert","executionId":"458","source":"webhook"}}
{"__type":"$$EventMessageConfirm","confirm":"a3422b0d-4dda-4bc0-8b48-790dbcf943ac","ts":"2026-07-13T15:43:29.997-04:00","source":{"id":"0","name":"eventBus"}}
{"__type":"$$EventMessageNode","id":"5c2240d7-11e4-4719-b1a6-dd5b3ac44e3b","ts":"2026-07-13T15:43:29.999-04:00","eventName":"n8n.node.started","message":"n8n.node.started","payload":{"workflowId":"4060d0nwMZdXJrUS","workflowName":"alert","executionId":"458","nodeType":"n8n-nodes-base.webhook","nodeName":"Webhook","nodeId":"45b9a4be-0184-403c-83f3-41cbd14731c8"}}
{"__type":"$$EventMessageConfirm","confirm":"5c2240d7-11e4-4719-b1a6-dd5b3ac44e3b","ts":"2026-07-13T15:43:29.999-04:00","source":{"id":"0","name":"eventBus"}}
{"__type":"$$EventMessageNode","id":"b640cc7e-71f6-4614-8156-174d0e9fc8b9","ts":"2026-07-13T15:43:29.999-04:00","eventName":"n8n.node.finished","message":"n8n.node.finished","payload":{"workflowId":"4060d0nwMZdXJrUS","workflowName":"alert","executionId":"458","nodeType":"n8n-nodes-base.webhook","nodeName":"Webhook","nodeId":"45b9a4be-0184-403c-83f3-41cbd14731c8"}}
{"__type":"$$EventMessageConfirm","confirm":"b640cc7e-71f6-4614-8156-174d0e9fc8b9","ts":"2026-07-13T15:43:29.999-04:00","source":{"id":"0","name":"eventBus"}}
{"__type":"$$EventMessageNode","id":"f42685c3-ee5c-483d-be9a-fc8b7ed9fa0a","ts":"2026-07-13T15:43:29.999-04:00","eventName":"n8n.node.started","message":"n8n.node.started","payload":{"workflowId":"4060d0nwMZdXJrUS","workflowName":"alert","executionId":"458","nodeType":"n8n-nodes-base.code","nodeName":"Code in JavaScript","nodeId":"847e0d93-8488-41ce-97de-68b297df2b47"}}
{"__type":"$$EventMessageConfirm","confirm":"f42685c3-ee5c-483d-be9a-fc8b7ed9fa0a","ts":"2026-07-13T15:43:30.000-04:00","source":{"id":"0","name":"eventBus"}}
{"__type":"$$EventMessageRunner","id":"5087c5e8-892f-4dd6-9bcf-cb63dd213d1c","ts":"2026-07-13T15:43:30.009-04:00","eventName":"n8n.runner.task.requested","message":"n8n.runner.task.requested","payload":{"taskId":"xJfBEZVi","nodeId":"847e0d93-8488-41ce-97de-68b297df2b47","workflowId":"4060d0nwMZdXJrUS","executionId":"458"}}
{"__type":"$$EventMessageConfirm","confirm":"5087c5e8-892f-4dd6-9bcf-cb63dd213d1c","ts":"2026-07-13T15:43:30.009-04:00","source":{"id":"0","name":"eventBus"}}
{"__type":"$$EventMessageRunner","id":"f754caf5-7ba8-43d0-8472-ad75f0d381ea","ts":"2026-07-13T15:43:30.022-04:00","eventName":"n8n.runner.response.received","message":"n8n.runner.response.received","payload":{"taskId":"xJfBEZVi","nodeId":"847e0d93-8488-41ce-97de-68b297df2b47","workflowId":"4060d0nwMZdXJrUS","executionId":"458"}}
{"__type":"$$EventMessageConfirm","confirm":"f754caf5-7ba8-43d0-8472-ad75f0d381ea","ts":"2026-07-13T15:43:30.023-04:00","source":{"id":"0","name":"eventBus"}}
{"__type":"$$EventMessageNode","id":"2741665f-0bd1-441e-a3af-810bbcd36282","ts":"2026-07-13T15:43:30.023-04:00","eventName":"n8n.node.finished","message":"n8n.node.finished","payload":{"workflowId":"4060d0nwMZdXJrUS","workflowName":"alert","executionId":"458","nodeType":"n8n-nodes-base.code","nodeName":"Code in JavaScript","nodeId":"847e0d93-8488-41ce-97de-68b297df2b47"}}
{"__type":"$$EventMessageConfirm","confirm":"2741665f-0bd1-441e-a3af-810bbcd36282","ts":"2026-07-13T15:43:30.023-04:00","source":{"id":"0","name":"eventBus"}}
{"__type":"$$EventMessageNode","id":"62d40639-366e-46dd-9abb-cbc8f977de94","ts":"2026-07-13T15:43:30.023-04:00","eventName":"n8n.node.started","message":"n8n.node.started","payload":{"workflowId":"4060d0nwMZdXJrUS","workflowName":"alert","executionId":"458","nodeType":"n8n-nodes-base.if","nodeName":"If","nodeId":"a8f0bf21-8151-4783-a4a5-ac8e38d0da13"}}
{"__type":"$$EventMessageConfirm","confirm":"62d40639-366e-46dd-9abb-cbc8f977de94","ts":"2026-07-13T15:43:30.024-04:00","source":{"id":"0","name":"eventBus"}}
{"__type":"$$EventMessageNode","id":"782e6a14-be7e-4b00-aa2c-84cc81909789","ts":"2026-07-13T15:43:30.026-04:00","eventName":"n8n.node.finished","message":"n8n.node.finished","payload":{"workflowId":"4060d0nwMZdXJrUS","workflowName":"alert","executionId":"458","nodeType":"n8n-nodes-base.if","nodeName":"If","nodeId":"a8f0bf21-8151-4783-a4a5-ac8e38d0da13"}}
{"__type":"$$EventMessageConfirm","confirm":"782e6a14-be7e-4b00-aa2c-84cc81909789","ts":"2026-07-13T15:43:30.026-04:00","source":{"id":"0","name":"eventBus"}}
{"__type":"$$EventMessageNode","id":"b99b8d43-a10a-4fae-af94-3cf0cec73930","ts":"2026-07-13T15:43:30.026-04:00","eventName":"n8n.node.started","message":"n8n.node.started","payload":{"workflowId":"4060d0nwMZdXJrUS","workflowName":"alert","executionId":"458","nodeType":"n8n-nodes-base.code","nodeName":"Code in JavaScript1","nodeId":"50b098bd-b40a-4c90-b2d4-eb880777eaff"}}
{"__type":"$$EventMessageConfirm","confirm":"b99b8d43-a10a-4fae-af94-3cf0cec73930","ts":"2026-07-13T15:43:30.026-04:00","source":{"id":"0","name":"eventBus"}}
{"__type":"$$EventMessageRunner","id":"22763aac-a23a-441f-bd5e-0d051dc9ebf3","ts":"2026-07-13T15:43:30.028-04:00","eventName":"n8n.runner.task.requested","message":"n8n.runner.task.requested","payload":{"taskId":"NXG9kRyi","nodeId":"50b098bd-b40a-4c90-b2d4-eb880777eaff","workflowId":"4060d0nwMZdXJrUS","executionId":"458"}}
{"__type":"$$EventMessageConfirm","confirm":"22763aac-a23a-441f-bd5e-0d051dc9ebf3","ts":"2026-07-13T15:43:30.028-04:00","source":{"id":"0","name":"eventBus"}}
{"__type":"$$EventMessageRunner","id":"f97dfc81-1544-4e1b-b7d2-94271f2a7192","ts":"2026-07-13T15:43:30.040-04:00","eventName":"n8n.runner.response.received","message":"n8n.runner.response.received","payload":{"taskId":"NXG9kRyi","nodeId":"50b098bd-b40a-4c90-b2d4-eb880777eaff","workflowId":"4060d0nwMZdXJrUS","executionId":"458"}}
{"__type":"$$EventMessageConfirm","confirm":"f97dfc81-1544-4e1b-b7d2-94271f2a7192","ts":"2026-07-13T15:43:30.040-04:00","source":{"id":"0","name":"eventBus"}}
{"__type":"$$EventMessageNode","id":"b5ebf583-cde0-48a5-b4fd-af1e718b8258","ts":"2026-07-13T15:43:30.040-04:00","eventName":"n8n.node.finished","message":"n8n.node.finished","payload":{"workflowId":"4060d0nwMZdXJrUS","workflowName":"alert","executionId":"458","nodeType":"n8n-nodes-base.code","nodeName":"Code in JavaScript1","nodeId":"50b098bd-b40a-4c90-b2d4-eb880777eaff"}}
{"__type":"$$EventMessageConfirm","confirm":"b5ebf583-cde0-48a5-b4fd-af1e718b8258","ts":"2026-07-13T15:43:30.040-04:00","source":{"id":"0","name":"eventBus"}}
{"__type":"$$EventMessageWorkflow","id":"20fd17af-294b-4b32-ae6f-a80d95a929bc","ts":"2026-07-13T15:43:30.041-04:00","eventName":"n8n.workflow.success","message":"n8n.workflow.success","payload":{"executionId":"458","success":true,"isManual":false,"mode":"webhook","workflowId":"4060d0nwMZdXJrUS","workflowName":"alert"}}
{"__type":"$$EventMessageConfirm","confirm":"20fd17af-294b-4b32-ae6f-a80d95a929bc","ts":"2026-07-13T15:43:30.041-04:00","source":{"id":"0","name":"eventBus"}}
{"__type":"$$EventMessageWorkflow","id":"a06262e2-0afa-47b8-83bc-94dc4909a34f","ts":"2026-07-13T15:44:52.417-04:00","eventName":"n8n.workflow.started","message":"n8n.workflow.started","payload":{"executionId":"459","workflowId":"5VBKbuuujEvgdIGs","isManual":false,"mode":"webhook","workflowName":"power"}}
{"__type":"$$EventMessageConfirm","confirm":"a06262e2-0afa-47b8-83bc-94dc4909a34f","ts":"2026-07-13T15:44:52.417-04:00","source":{"id":"0","name":"eventBus"}}
{"__type":"$$EventMessageAudit","id":"5e71bc7b-d99b-4d64-89a7-3e29a3e7dbb0","ts":"2026-07-13T15:44:52.418-04:00","eventName":"n8n.audit.workflow.executed","message":"n8n.audit.workflow.executed","payload":{"workflowId":"5VBKbuuujEvgdIGs","workflowName":"power","executionId":"459","source":"webhook"}}
{"__type":"$$EventMessageConfirm","confirm":"5e71bc7b-d99b-4d64-89a7-3e29a3e7dbb0","ts":"2026-07-13T15:44:52.418-04:00","source":{"id":"0","name":"eventBus"}}
{"__type":"$$EventMessageNode","id":"bb011b87-e13d-4103-84dc-2c05cd008965","ts":"2026-07-13T15:44:52.420-04:00","eventName":"n8n.node.started","message":"n8n.node.started","payload":{"workflowId":"5VBKbuuujEvgdIGs","workflowName":"power","executionId":"459","nodeType":"n8n-nodes-base.webhook","nodeName":"Webhook","nodeId":"d2f68568-3d63-4615-8950-d51b3313419d"}}
{"__type":"$$EventMessageConfirm","confirm":"bb011b87-e13d-4103-84dc-2c05cd008965","ts":"2026-07-13T15:44:52.420-04:00","source":{"id":"0","name":"eventBus"}}
{"__type":"$$EventMessageNode","id":"27f1339b-1e4a-498c-99d2-ba64d635058b","ts":"2026-07-13T15:44:52.421-04:00","eventName":"n8n.node.finished","message":"n8n.node.finished","payload":{"workflowId":"5VBKbuuujEvgdIGs","workflowName":"power","executionId":"459","nodeType":"n8n-nodes-base.webhook","nodeName":"Webhook","nodeId":"d2f68568-3d63-4615-8950-d51b3313419d"}}
{"__type":"$$EventMessageConfirm","confirm":"27f1339b-1e4a-498c-99d2-ba64d635058b","ts":"2026-07-13T15:44:52.421-04:00","source":{"id":"0","name":"eventBus"}}
{"__type":"$$EventMessageNode","id":"f0004f0a-4622-4281-b395-5f5f1fcc0143","ts":"2026-07-13T15:44:52.421-04:00","eventName":"n8n.node.started","message":"n8n.node.started","payload":{"workflowId":"5VBKbuuujEvgdIGs","workflowName":"power","executionId":"459","nodeType":"n8n-nodes-base.code","nodeName":"Code in JavaScript","nodeId":"60178211-232e-4f7a-8bd9-97a66e5b9ec0"}}
{"__type":"$$EventMessageConfirm","confirm":"f0004f0a-4622-4281-b395-5f5f1fcc0143","ts":"2026-07-13T15:44:52.421-04:00","source":{"id":"0","name":"eventBus"}}
{"__type":"$$EventMessageRunner","id":"5d3b6f84-2b8d-48ab-804e-0bc342a540df","ts":"2026-07-13T15:44:52.424-04:00","eventName":"n8n.runner.task.requested","message":"n8n.runner.task.requested","payload":{"taskId":"SVvOspx9","nodeId":"60178211-232e-4f7a-8bd9-97a66e5b9ec0","workflowId":"5VBKbuuujEvgdIGs","executionId":"459"}}
{"__type":"$$EventMessageConfirm","confirm":"5d3b6f84-2b8d-48ab-804e-0bc342a540df","ts":"2026-07-13T15:44:52.425-04:00","source":{"id":"0","name":"eventBus"}}
{"__type":"$$EventMessageRunner","id":"d1c3adab-9a19-48d0-a539-cc06c71b1c96","ts":"2026-07-13T15:44:52.442-04:00","eventName":"n8n.runner.response.received","message":"n8n.runner.response.received","payload":{"taskId":"SVvOspx9","nodeId":"60178211-232e-4f7a-8bd9-97a66e5b9ec0","workflowId":"5VBKbuuujEvgdIGs","executionId":"459"}}
{"__type":"$$EventMessageConfirm","confirm":"d1c3adab-9a19-48d0-a539-cc06c71b1c96","ts":"2026-07-13T15:44:52.442-04:00","source":{"id":"0","name":"eventBus"}}
{"__type":"$$EventMessageNode","id":"947fd33a-bd1c-4991-a55e-5413610e5e40","ts":"2026-07-13T15:44:52.443-04:00","eventName":"n8n.node.finished","message":"n8n.node.finished","payload":{"workflowId":"5VBKbuuujEvgdIGs","workflowName":"power","executionId":"459","nodeType":"n8n-nodes-base.code","nodeName":"Code in JavaScript","nodeId":"60178211-232e-4f7a-8bd9-97a66e5b9ec0"}}
{"__type":"$$EventMessageConfirm","confirm":"947fd33a-bd1c-4991-a55e-5413610e5e40","ts":"2026-07-13T15:44:52.443-04:00","source":{"id":"0","name":"eventBus"}}
{"__type":"$$EventMessageNode","id":"2ac44801-1a3c-4c21-b72b-853a83b2157a","ts":"2026-07-13T15:44:52.443-04:00","eventName":"n8n.node.started","message":"n8n.node.started","payload":{"workflowId":"5VBKbuuujEvgdIGs","workflowName":"power","executionId":"459","nodeType":"n8n-nodes-base.code","nodeName":"Code in JavaScript1","nodeId":"21ac27dd-d85f-45cb-b48f-eb6a3465a56b"}}
{"__type":"$$EventMessageConfirm","confirm":"2ac44801-1a3c-4c21-b72b-853a83b2157a","ts":"2026-07-13T15:44:52.443-04:00","source":{"id":"0","name":"eventBus"}}
{"__type":"$$EventMessageRunner","id":"3bdaeb39-fb8c-43c0-b0a9-8b8a80ae9e21","ts":"2026-07-13T15:44:52.446-04:00","eventName":"n8n.runner.task.requested","message":"n8n.runner.task.requested","payload":{"taskId":"zrCcsV02","nodeId":"21ac27dd-d85f-45cb-b48f-eb6a3465a56b","workflowId":"5VBKbuuujEvgdIGs","executionId":"459"}}
{"__type":"$$EventMessageConfirm","confirm":"3bdaeb39-fb8c-43c0-b0a9-8b8a80ae9e21","ts":"2026-07-13T15:44:52.446-04:00","source":{"id":"0","name":"eventBus"}}
{"__type":"$$EventMessageRunner","id":"df397d75-9d6b-4ce8-acf8-acbde0d8d410","ts":"2026-07-13T15:44:52.461-04:00","eventName":"n8n.runner.response.received","message":"n8n.runner.response.received","payload":{"taskId":"zrCcsV02","nodeId":"21ac27dd-d85f-45cb-b48f-eb6a3465a56b","workflowId":"5VBKbuuujEvgdIGs","executionId":"459"}}
{"__type":"$$EventMessageConfirm","confirm":"df397d75-9d6b-4ce8-acf8-acbde0d8d410","ts":"2026-07-13T15:44:52.461-04:00","source":{"id":"0","name":"eventBus"}}
{"__type":"$$EventMessageNode","id":"597292a7-a666-4a70-affc-d3194dd33654","ts":"2026-07-13T15:44:52.462-04:00","eventName":"n8n.node.finished","message":"n8n.node.finished","payload":{"workflowId":"5VBKbuuujEvgdIGs","workflowName":"power","executionId":"459","nodeType":"n8n-nodes-base.code","nodeName":"Code in JavaScript1","nodeId":"21ac27dd-d85f-45cb-b48f-eb6a3465a56b"}}
{"__type":"$$EventMessageConfirm","confirm":"597292a7-a666-4a70-affc-d3194dd33654","ts":"2026-07-13T15:44:52.462-04:00","source":{"id":"0","name":"eventBus"}}
{"__type":"$$EventMessageWorkflow","id":"51af2547-2450-4ac0-872f-8c213ae5e8a6","ts":"2026-07-13T15:44:52.462-04:00","eventName":"n8n.workflow.success","message":"n8n.workflow.success","payload":{"executionId":"459","success":true,"isManual":false,"mode":"webhook","workflowId":"5VBKbuuujEvgdIGs","workflowName":"power"}}
{"__type":"$$EventMessageConfirm","confirm":"51af2547-2450-4ac0-872f-8c213ae5e8a6","ts":"2026-07-13T15:44:52.462-04:00","source":{"id":"0","name":"eventBus"}}
{"__type":"$$EventMessageWorkflow","id":"235be57c-9b8c-4696-bdd3-ceb8fc1f75cc","ts":"2026-07-13T15:44:53.117-04:00","eventName":"n8n.workflow.started","message":"n8n.workflow.started","payload":{"executionId":"460","workflowId":"HyiO9yqvE2q5kmov","isManual":false,"mode":"webhook","workflowName":"hvac"}}
{"__type":"$$EventMessageConfirm","confirm":"235be57c-9b8c-4696-bdd3-ceb8fc1f75cc","ts":"2026-07-13T15:44:53.117-04:00","source":{"id":"0","name":"eventBus"}}
{"__type":"$$EventMessageAudit","id":"f335f6a5-718e-4f07-ad57-212e3683ab9b","ts":"2026-07-13T15:44:53.127-04:00","eventName":"n8n.audit.workflow.executed","message":"n8n.audit.workflow.executed","payload":{"workflowId":"HyiO9yqvE2q5kmov","workflowName":"hvac","executionId":"460","source":"webhook"}}
{"__type":"$$EventMessageConfirm","confirm":"f335f6a5-718e-4f07-ad57-212e3683ab9b","ts":"2026-07-13T15:44:53.127-04:00","source":{"id":"0","name":"eventBus"}}
{"__type":"$$EventMessageNode","id":"9690d2ce-eb4d-40f1-a075-34bc55d90870","ts":"2026-07-13T15:44:53.128-04:00","eventName":"n8n.node.started","message":"n8n.node.started","payload":{"workflowId":"HyiO9yqvE2q5kmov","workflowName":"hvac","executionId":"460","nodeType":"n8n-nodes-base.webhook","nodeName":"Webhook","nodeId":"21c4bb7e-a362-421b-819b-e396631df92a"}}
{"__type":"$$EventMessageConfirm","confirm":"9690d2ce-eb4d-40f1-a075-34bc55d90870","ts":"2026-07-13T15:44:53.128-04:00","source":{"id":"0","name":"eventBus"}}
{"__type":"$$EventMessageNode","id":"7b06ec14-5a39-44ea-b4bd-943df01dcd26","ts":"2026-07-13T15:44:53.128-04:00","eventName":"n8n.node.finished","message":"n8n.node.finished","payload":{"workflowId":"HyiO9yqvE2q5kmov","workflowName":"hvac","executionId":"460","nodeType":"n8n-nodes-base.webhook","nodeName":"Webhook","nodeId":"21c4bb7e-a362-421b-819b-e396631df92a"}}
{"__type":"$$EventMessageConfirm","confirm":"7b06ec14-5a39-44ea-b4bd-943df01dcd26","ts":"2026-07-13T15:44:53.129-04:00","source":{"id":"0","name":"eventBus"}}
{"__type":"$$EventMessageNode","id":"4a75b20c-a044-4f43-92ae-cac0fa1c5083","ts":"2026-07-13T15:44:53.129-04:00","eventName":"n8n.node.started","message":"n8n.node.started","payload":{"workflowId":"HyiO9yqvE2q5kmov","workflowName":"hvac","executionId":"460","nodeType":"n8n-nodes-base.code","nodeName":"Code in JavaScript","nodeId":"7f58ebee-2d23-411d-b5ed-d749b73e6774"}}
{"__type":"$$EventMessageConfirm","confirm":"4a75b20c-a044-4f43-92ae-cac0fa1c5083","ts":"2026-07-13T15:44:53.129-04:00","source":{"id":"0","name":"eventBus"}}
{"__type":"$$EventMessageRunner","id":"45b0f6c1-209c-4b70-8747-cd04bc081796","ts":"2026-07-13T15:44:53.132-04:00","eventName":"n8n.runner.task.requested","message":"n8n.runner.task.requested","payload":{"taskId":"tp4ntWBJ","nodeId":"7f58ebee-2d23-411d-b5ed-d749b73e6774","workflowId":"HyiO9yqvE2q5kmov","executionId":"460"}}
{"__type":"$$EventMessageConfirm","confirm":"45b0f6c1-209c-4b70-8747-cd04bc081796","ts":"2026-07-13T15:44:53.132-04:00","source":{"id":"0","name":"eventBus"}}
{"__type":"$$EventMessageRunner","id":"fa6971bb-39d2-427d-8a7b-723fa0a50d2e","ts":"2026-07-13T15:44:53.150-04:00","eventName":"n8n.runner.response.received","message":"n8n.runner.response.received","payload":{"taskId":"tp4ntWBJ","nodeId":"7f58ebee-2d23-411d-b5ed-d749b73e6774","workflowId":"HyiO9yqvE2q5kmov","executionId":"460"}}
{"__type":"$$EventMessageConfirm","confirm":"fa6971bb-39d2-427d-8a7b-723fa0a50d2e","ts":"2026-07-13T15:44:53.150-04:00","source":{"id":"0","name":"eventBus"}}
{"__type":"$$EventMessageNode","id":"a7f8ce95-1786-4c3a-a1ae-ef7bd7d13bfe","ts":"2026-07-13T15:44:53.150-04:00","eventName":"n8n.node.finished","message":"n8n.node.finished","payload":{"workflowId":"HyiO9yqvE2q5kmov","workflowName":"hvac","executionId":"460","nodeType":"n8n-nodes-base.code","nodeName":"Code in JavaScript","nodeId":"7f58ebee-2d23-411d-b5ed-d749b73e6774"}}
{"__type":"$$EventMessageConfirm","confirm":"a7f8ce95-1786-4c3a-a1ae-ef7bd7d13bfe","ts":"2026-07-13T15:44:53.150-04:00","source":{"id":"0","name":"eventBus"}}
{"__type":"$$EventMessageNode","id":"e10db96f-ab53-4978-a7a9-9cfc7581fd07","ts":"2026-07-13T15:44:53.151-04:00","eventName":"n8n.node.started","message":"n8n.node.started","payload":{"workflowId":"HyiO9yqvE2q5kmov","workflowName":"hvac","executionId":"460","nodeType":"n8n-nodes-base.code","nodeName":"Code in JavaScript1","nodeId":"60f93297-09f2-4aac-9a87-0874737aa293"}}
{"__type":"$$EventMessageConfirm","confirm":"e10db96f-ab53-4978-a7a9-9cfc7581fd07","ts":"2026-07-13T15:44:53.151-04:00","source":{"id":"0","name":"eventBus"}}
{"__type":"$$EventMessageRunner","id":"8f1d3793-f0b6-46e0-a229-7446e84ad0d7","ts":"2026-07-13T15:44:53.153-04:00","eventName":"n8n.runner.task.requested","message":"n8n.runner.task.requested","payload":{"taskId":"fKJBwgn0","nodeId":"60f93297-09f2-4aac-9a87-0874737aa293","workflowId":"HyiO9yqvE2q5kmov","executionId":"460"}}
{"__type":"$$EventMessageConfirm","confirm":"8f1d3793-f0b6-46e0-a229-7446e84ad0d7","ts":"2026-07-13T15:44:53.154-04:00","source":{"id":"0","name":"eventBus"}}
{"__type":"$$EventMessageRunner","id":"1e8d4120-7fd3-4280-a5cb-ff5c7e80a0d3","ts":"2026-07-13T15:44:53.168-04:00","eventName":"n8n.runner.response.received","message":"n8n.runner.response.received","payload":{"taskId":"fKJBwgn0","nodeId":"60f93297-09f2-4aac-9a87-0874737aa293","workflowId":"HyiO9yqvE2q5kmov","executionId":"460"}}
{"__type":"$$EventMessageConfirm","confirm":"1e8d4120-7fd3-4280-a5cb-ff5c7e80a0d3","ts":"2026-07-13T15:44:53.168-04:00","source":{"id":"0","name":"eventBus"}}
{"__type":"$$EventMessageNode","id":"a2b02e9e-294c-4e29-a3a4-3461ad03ed3e","ts":"2026-07-13T15:44:53.169-04:00","eventName":"n8n.node.finished","message":"n8n.node.finished","payload":{"workflowId":"HyiO9yqvE2q5kmov","workflowName":"hvac","executionId":"460","nodeType":"n8n-nodes-base.code","nodeName":"Code in JavaScript1","nodeId":"60f93297-09f2-4aac-9a87-0874737aa293"}}
{"__type":"$$EventMessageConfirm","confirm":"a2b02e9e-294c-4e29-a3a4-3461ad03ed3e","ts":"2026-07-13T15:44:53.169-04:00","source":{"id":"0","name":"eventBus"}}
{"__type":"$$EventMessageWorkflow","id":"9b800626-23ae-40f6-bc30-c9330a5fa240","ts":"2026-07-13T15:44:53.170-04:00","eventName":"n8n.workflow.success","message":"n8n.workflow.success","payload":{"executionId":"460","success":true,"isManual":false,"mode":"webhook","workflowId":"HyiO9yqvE2q5kmov","workflowName":"hvac"}}
{"__type":"$$EventMessageConfirm","confirm":"9b800626-23ae-40f6-bc30-c9330a5fa240","ts":"2026-07-13T15:44:53.170-04:00","source":{"id":"0","name":"eventBus"}}
{"__type":"$$EventMessageWorkflow","id":"3cd58298-4bef-47f2-9c08-dad931e3b2c7","ts":"2026-07-13T15:44:53.964-04:00","eventName":"n8n.workflow.started","message":"n8n.workflow.started","payload":{"executionId":"461","workflowId":"4060d0nwMZdXJrUS","isManual":false,"mode":"webhook","workflowName":"alert"}}
{"__type":"$$EventMessageConfirm","confirm":"3cd58298-4bef-47f2-9c08-dad931e3b2c7","ts":"2026-07-13T15:44:53.964-04:00","source":{"id":"0","name":"eventBus"}}
{"__type":"$$EventMessageAudit","id":"719244bc-f8f7-4fb4-a525-e94ed07fe8cf","ts":"2026-07-13T15:44:53.974-04:00","eventName":"n8n.audit.workflow.executed","message":"n8n.audit.workflow.executed","payload":{"workflowId":"4060d0nwMZdXJrUS","workflowName":"alert","executionId":"461","source":"webhook"}}
{"__type":"$$EventMessageConfirm","confirm":"719244bc-f8f7-4fb4-a525-e94ed07fe8cf","ts":"2026-07-13T15:44:53.974-04:00","source":{"id":"0","name":"eventBus"}}
{"__type":"$$EventMessageNode","id":"300455af-1f0e-4d87-91f6-45b0ae518434","ts":"2026-07-13T15:44:53.976-04:00","eventName":"n8n.node.started","message":"n8n.node.started","payload":{"workflowId":"4060d0nwMZdXJrUS","workflowName":"alert","executionId":"461","nodeType":"n8n-nodes-base.webhook","nodeName":"Webhook","nodeId":"45b9a4be-0184-403c-83f3-41cbd14731c8"}}
{"__type":"$$EventMessageConfirm","confirm":"300455af-1f0e-4d87-91f6-45b0ae518434","ts":"2026-07-13T15:44:53.976-04:00","source":{"id":"0","name":"eventBus"}}
{"__type":"$$EventMessageNode","id":"a39ac254-77b6-4d3c-abd4-6ae65aa1a0d9","ts":"2026-07-13T15:44:53.977-04:00","eventName":"n8n.node.finished","message":"n8n.node.finished","payload":{"workflowId":"4060d0nwMZdXJrUS","workflowName":"alert","executionId":"461","nodeType":"n8n-nodes-base.webhook","nodeName":"Webhook","nodeId":"45b9a4be-0184-403c-83f3-41cbd14731c8"}}
{"__type":"$$EventMessageConfirm","confirm":"a39ac254-77b6-4d3c-abd4-6ae65aa1a0d9","ts":"2026-07-13T15:44:53.977-04:00","source":{"id":"0","name":"eventBus"}}
{"__type":"$$EventMessageNode","id":"c99b7831-28af-473c-bb00-206318d73f0f","ts":"2026-07-13T15:44:53.977-04:00","eventName":"n8n.node.started","message":"n8n.node.started","payload":{"workflowId":"4060d0nwMZdXJrUS","workflowName":"alert","executionId":"461","nodeType":"n8n-nodes-base.code","nodeName":"Code in JavaScript","nodeId":"847e0d93-8488-41ce-97de-68b297df2b47"}}
{"__type":"$$EventMessageConfirm","confirm":"c99b7831-28af-473c-bb00-206318d73f0f","ts":"2026-07-13T15:44:53.977-04:00","source":{"id":"0","name":"eventBus"}}
{"__type":"$$EventMessageRunner","id":"4a54218d-0d1f-49af-b838-efa90ac278f8","ts":"2026-07-13T15:44:53.979-04:00","eventName":"n8n.runner.task.requested","message":"n8n.runner.task.requested","payload":{"taskId":"Wx6_BAoO","nodeId":"847e0d93-8488-41ce-97de-68b297df2b47","workflowId":"4060d0nwMZdXJrUS","executionId":"461"}}
{"__type":"$$EventMessageConfirm","confirm":"4a54218d-0d1f-49af-b838-efa90ac278f8","ts":"2026-07-13T15:44:53.979-04:00","source":{"id":"0","name":"eventBus"}}
{"__type":"$$EventMessageRunner","id":"7b3d9a98-c6ff-425c-bbe1-487a161ea322","ts":"2026-07-13T15:44:54.001-04:00","eventName":"n8n.runner.response.received","message":"n8n.runner.response.received","payload":{"taskId":"Wx6_BAoO","nodeId":"847e0d93-8488-41ce-97de-68b297df2b47","workflowId":"4060d0nwMZdXJrUS","executionId":"461"}}
{"__type":"$$EventMessageConfirm","confirm":"7b3d9a98-c6ff-425c-bbe1-487a161ea322","ts":"2026-07-13T15:44:54.001-04:00","source":{"id":"0","name":"eventBus"}}
{"__type":"$$EventMessageNode","id":"5b8d709d-a616-49e1-aac5-83f57d6fedc4","ts":"2026-07-13T15:44:54.001-04:00","eventName":"n8n.node.finished","message":"n8n.node.finished","payload":{"workflowId":"4060d0nwMZdXJrUS","workflowName":"alert","executionId":"461","nodeType":"n8n-nodes-base.code","nodeName":"Code in JavaScript","nodeId":"847e0d93-8488-41ce-97de-68b297df2b47"}}
{"__type":"$$EventMessageConfirm","confirm":"5b8d709d-a616-49e1-aac5-83f57d6fedc4","ts":"2026-07-13T15:44:54.001-04:00","source":{"id":"0","name":"eventBus"}}
{"__type":"$$EventMessageNode","id":"f3ae7dd8-bd2d-4dbd-953c-33ba143c6aa0","ts":"2026-07-13T15:44:54.002-04:00","eventName":"n8n.node.started","message":"n8n.node.started","payload":{"workflowId":"4060d0nwMZdXJrUS","workflowName":"alert","executionId":"461","nodeType":"n8n-nodes-base.if","nodeName":"If","nodeId":"a8f0bf21-8151-4783-a4a5-ac8e38d0da13"}}
{"__type":"$$EventMessageConfirm","confirm":"f3ae7dd8-bd2d-4dbd-953c-33ba143c6aa0","ts":"2026-07-13T15:44:54.002-04:00","source":{"id":"0","name":"eventBus"}}
{"__type":"$$EventMessageNode","id":"65617d7a-3eab-4702-b8e3-38b564c5fe09","ts":"2026-07-13T15:44:54.007-04:00","eventName":"n8n.node.finished","message":"n8n.node.finished","payload":{"workflowId":"4060d0nwMZdXJrUS","workflowName":"alert","executionId":"461","nodeType":"n8n-nodes-base.if","nodeName":"If","nodeId":"a8f0bf21-8151-4783-a4a5-ac8e38d0da13"}}
{"__type":"$$EventMessageConfirm","confirm":"65617d7a-3eab-4702-b8e3-38b564c5fe09","ts":"2026-07-13T15:44:54.008-04:00","source":{"id":"0","name":"eventBus"}}
{"__type":"$$EventMessageNode","id":"d377a67e-dce4-4b71-a797-fb1c05144022","ts":"2026-07-13T15:44:54.008-04:00","eventName":"n8n.node.started","message":"n8n.node.started","payload":{"workflowId":"4060d0nwMZdXJrUS","workflowName":"alert","executionId":"461","nodeType":"n8n-nodes-base.code","nodeName":"Code in JavaScript1","nodeId":"50b098bd-b40a-4c90-b2d4-eb880777eaff"}}
{"__type":"$$EventMessageConfirm","confirm":"d377a67e-dce4-4b71-a797-fb1c05144022","ts":"2026-07-13T15:44:54.008-04:00","source":{"id":"0","name":"eventBus"}}
{"__type":"$$EventMessageRunner","id":"a509809a-78a1-4d15-b75b-3246d9299a93","ts":"2026-07-13T15:44:54.010-04:00","eventName":"n8n.runner.task.requested","message":"n8n.runner.task.requested","payload":{"taskId":"aL_IyGur","nodeId":"50b098bd-b40a-4c90-b2d4-eb880777eaff","workflowId":"4060d0nwMZdXJrUS","executionId":"461"}}
{"__type":"$$EventMessageConfirm","confirm":"a509809a-78a1-4d15-b75b-3246d9299a93","ts":"2026-07-13T15:44:54.010-04:00","source":{"id":"0","name":"eventBus"}}
{"__type":"$$EventMessageRunner","id":"859ac466-8c7c-4ae5-b135-d8c707c8b5a3","ts":"2026-07-13T15:44:54.031-04:00","eventName":"n8n.runner.response.received","message":"n8n.runner.response.received","payload":{"taskId":"aL_IyGur","nodeId":"50b098bd-b40a-4c90-b2d4-eb880777eaff","workflowId":"4060d0nwMZdXJrUS","executionId":"461"}}
{"__type":"$$EventMessageConfirm","confirm":"859ac466-8c7c-4ae5-b135-d8c707c8b5a3","ts":"2026-07-13T15:44:54.032-04:00","source":{"id":"0","name":"eventBus"}}
{"__type":"$$EventMessageNode","id":"fc2be1fb-0546-4a2e-9711-15f92bf71f55","ts":"2026-07-13T15:44:54.032-04:00","eventName":"n8n.node.finished","message":"n8n.node.finished","payload":{"workflowId":"4060d0nwMZdXJrUS","workflowName":"alert","executionId":"461","nodeType":"n8n-nodes-base.code","nodeName":"Code in JavaScript1","nodeId":"50b098bd-b40a-4c90-b2d4-eb880777eaff"}}
{"__type":"$$EventMessageConfirm","confirm":"fc2be1fb-0546-4a2e-9711-15f92bf71f55","ts":"2026-07-13T15:44:54.032-04:00","source":{"id":"0","name":"eventBus"}}
{"__type":"$$EventMessageWorkflow","id":"27cbab46-f7e1-4d9b-83e8-282657ee2a67","ts":"2026-07-13T15:44:54.032-04:00","eventName":"n8n.workflow.success","message":"n8n.workflow.success","payload":{"executionId":"461","success":true,"isManual":false,"mode":"webhook","workflowId":"4060d0nwMZdXJrUS","workflowName":"alert"}}
{"__type":"$$EventMessageConfirm","confirm":"27cbab46-f7e1-4d9b-83e8-282657ee2a67","ts":"2026-07-13T15:44:54.033-04:00","source":{"id":"0","name":"eventBus"}}
{"__type":"$$EventMessageWorkflow","id":"ed38d8d9-1f3e-462c-aa9a-210caf3d4aca","ts":"2026-07-13T15:47:40.116-04:00","eventName":"n8n.workflow.started","message":"n8n.workflow.started","payload":{"executionId":"462","workflowId":"csjSBc51yUkh2vRH","isManual":false,"mode":"webhook","workflowName":"fire"}}
{"__type":"$$EventMessageConfirm","confirm":"ed38d8d9-1f3e-462c-aa9a-210caf3d4aca","ts":"2026-07-13T15:47:40.116-04:00","source":{"id":"0","name":"eventBus"}}
{"__type":"$$EventMessageAudit","id":"ac26e388-8fcb-4155-820c-48c80fb9a249","ts":"2026-07-13T15:47:40.117-04:00","eventName":"n8n.audit.workflow.executed","message":"n8n.audit.workflow.executed","payload":{"workflowId":"csjSBc51yUkh2vRH","workflowName":"fire","executionId":"462","source":"webhook"}}
{"__type":"$$EventMessageConfirm","confirm":"ac26e388-8fcb-4155-820c-48c80fb9a249","ts":"2026-07-13T15:47:40.117-04:00","source":{"id":"0","name":"eventBus"}}
{"__type":"$$EventMessageNode","id":"84337524-dd20-47c5-b859-542764e5ec2e","ts":"2026-07-13T15:47:40.118-04:00","eventName":"n8n.node.started","message":"n8n.node.started","payload":{"workflowId":"csjSBc51yUkh2vRH","workflowName":"fire","executionId":"462","nodeType":"n8n-nodes-base.webhook","nodeName":"Webhook","nodeId":"24e7bc53-ee06-4b53-b753-97a049b3327b"}}
{"__type":"$$EventMessageConfirm","confirm":"84337524-dd20-47c5-b859-542764e5ec2e","ts":"2026-07-13T15:47:40.118-04:00","source":{"id":"0","name":"eventBus"}}
{"__type":"$$EventMessageNode","id":"2604674a-6676-4ef2-b69b-d881fcf432ed","ts":"2026-07-13T15:47:40.119-04:00","eventName":"n8n.node.finished","message":"n8n.node.finished","payload":{"workflowId":"csjSBc51yUkh2vRH","workflowName":"fire","executionId":"462","nodeType":"n8n-nodes-base.webhook","nodeName":"Webhook","nodeId":"24e7bc53-ee06-4b53-b753-97a049b3327b"}}
{"__type":"$$EventMessageConfirm","confirm":"2604674a-6676-4ef2-b69b-d881fcf432ed","ts":"2026-07-13T15:47:40.119-04:00","source":{"id":"0","name":"eventBus"}}
{"__type":"$$EventMessageNode","id":"2a7d3e06-a7db-4bf8-bc8c-090e1145ed6a","ts":"2026-07-13T15:47:40.119-04:00","eventName":"n8n.node.started","message":"n8n.node.started","payload":{"workflowId":"csjSBc51yUkh2vRH","workflowName":"fire","executionId":"462","nodeType":"n8n-nodes-base.code","nodeName":"Code in JavaScript","nodeId":"f271c744-c46c-4766-b045-ed1d8821c40d"}}
{"__type":"$$EventMessageConfirm","confirm":"2a7d3e06-a7db-4bf8-bc8c-090e1145ed6a","ts":"2026-07-13T15:47:40.119-04:00","source":{"id":"0","name":"eventBus"}}
{"__type":"$$EventMessageRunner","id":"d9b8dc48-c5ac-4988-91dd-994d444c3f35","ts":"2026-07-13T15:47:40.123-04:00","eventName":"n8n.runner.task.requested","message":"n8n.runner.task.requested","payload":{"taskId":"8x6nS1do","nodeId":"f271c744-c46c-4766-b045-ed1d8821c40d","workflowId":"csjSBc51yUkh2vRH","executionId":"462"}}
{"__type":"$$EventMessageConfirm","confirm":"d9b8dc48-c5ac-4988-91dd-994d444c3f35","ts":"2026-07-13T15:47:40.124-04:00","source":{"id":"0","name":"eventBus"}}
{"__type":"$$EventMessageRunner","id":"052d5b50-0256-440e-8b62-58ce8b0bae7e","ts":"2026-07-13T15:47:40.135-04:00","eventName":"n8n.runner.response.received","message":"n8n.runner.response.received","payload":{"taskId":"8x6nS1do","nodeId":"f271c744-c46c-4766-b045-ed1d8821c40d","workflowId":"csjSBc51yUkh2vRH","executionId":"462"}}
{"__type":"$$EventMessageConfirm","confirm":"052d5b50-0256-440e-8b62-58ce8b0bae7e","ts":"2026-07-13T15:47:40.135-04:00","source":{"id":"0","name":"eventBus"}}
{"__type":"$$EventMessageNode","id":"0a1683ca-0723-44f5-bcf9-af6ed7b86a0b","ts":"2026-07-13T15:47:40.136-04:00","eventName":"n8n.node.finished","message":"n8n.node.finished","payload":{"workflowId":"csjSBc51yUkh2vRH","workflowName":"fire","executionId":"462","nodeType":"n8n-nodes-base.code","nodeName":"Code in JavaScript","nodeId":"f271c744-c46c-4766-b045-ed1d8821c40d"}}
{"__type":"$$EventMessageConfirm","confirm":"0a1683ca-0723-44f5-bcf9-af6ed7b86a0b","ts":"2026-07-13T15:47:40.136-04:00","source":{"id":"0","name":"eventBus"}}
{"__type":"$$EventMessageNode","id":"b68be890-27a0-41e9-9d5f-0e1d28190bd8","ts":"2026-07-13T15:47:40.136-04:00","eventName":"n8n.node.started","message":"n8n.node.started","payload":{"workflowId":"csjSBc51yUkh2vRH","workflowName":"fire","executionId":"462","nodeType":"n8n-nodes-base.code","nodeName":"Code in JavaScript1","nodeId":"3cd55fa9-d0e9-43ab-b0ba-fe5047c0e593"}}
{"__type":"$$EventMessageConfirm","confirm":"b68be890-27a0-41e9-9d5f-0e1d28190bd8","ts":"2026-07-13T15:47:40.136-04:00","source":{"id":"0","name":"eventBus"}}
{"__type":"$$EventMessageRunner","id":"4a1c3f0a-7ed4-49c7-9241-30e0bceb14e0","ts":"2026-07-13T15:47:40.139-04:00","eventName":"n8n.runner.task.requested","message":"n8n.runner.task.requested","payload":{"taskId":"N53xlz3x","nodeId":"3cd55fa9-d0e9-43ab-b0ba-fe5047c0e593","workflowId":"csjSBc51yUkh2vRH","executionId":"462"}}
{"__type":"$$EventMessageConfirm","confirm":"4a1c3f0a-7ed4-49c7-9241-30e0bceb14e0","ts":"2026-07-13T15:47:40.139-04:00","source":{"id":"0","name":"eventBus"}}
{"__type":"$$EventMessageRunner","id":"f7a08e60-e861-4a44-9f50-852c89aa4f4c","ts":"2026-07-13T15:47:40.149-04:00","eventName":"n8n.runner.response.received","message":"n8n.runner.response.received","payload":{"taskId":"N53xlz3x","nodeId":"3cd55fa9-d0e9-43ab-b0ba-fe5047c0e593","workflowId":"csjSBc51yUkh2vRH","executionId":"462"}}
{"__type":"$$EventMessageConfirm","confirm":"f7a08e60-e861-4a44-9f50-852c89aa4f4c","ts":"2026-07-13T15:47:40.149-04:00","source":{"id":"0","name":"eventBus"}}
{"__type":"$$EventMessageNode","id":"6dadc495-f5ce-4552-ba0b-a782a6e632a8","ts":"2026-07-13T15:47:40.150-04:00","eventName":"n8n.node.finished","message":"n8n.node.finished","payload":{"workflowId":"csjSBc51yUkh2vRH","workflowName":"fire","executionId":"462","nodeType":"n8n-nodes-base.code","nodeName":"Code in JavaScript1","nodeId":"3cd55fa9-d0e9-43ab-b0ba-fe5047c0e593"}}
{"__type":"$$EventMessageConfirm","confirm":"6dadc495-f5ce-4552-ba0b-a782a6e632a8","ts":"2026-07-13T15:47:40.150-04:00","source":{"id":"0","name":"eventBus"}}
{"__type":"$$EventMessageWorkflow","id":"f1da25c1-49c5-4142-b131-586178f98fe3","ts":"2026-07-13T15:47:40.150-04:00","eventName":"n8n.workflow.success","message":"n8n.workflow.success","payload":{"executionId":"462","success":true,"isManual":false,"mode":"webhook","workflowId":"csjSBc51yUkh2vRH","workflowName":"fire"}}
{"__type":"$$EventMessageConfirm","confirm":"f1da25c1-49c5-4142-b131-586178f98fe3","ts":"2026-07-13T15:47:40.150-04:00","source":{"id":"0","name":"eventBus"}}
{"__type":"$$EventMessageWorkflow","id":"8ed3db0b-690a-4a81-b504-4cdcddf1ef94","ts":"2026-07-13T15:47:40.282-04:00","eventName":"n8n.workflow.started","message":"n8n.workflow.started","payload":{"executionId":"463","workflowId":"4060d0nwMZdXJrUS","isManual":false,"mode":"webhook","workflowName":"alert"}}
{"__type":"$$EventMessageConfirm","confirm":"8ed3db0b-690a-4a81-b504-4cdcddf1ef94","ts":"2026-07-13T15:47:40.282-04:00","source":{"id":"0","name":"eventBus"}}
{"__type":"$$EventMessageAudit","id":"0033a931-b5ea-4296-92b7-5291a595b292","ts":"2026-07-13T15:47:40.283-04:00","eventName":"n8n.audit.workflow.executed","message":"n8n.audit.workflow.executed","payload":{"workflowId":"4060d0nwMZdXJrUS","workflowName":"alert","executionId":"463","source":"webhook"}}
{"__type":"$$EventMessageConfirm","confirm":"0033a931-b5ea-4296-92b7-5291a595b292","ts":"2026-07-13T15:47:40.283-04:00","source":{"id":"0","name":"eventBus"}}
{"__type":"$$EventMessageNode","id":"f14014d9-1f78-477f-8d1e-11d3b9da69dc","ts":"2026-07-13T15:47:40.284-04:00","eventName":"n8n.node.started","message":"n8n.node.started","payload":{"workflowId":"4060d0nwMZdXJrUS","workflowName":"alert","executionId":"463","nodeType":"n8n-nodes-base.webhook","nodeName":"Webhook","nodeId":"45b9a4be-0184-403c-83f3-41cbd14731c8"}}
{"__type":"$$EventMessageConfirm","confirm":"f14014d9-1f78-477f-8d1e-11d3b9da69dc","ts":"2026-07-13T15:47:40.284-04:00","source":{"id":"0","name":"eventBus"}}
{"__type":"$$EventMessageNode","id":"db1aac3f-0c04-4cf5-9579-24a35dd01ba5","ts":"2026-07-13T15:47:40.284-04:00","eventName":"n8n.node.finished","message":"n8n.node.finished","payload":{"workflowId":"4060d0nwMZdXJrUS","workflowName":"alert","executionId":"463","nodeType":"n8n-nodes-base.webhook","nodeName":"Webhook","nodeId":"45b9a4be-0184-403c-83f3-41cbd14731c8"}}
{"__type":"$$EventMessageConfirm","confirm":"db1aac3f-0c04-4cf5-9579-24a35dd01ba5","ts":"2026-07-13T15:47:40.284-04:00","source":{"id":"0","name":"eventBus"}}
{"__type":"$$EventMessageNode","id":"79ac20f8-f19b-47f0-a024-943f655b2de1","ts":"2026-07-13T15:47:40.285-04:00","eventName":"n8n.node.started","message":"n8n.node.started","payload":{"workflowId":"4060d0nwMZdXJrUS","workflowName":"alert","executionId":"463","nodeType":"n8n-nodes-base.code","nodeName":"Code in JavaScript","nodeId":"847e0d93-8488-41ce-97de-68b297df2b47"}}
{"__type":"$$EventMessageConfirm","confirm":"79ac20f8-f19b-47f0-a024-943f655b2de1","ts":"2026-07-13T15:47:40.285-04:00","source":{"id":"0","name":"eventBus"}}
{"__type":"$$EventMessageRunner","id":"1d56f85c-4e65-4170-9490-c464f7a1269a","ts":"2026-07-13T15:47:40.288-04:00","eventName":"n8n.runner.task.requested","message":"n8n.runner.task.requested","payload":{"taskId":"-90piUmq","nodeId":"847e0d93-8488-41ce-97de-68b297df2b47","workflowId":"4060d0nwMZdXJrUS","executionId":"463"}}
{"__type":"$$EventMessageConfirm","confirm":"1d56f85c-4e65-4170-9490-c464f7a1269a","ts":"2026-07-13T15:47:40.289-04:00","source":{"id":"0","name":"eventBus"}}
{"__type":"$$EventMessageRunner","id":"27dd3311-3898-4772-869d-179b7adeef9b","ts":"2026-07-13T15:47:40.298-04:00","eventName":"n8n.runner.response.received","message":"n8n.runner.response.received","payload":{"taskId":"-90piUmq","nodeId":"847e0d93-8488-41ce-97de-68b297df2b47","workflowId":"4060d0nwMZdXJrUS","executionId":"463"}}
{"__type":"$$EventMessageConfirm","confirm":"27dd3311-3898-4772-869d-179b7adeef9b","ts":"2026-07-13T15:47:40.298-04:00","source":{"id":"0","name":"eventBus"}}
{"__type":"$$EventMessageNode","id":"1139ffb6-e2e2-46a6-afba-fc28352c3d4b","ts":"2026-07-13T15:47:40.298-04:00","eventName":"n8n.node.finished","message":"n8n.node.finished","payload":{"workflowId":"4060d0nwMZdXJrUS","workflowName":"alert","executionId":"463","nodeType":"n8n-nodes-base.code","nodeName":"Code in JavaScript","nodeId":"847e0d93-8488-41ce-97de-68b297df2b47"}}
{"__type":"$$EventMessageConfirm","confirm":"1139ffb6-e2e2-46a6-afba-fc28352c3d4b","ts":"2026-07-13T15:47:40.299-04:00","source":{"id":"0","name":"eventBus"}}
{"__type":"$$EventMessageNode","id":"06493f0f-c31a-46e0-8765-2fdd5165df53","ts":"2026-07-13T15:47:40.299-04:00","eventName":"n8n.node.started","message":"n8n.node.started","payload":{"workflowId":"4060d0nwMZdXJrUS","workflowName":"alert","executionId":"463","nodeType":"n8n-nodes-base.if","nodeName":"If","nodeId":"a8f0bf21-8151-4783-a4a5-ac8e38d0da13"}}
{"__type":"$$EventMessageConfirm","confirm":"06493f0f-c31a-46e0-8765-2fdd5165df53","ts":"2026-07-13T15:47:40.299-04:00","source":{"id":"0","name":"eventBus"}}
{"__type":"$$EventMessageNode","id":"d9a73d9c-a706-46c8-bc3c-b2a19f9e235a","ts":"2026-07-13T15:47:40.300-04:00","eventName":"n8n.node.finished","message":"n8n.node.finished","payload":{"workflowId":"4060d0nwMZdXJrUS","workflowName":"alert","executionId":"463","nodeType":"n8n-nodes-base.if","nodeName":"If","nodeId":"a8f0bf21-8151-4783-a4a5-ac8e38d0da13"}}
{"__type":"$$EventMessageConfirm","confirm":"d9a73d9c-a706-46c8-bc3c-b2a19f9e235a","ts":"2026-07-13T15:47:40.301-04:00","source":{"id":"0","name":"eventBus"}}
{"__type":"$$EventMessageNode","id":"08f297bc-52a3-4c9c-abf2-e310cb7f88ed","ts":"2026-07-13T15:47:40.301-04:00","eventName":"n8n.node.started","message":"n8n.node.started","payload":{"workflowId":"4060d0nwMZdXJrUS","workflowName":"alert","executionId":"463","nodeType":"n8n-nodes-base.code","nodeName":"Code in JavaScript1","nodeId":"50b098bd-b40a-4c90-b2d4-eb880777eaff"}}
{"__type":"$$EventMessageConfirm","confirm":"08f297bc-52a3-4c9c-abf2-e310cb7f88ed","ts":"2026-07-13T15:47:40.301-04:00","source":{"id":"0","name":"eventBus"}}
{"__type":"$$EventMessageRunner","id":"b11f30df-4d51-488f-9635-3f600dcc6ef3","ts":"2026-07-13T15:47:40.303-04:00","eventName":"n8n.runner.task.requested","message":"n8n.runner.task.requested","payload":{"taskId":"GQA4hRLz","nodeId":"50b098bd-b40a-4c90-b2d4-eb880777eaff","workflowId":"4060d0nwMZdXJrUS","executionId":"463"}}
{"__type":"$$EventMessageConfirm","confirm":"b11f30df-4d51-488f-9635-3f600dcc6ef3","ts":"2026-07-13T15:47:40.303-04:00","source":{"id":"0","name":"eventBus"}}
{"__type":"$$EventMessageRunner","id":"a76acbfe-9a35-4358-901b-797418f215ef","ts":"2026-07-13T15:47:40.314-04:00","eventName":"n8n.runner.response.received","message":"n8n.runner.response.received","payload":{"taskId":"GQA4hRLz","nodeId":"50b098bd-b40a-4c90-b2d4-eb880777eaff","workflowId":"4060d0nwMZdXJrUS","executionId":"463"}}
{"__type":"$$EventMessageConfirm","confirm":"a76acbfe-9a35-4358-901b-797418f215ef","ts":"2026-07-13T15:47:40.315-04:00","source":{"id":"0","name":"eventBus"}}
{"__type":"$$EventMessageNode","id":"2c9d430a-90c6-435d-81fc-49859b474335","ts":"2026-07-13T15:47:40.315-04:00","eventName":"n8n.node.finished","message":"n8n.node.finished","payload":{"workflowId":"4060d0nwMZdXJrUS","workflowName":"alert","executionId":"463","nodeType":"n8n-nodes-base.code","nodeName":"Code in JavaScript1","nodeId":"50b098bd-b40a-4c90-b2d4-eb880777eaff"}}
{"__type":"$$EventMessageConfirm","confirm":"2c9d430a-90c6-435d-81fc-49859b474335","ts":"2026-07-13T15:47:40.315-04:00","source":{"id":"0","name":"eventBus"}}
{"__type":"$$EventMessageWorkflow","id":"ad026c92-a2cf-4118-9fe3-19ad4dd23776","ts":"2026-07-13T15:47:40.315-04:00","eventName":"n8n.workflow.success","message":"n8n.workflow.success","payload":{"executionId":"463","success":true,"isManual":false,"mode":"webhook","workflowId":"4060d0nwMZdXJrUS","workflowName":"alert"}}
{"__type":"$$EventMessageConfirm","confirm":"ad026c92-a2cf-4118-9fe3-19ad4dd23776","ts":"2026-07-13T15:47:40.316-04:00","source":{"id":"0","name":"eventBus"}}
{"__type":"$$EventMessageWorkflow","id":"09e2b86c-82b4-49ef-bfe0-b2784c8b31e3","ts":"2026-07-13T15:49:31.418-04:00","eventName":"n8n.workflow.started","message":"n8n.workflow.started","payload":{"executionId":"464","workflowId":"5VBKbuuujEvgdIGs","isManual":false,"mode":"webhook","workflowName":"power"}}
{"__type":"$$EventMessageConfirm","confirm":"09e2b86c-82b4-49ef-bfe0-b2784c8b31e3","ts":"2026-07-13T15:49:31.419-04:00","source":{"id":"0","name":"eventBus"}}
{"__type":"$$EventMessageAudit","id":"a1c15d21-9dfa-4c04-9573-a5110283432f","ts":"2026-07-13T15:49:31.420-04:00","eventName":"n8n.audit.workflow.executed","message":"n8n.audit.workflow.executed","payload":{"workflowId":"5VBKbuuujEvgdIGs","workflowName":"power","executionId":"464","source":"webhook"}}
{"__type":"$$EventMessageConfirm","confirm":"a1c15d21-9dfa-4c04-9573-a5110283432f","ts":"2026-07-13T15:49:31.420-04:00","source":{"id":"0","name":"eventBus"}}
{"__type":"$$EventMessageNode","id":"d6e523fb-bca6-4dec-b42c-8e290f7ca19a","ts":"2026-07-13T15:49:31.422-04:00","eventName":"n8n.node.started","message":"n8n.node.started","payload":{"workflowId":"5VBKbuuujEvgdIGs","workflowName":"power","executionId":"464","nodeType":"n8n-nodes-base.webhook","nodeName":"Webhook","nodeId":"d2f68568-3d63-4615-8950-d51b3313419d"}}
{"__type":"$$EventMessageConfirm","confirm":"d6e523fb-bca6-4dec-b42c-8e290f7ca19a","ts":"2026-07-13T15:49:31.422-04:00","source":{"id":"0","name":"eventBus"}}
{"__type":"$$EventMessageNode","id":"60004f8a-ead7-4822-9cd7-a234453ad5cf","ts":"2026-07-13T15:49:31.423-04:00","eventName":"n8n.node.finished","message":"n8n.node.finished","payload":{"workflowId":"5VBKbuuujEvgdIGs","workflowName":"power","executionId":"464","nodeType":"n8n-nodes-base.webhook","nodeName":"Webhook","nodeId":"d2f68568-3d63-4615-8950-d51b3313419d"}}
{"__type":"$$EventMessageConfirm","confirm":"60004f8a-ead7-4822-9cd7-a234453ad5cf","ts":"2026-07-13T15:49:31.424-04:00","source":{"id":"0","name":"eventBus"}}
{"__type":"$$EventMessageNode","id":"33c31d90-094c-437e-b5b3-1bf4c2048b21","ts":"2026-07-13T15:49:31.424-04:00","eventName":"n8n.node.started","message":"n8n.node.started","payload":{"workflowId":"5VBKbuuujEvgdIGs","workflowName":"power","executionId":"464","nodeType":"n8n-nodes-base.code","nodeName":"Code in JavaScript","nodeId":"60178211-232e-4f7a-8bd9-97a66e5b9ec0"}}
{"__type":"$$EventMessageConfirm","confirm":"33c31d90-094c-437e-b5b3-1bf4c2048b21","ts":"2026-07-13T15:49:31.424-04:00","source":{"id":"0","name":"eventBus"}}
{"__type":"$$EventMessageRunner","id":"ee4ee204-64d5-4f84-894f-f39cf50f3ac5","ts":"2026-07-13T15:49:31.426-04:00","eventName":"n8n.runner.task.requested","message":"n8n.runner.task.requested","payload":{"taskId":"pKihE9Bq","nodeId":"60178211-232e-4f7a-8bd9-97a66e5b9ec0","workflowId":"5VBKbuuujEvgdIGs","executionId":"464"}}
{"__type":"$$EventMessageConfirm","confirm":"ee4ee204-64d5-4f84-894f-f39cf50f3ac5","ts":"2026-07-13T15:49:31.426-04:00","source":{"id":"0","name":"eventBus"}}
{"__type":"$$EventMessageRunner","id":"e2f9d981-9312-4b88-8170-945ed1945471","ts":"2026-07-13T15:49:31.447-04:00","eventName":"n8n.runner.response.received","message":"n8n.runner.response.received","payload":{"taskId":"pKihE9Bq","nodeId":"60178211-232e-4f7a-8bd9-97a66e5b9ec0","workflowId":"5VBKbuuujEvgdIGs","executionId":"464"}}
{"__type":"$$EventMessageConfirm","confirm":"e2f9d981-9312-4b88-8170-945ed1945471","ts":"2026-07-13T15:49:31.447-04:00","source":{"id":"0","name":"eventBus"}}
{"__type":"$$EventMessageNode","id":"336bb525-d3f8-4821-8fbd-e228fc1d9463","ts":"2026-07-13T15:49:31.448-04:00","eventName":"n8n.node.finished","message":"n8n.node.finished","payload":{"workflowId":"5VBKbuuujEvgdIGs","workflowName":"power","executionId":"464","nodeType":"n8n-nodes-base.code","nodeName":"Code in JavaScript","nodeId":"60178211-232e-4f7a-8bd9-97a66e5b9ec0"}}
{"__type":"$$EventMessageConfirm","confirm":"336bb525-d3f8-4821-8fbd-e228fc1d9463","ts":"2026-07-13T15:49:31.448-04:00","source":{"id":"0","name":"eventBus"}}
{"__type":"$$EventMessageNode","id":"eaac34ea-48f5-4246-9a0b-7ae970be639c","ts":"2026-07-13T15:49:31.448-04:00","eventName":"n8n.node.started","message":"n8n.node.started","payload":{"workflowId":"5VBKbuuujEvgdIGs","workflowName":"power","executionId":"464","nodeType":"n8n-nodes-base.code","nodeName":"Code in JavaScript1","nodeId":"21ac27dd-d85f-45cb-b48f-eb6a3465a56b"}}
{"__type":"$$EventMessageConfirm","confirm":"eaac34ea-48f5-4246-9a0b-7ae970be639c","ts":"2026-07-13T15:49:31.448-04:00","source":{"id":"0","name":"eventBus"}}
{"__type":"$$EventMessageRunner","id":"24deb1dd-5ce1-4ffc-9a3f-c48cc133c4d0","ts":"2026-07-13T15:49:31.450-04:00","eventName":"n8n.runner.task.requested","message":"n8n.runner.task.requested","payload":{"taskId":"f-mzmgnn","nodeId":"21ac27dd-d85f-45cb-b48f-eb6a3465a56b","workflowId":"5VBKbuuujEvgdIGs","executionId":"464"}}
{"__type":"$$EventMessageConfirm","confirm":"24deb1dd-5ce1-4ffc-9a3f-c48cc133c4d0","ts":"2026-07-13T15:49:31.450-04:00","source":{"id":"0","name":"eventBus"}}
{"__type":"$$EventMessageRunner","id":"a84bca4c-187b-4543-ba25-e949e9272303","ts":"2026-07-13T15:49:31.477-04:00","eventName":"n8n.runner.response.received","message":"n8n.runner.response.received","payload":{"taskId":"f-mzmgnn","nodeId":"21ac27dd-d85f-45cb-b48f-eb6a3465a56b","workflowId":"5VBKbuuujEvgdIGs","executionId":"464"}}
{"__type":"$$EventMessageConfirm","confirm":"a84bca4c-187b-4543-ba25-e949e9272303","ts":"2026-07-13T15:49:31.477-04:00","source":{"id":"0","name":"eventBus"}}
{"__type":"$$EventMessageNode","id":"54a000e6-93e4-4b3a-add8-bdd883425525","ts":"2026-07-13T15:49:31.478-04:00","eventName":"n8n.node.finished","message":"n8n.node.finished","payload":{"workflowId":"5VBKbuuujEvgdIGs","workflowName":"power","executionId":"464","nodeType":"n8n-nodes-base.code","nodeName":"Code in JavaScript1","nodeId":"21ac27dd-d85f-45cb-b48f-eb6a3465a56b"}}
{"__type":"$$EventMessageConfirm","confirm":"54a000e6-93e4-4b3a-add8-bdd883425525","ts":"2026-07-13T15:49:31.478-04:00","source":{"id":"0","name":"eventBus"}}
{"__type":"$$EventMessageWorkflow","id":"107af7be-ee47-42ab-acad-de01a7484821","ts":"2026-07-13T15:49:31.478-04:00","eventName":"n8n.workflow.success","message":"n8n.workflow.success","payload":{"executionId":"464","success":true,"isManual":false,"mode":"webhook","workflowId":"5VBKbuuujEvgdIGs","workflowName":"power"}}
{"__type":"$$EventMessageConfirm","confirm":"107af7be-ee47-42ab-acad-de01a7484821","ts":"2026-07-13T15:49:31.478-04:00","source":{"id":"0","name":"eventBus"}}
{"__type":"$$EventMessageWorkflow","id":"3eba3aa6-4212-4dbb-bbad-fc63fd0f997a","ts":"2026-07-13T15:49:31.612-04:00","eventName":"n8n.workflow.started","message":"n8n.workflow.started","payload":{"executionId":"465","workflowId":"HyiO9yqvE2q5kmov","isManual":false,"mode":"webhook","workflowName":"hvac"}}
{"__type":"$$EventMessageConfirm","confirm":"3eba3aa6-4212-4dbb-bbad-fc63fd0f997a","ts":"2026-07-13T15:49:31.612-04:00","source":{"id":"0","name":"eventBus"}}
{"__type":"$$EventMessageAudit","id":"1fb64cac-c524-47b8-955b-d8ad3eb0990c","ts":"2026-07-13T15:49:31.613-04:00","eventName":"n8n.audit.workflow.executed","message":"n8n.audit.workflow.executed","payload":{"workflowId":"HyiO9yqvE2q5kmov","workflowName":"hvac","executionId":"465","source":"webhook"}}
{"__type":"$$EventMessageConfirm","confirm":"1fb64cac-c524-47b8-955b-d8ad3eb0990c","ts":"2026-07-13T15:49:31.615-04:00","source":{"id":"0","name":"eventBus"}}
{"__type":"$$EventMessageNode","id":"04204087-8dcf-47fa-9a8b-50aa4eb90d03","ts":"2026-07-13T15:49:31.618-04:00","eventName":"n8n.node.started","message":"n8n.node.started","payload":{"workflowId":"HyiO9yqvE2q5kmov","workflowName":"hvac","executionId":"465","nodeType":"n8n-nodes-base.webhook","nodeName":"Webhook","nodeId":"21c4bb7e-a362-421b-819b-e396631df92a"}}
{"__type":"$$EventMessageConfirm","confirm":"04204087-8dcf-47fa-9a8b-50aa4eb90d03","ts":"2026-07-13T15:49:31.618-04:00","source":{"id":"0","name":"eventBus"}}
{"__type":"$$EventMessageNode","id":"5efb77ce-af01-452c-af77-c52fd1aae0d2","ts":"2026-07-13T15:49:31.618-04:00","eventName":"n8n.node.finished","message":"n8n.node.finished","payload":{"workflowId":"HyiO9yqvE2q5kmov","workflowName":"hvac","executionId":"465","nodeType":"n8n-nodes-base.webhook","nodeName":"Webhook","nodeId":"21c4bb7e-a362-421b-819b-e396631df92a"}}
{"__type":"$$EventMessageConfirm","confirm":"5efb77ce-af01-452c-af77-c52fd1aae0d2","ts":"2026-07-13T15:49:31.618-04:00","source":{"id":"0","name":"eventBus"}}
{"__type":"$$EventMessageNode","id":"14bbf6c2-846f-4482-b9e3-e158cf6050b0","ts":"2026-07-13T15:49:31.618-04:00","eventName":"n8n.node.started","message":"n8n.node.started","payload":{"workflowId":"HyiO9yqvE2q5kmov","workflowName":"hvac","executionId":"465","nodeType":"n8n-nodes-base.code","nodeName":"Code in JavaScript","nodeId":"7f58ebee-2d23-411d-b5ed-d749b73e6774"}}
{"__type":"$$EventMessageConfirm","confirm":"14bbf6c2-846f-4482-b9e3-e158cf6050b0","ts":"2026-07-13T15:49:31.619-04:00","source":{"id":"0","name":"eventBus"}}
{"__type":"$$EventMessageRunner","id":"1a72d2b7-431b-4663-8798-b58d8522d81b","ts":"2026-07-13T15:49:31.623-04:00","eventName":"n8n.runner.task.requested","message":"n8n.runner.task.requested","payload":{"taskId":"2GfZx8_G","nodeId":"7f58ebee-2d23-411d-b5ed-d749b73e6774","workflowId":"HyiO9yqvE2q5kmov","executionId":"465"}}
{"__type":"$$EventMessageConfirm","confirm":"1a72d2b7-431b-4663-8798-b58d8522d81b","ts":"2026-07-13T15:49:31.623-04:00","source":{"id":"0","name":"eventBus"}}
{"__type":"$$EventMessageRunner","id":"c4626c04-df82-4fec-a1b5-92b5c53ac551","ts":"2026-07-13T15:49:31.634-04:00","eventName":"n8n.runner.response.received","message":"n8n.runner.response.received","payload":{"taskId":"2GfZx8_G","nodeId":"7f58ebee-2d23-411d-b5ed-d749b73e6774","workflowId":"HyiO9yqvE2q5kmov","executionId":"465"}}
{"__type":"$$EventMessageConfirm","confirm":"c4626c04-df82-4fec-a1b5-92b5c53ac551","ts":"2026-07-13T15:49:31.634-04:00","source":{"id":"0","name":"eventBus"}}
{"__type":"$$EventMessageNode","id":"a8ddcd43-9613-4e22-809e-99c8c72c48f3","ts":"2026-07-13T15:49:31.635-04:00","eventName":"n8n.node.finished","message":"n8n.node.finished","payload":{"workflowId":"HyiO9yqvE2q5kmov","workflowName":"hvac","executionId":"465","nodeType":"n8n-nodes-base.code","nodeName":"Code in JavaScript","nodeId":"7f58ebee-2d23-411d-b5ed-d749b73e6774"}}
{"__type":"$$EventMessageConfirm","confirm":"a8ddcd43-9613-4e22-809e-99c8c72c48f3","ts":"2026-07-13T15:49:31.635-04:00","source":{"id":"0","name":"eventBus"}}
{"__type":"$$EventMessageNode","id":"cee7b949-708e-4885-ad6a-aa34f5a3cdff","ts":"2026-07-13T15:49:31.635-04:00","eventName":"n8n.node.started","message":"n8n.node.started","payload":{"workflowId":"HyiO9yqvE2q5kmov","workflowName":"hvac","executionId":"465","nodeType":"n8n-nodes-base.code","nodeName":"Code in JavaScript1","nodeId":"60f93297-09f2-4aac-9a87-0874737aa293"}}
{"__type":"$$EventMessageConfirm","confirm":"cee7b949-708e-4885-ad6a-aa34f5a3cdff","ts":"2026-07-13T15:49:31.635-04:00","source":{"id":"0","name":"eventBus"}}
{"__type":"$$EventMessageRunner","id":"afbddffe-7924-40c1-a9c6-4b96a9fc60ac","ts":"2026-07-13T15:49:31.639-04:00","eventName":"n8n.runner.task.requested","message":"n8n.runner.task.requested","payload":{"taskId":"1jyGXU7P","nodeId":"60f93297-09f2-4aac-9a87-0874737aa293","workflowId":"HyiO9yqvE2q5kmov","executionId":"465"}}
{"__type":"$$EventMessageConfirm","confirm":"afbddffe-7924-40c1-a9c6-4b96a9fc60ac","ts":"2026-07-13T15:49:31.639-04:00","source":{"id":"0","name":"eventBus"}}
{"__type":"$$EventMessageRunner","id":"a5e74308-1f42-41e3-8d6f-ce8c69a0f777","ts":"2026-07-13T15:49:31.650-04:00","eventName":"n8n.runner.response.received","message":"n8n.runner.response.received","payload":{"taskId":"1jyGXU7P","nodeId":"60f93297-09f2-4aac-9a87-0874737aa293","workflowId":"HyiO9yqvE2q5kmov","executionId":"465"}}
{"__type":"$$EventMessageConfirm","confirm":"a5e74308-1f42-41e3-8d6f-ce8c69a0f777","ts":"2026-07-13T15:49:31.651-04:00","source":{"id":"0","name":"eventBus"}}
{"__type":"$$EventMessageNode","id":"2a9a0b6f-de19-4224-92ce-3b3ee2bd6ec4","ts":"2026-07-13T15:49:31.651-04:00","eventName":"n8n.node.finished","message":"n8n.node.finished","payload":{"workflowId":"HyiO9yqvE2q5kmov","workflowName":"hvac","executionId":"465","nodeType":"n8n-nodes-base.code","nodeName":"Code in JavaScript1","nodeId":"60f93297-09f2-4aac-9a87-0874737aa293"}}
{"__type":"$$EventMessageConfirm","confirm":"2a9a0b6f-de19-4224-92ce-3b3ee2bd6ec4","ts":"2026-07-13T15:49:31.651-04:00","source":{"id":"0","name":"eventBus"}}
{"__type":"$$EventMessageWorkflow","id":"6ee50cd6-d521-4875-86f5-4512d6cfffe3","ts":"2026-07-13T15:49:31.651-04:00","eventName":"n8n.workflow.success","message":"n8n.workflow.success","payload":{"executionId":"465","success":true,"isManual":false,"mode":"webhook","workflowId":"HyiO9yqvE2q5kmov","workflowName":"hvac"}}
{"__type":"$$EventMessageConfirm","confirm":"6ee50cd6-d521-4875-86f5-4512d6cfffe3","ts":"2026-07-13T15:49:31.652-04:00","source":{"id":"0","name":"eventBus"}}
{"__type":"$$EventMessageWorkflow","id":"649dd23a-ce86-4db3-9da6-187136e09209","ts":"2026-07-13T15:49:31.777-04:00","eventName":"n8n.workflow.started","message":"n8n.workflow.started","payload":{"executionId":"466","workflowId":"4060d0nwMZdXJrUS","isManual":false,"mode":"webhook","workflowName":"alert"}}
{"__type":"$$EventMessageConfirm","confirm":"649dd23a-ce86-4db3-9da6-187136e09209","ts":"2026-07-13T15:49:31.777-04:00","source":{"id":"0","name":"eventBus"}}
{"__type":"$$EventMessageAudit","id":"28bd9753-8a87-4704-8eaf-27013763921f","ts":"2026-07-13T15:49:31.778-04:00","eventName":"n8n.audit.workflow.executed","message":"n8n.audit.workflow.executed","payload":{"workflowId":"4060d0nwMZdXJrUS","workflowName":"alert","executionId":"466","source":"webhook"}}
{"__type":"$$EventMessageConfirm","confirm":"28bd9753-8a87-4704-8eaf-27013763921f","ts":"2026-07-13T15:49:31.778-04:00","source":{"id":"0","name":"eventBus"}}
{"__type":"$$EventMessageNode","id":"fc08f30a-8cd0-42ec-bc0d-c5f7c0a064ad","ts":"2026-07-13T15:49:31.780-04:00","eventName":"n8n.node.started","message":"n8n.node.started","payload":{"workflowId":"4060d0nwMZdXJrUS","workflowName":"alert","executionId":"466","nodeType":"n8n-nodes-base.webhook","nodeName":"Webhook","nodeId":"45b9a4be-0184-403c-83f3-41cbd14731c8"}}
{"__type":"$$EventMessageConfirm","confirm":"fc08f30a-8cd0-42ec-bc0d-c5f7c0a064ad","ts":"2026-07-13T15:49:31.780-04:00","source":{"id":"0","name":"eventBus"}}
{"__type":"$$EventMessageNode","id":"2738cbdd-226e-47db-9144-20392cca605d","ts":"2026-07-13T15:49:31.780-04:00","eventName":"n8n.node.finished","message":"n8n.node.finished","payload":{"workflowId":"4060d0nwMZdXJrUS","workflowName":"alert","executionId":"466","nodeType":"n8n-nodes-base.webhook","nodeName":"Webhook","nodeId":"45b9a4be-0184-403c-83f3-41cbd14731c8"}}
{"__type":"$$EventMessageConfirm","confirm":"2738cbdd-226e-47db-9144-20392cca605d","ts":"2026-07-13T15:49:31.781-04:00","source":{"id":"0","name":"eventBus"}}
{"__type":"$$EventMessageNode","id":"9f7e58c9-0df8-488d-9655-f911cde4a1e4","ts":"2026-07-13T15:49:31.781-04:00","eventName":"n8n.node.started","message":"n8n.node.started","payload":{"workflowId":"4060d0nwMZdXJrUS","workflowName":"alert","executionId":"466","nodeType":"n8n-nodes-base.code","nodeName":"Code in JavaScript","nodeId":"847e0d93-8488-41ce-97de-68b297df2b47"}}
{"__type":"$$EventMessageConfirm","confirm":"9f7e58c9-0df8-488d-9655-f911cde4a1e4","ts":"2026-07-13T15:49:31.781-04:00","source":{"id":"0","name":"eventBus"}}
{"__type":"$$EventMessageRunner","id":"f80fa046-2ec4-43b8-84c9-da66366bfc88","ts":"2026-07-13T15:49:31.792-04:00","eventName":"n8n.runner.task.requested","message":"n8n.runner.task.requested","payload":{"taskId":"QykGJs7m","nodeId":"847e0d93-8488-41ce-97de-68b297df2b47","workflowId":"4060d0nwMZdXJrUS","executionId":"466"}}
{"__type":"$$EventMessageConfirm","confirm":"f80fa046-2ec4-43b8-84c9-da66366bfc88","ts":"2026-07-13T15:49:31.793-04:00","source":{"id":"0","name":"eventBus"}}
{"__type":"$$EventMessageRunner","id":"18221aa4-43b7-447a-a746-3761041cf53c","ts":"2026-07-13T15:49:31.802-04:00","eventName":"n8n.runner.response.received","message":"n8n.runner.response.received","payload":{"taskId":"QykGJs7m","nodeId":"847e0d93-8488-41ce-97de-68b297df2b47","workflowId":"4060d0nwMZdXJrUS","executionId":"466"}}
{"__type":"$$EventMessageConfirm","confirm":"18221aa4-43b7-447a-a746-3761041cf53c","ts":"2026-07-13T15:49:31.803-04:00","source":{"id":"0","name":"eventBus"}}
{"__type":"$$EventMessageNode","id":"d5d07ab3-5c0b-42b5-b6cb-9d29d4c11c62","ts":"2026-07-13T15:49:31.803-04:00","eventName":"n8n.node.finished","message":"n8n.node.finished","payload":{"workflowId":"4060d0nwMZdXJrUS","workflowName":"alert","executionId":"466","nodeType":"n8n-nodes-base.code","nodeName":"Code in JavaScript","nodeId":"847e0d93-8488-41ce-97de-68b297df2b47"}}
{"__type":"$$EventMessageConfirm","confirm":"d5d07ab3-5c0b-42b5-b6cb-9d29d4c11c62","ts":"2026-07-13T15:49:31.803-04:00","source":{"id":"0","name":"eventBus"}}
{"__type":"$$EventMessageNode","id":"61fc0f7e-44c0-4dd1-bfaa-884babadbbd8","ts":"2026-07-13T15:49:31.803-04:00","eventName":"n8n.node.started","message":"n8n.node.started","payload":{"workflowId":"4060d0nwMZdXJrUS","workflowName":"alert","executionId":"466","nodeType":"n8n-nodes-base.if","nodeName":"If","nodeId":"a8f0bf21-8151-4783-a4a5-ac8e38d0da13"}}
{"__type":"$$EventMessageConfirm","confirm":"61fc0f7e-44c0-4dd1-bfaa-884babadbbd8","ts":"2026-07-13T15:49:31.803-04:00","source":{"id":"0","name":"eventBus"}}
{"__type":"$$EventMessageNode","id":"aee1f866-35b9-4e57-ab76-f8858704b02e","ts":"2026-07-13T15:49:31.806-04:00","eventName":"n8n.node.finished","message":"n8n.node.finished","payload":{"workflowId":"4060d0nwMZdXJrUS","workflowName":"alert","executionId":"466","nodeType":"n8n-nodes-base.if","nodeName":"If","nodeId":"a8f0bf21-8151-4783-a4a5-ac8e38d0da13"}}
{"__type":"$$EventMessageConfirm","confirm":"aee1f866-35b9-4e57-ab76-f8858704b02e","ts":"2026-07-13T15:49:31.806-04:00","source":{"id":"0","name":"eventBus"}}
{"__type":"$$EventMessageNode","id":"d9b215df-774b-42d8-9626-e2f654e868b8","ts":"2026-07-13T15:49:31.807-04:00","eventName":"n8n.node.started","message":"n8n.node.started","payload":{"workflowId":"4060d0nwMZdXJrUS","workflowName":"alert","executionId":"466","nodeType":"n8n-nodes-base.code","nodeName":"Code in JavaScript1","nodeId":"50b098bd-b40a-4c90-b2d4-eb880777eaff"}}
{"__type":"$$EventMessageConfirm","confirm":"d9b215df-774b-42d8-9626-e2f654e868b8","ts":"2026-07-13T15:49:31.807-04:00","source":{"id":"0","name":"eventBus"}}
{"__type":"$$EventMessageRunner","id":"26e949d8-16a8-44c6-8158-0623350e788b","ts":"2026-07-13T15:49:31.809-04:00","eventName":"n8n.runner.task.requested","message":"n8n.runner.task.requested","payload":{"taskId":"vkZCKC-X","nodeId":"50b098bd-b40a-4c90-b2d4-eb880777eaff","workflowId":"4060d0nwMZdXJrUS","executionId":"466"}}
{"__type":"$$EventMessageConfirm","confirm":"26e949d8-16a8-44c6-8158-0623350e788b","ts":"2026-07-13T15:49:31.809-04:00","source":{"id":"0","name":"eventBus"}}
{"__type":"$$EventMessageRunner","id":"e76fd481-7481-4358-b4e3-6ec36cfe5978","ts":"2026-07-13T15:49:31.821-04:00","eventName":"n8n.runner.response.received","message":"n8n.runner.response.received","payload":{"taskId":"vkZCKC-X","nodeId":"50b098bd-b40a-4c90-b2d4-eb880777eaff","workflowId":"4060d0nwMZdXJrUS","executionId":"466"}}
{"__type":"$$EventMessageConfirm","confirm":"e76fd481-7481-4358-b4e3-6ec36cfe5978","ts":"2026-07-13T15:49:31.822-04:00","source":{"id":"0","name":"eventBus"}}
{"__type":"$$EventMessageNode","id":"bdf4d053-c72c-445c-840c-fd33bf4c6817","ts":"2026-07-13T15:49:31.823-04:00","eventName":"n8n.node.finished","message":"n8n.node.finished","payload":{"workflowId":"4060d0nwMZdXJrUS","workflowName":"alert","executionId":"466","nodeType":"n8n-nodes-base.code","nodeName":"Code in JavaScript1","nodeId":"50b098bd-b40a-4c90-b2d4-eb880777eaff"}}
{"__type":"$$EventMessageConfirm","confirm":"bdf4d053-c72c-445c-840c-fd33bf4c6817","ts":"2026-07-13T15:49:31.823-04:00","source":{"id":"0","name":"eventBus"}}
{"__type":"$$EventMessageWorkflow","id":"cb2e66d0-8704-4348-9999-409e9259c3b0","ts":"2026-07-13T15:49:31.823-04:00","eventName":"n8n.workflow.success","message":"n8n.workflow.success","payload":{"executionId":"466","success":true,"isManual":false,"mode":"webhook","workflowId":"4060d0nwMZdXJrUS","workflowName":"alert"}}
{"__type":"$$EventMessageConfirm","confirm":"cb2e66d0-8704-4348-9999-409e9259c3b0","ts":"2026-07-13T15:49:31.823-04:00","source":{"id":"0","name":"eventBus"}}
{"__type":"$$EventMessageWorkflow","id":"19d468e5-f971-416e-8e2d-27a01e7c982b","ts":"2026-07-13T16:03:43.920-04:00","eventName":"n8n.workflow.started","message":"n8n.workflow.started","payload":{"executionId":"467","workflowId":"csjSBc51yUkh2vRH","isManual":false,"mode":"webhook","workflowName":"fire"}}
{"__type":"$$EventMessageConfirm","confirm":"19d468e5-f971-416e-8e2d-27a01e7c982b","ts":"2026-07-13T16:03:43.920-04:00","source":{"id":"0","name":"eventBus"}}
{"__type":"$$EventMessageAudit","id":"924c55af-dcf8-462c-a33a-a91424ed0550","ts":"2026-07-13T16:03:43.921-04:00","eventName":"n8n.audit.workflow.executed","message":"n8n.audit.workflow.executed","payload":{"workflowId":"csjSBc51yUkh2vRH","workflowName":"fire","executionId":"467","source":"webhook"}}
{"__type":"$$EventMessageConfirm","confirm":"924c55af-dcf8-462c-a33a-a91424ed0550","ts":"2026-07-13T16:03:43.922-04:00","source":{"id":"0","name":"eventBus"}}
{"__type":"$$EventMessageNode","id":"06d4fec1-7dcb-46d5-befd-ce215261fdd7","ts":"2026-07-13T16:03:43.924-04:00","eventName":"n8n.node.started","message":"n8n.node.started","payload":{"workflowId":"csjSBc51yUkh2vRH","workflowName":"fire","executionId":"467","nodeType":"n8n-nodes-base.webhook","nodeName":"Webhook","nodeId":"24e7bc53-ee06-4b53-b753-97a049b3327b"}}
{"__type":"$$EventMessageConfirm","confirm":"06d4fec1-7dcb-46d5-befd-ce215261fdd7","ts":"2026-07-13T16:03:43.925-04:00","source":{"id":"0","name":"eventBus"}}
{"__type":"$$EventMessageNode","id":"dbba4e46-7752-41a3-ba01-1e274f15eb64","ts":"2026-07-13T16:03:43.925-04:00","eventName":"n8n.node.finished","message":"n8n.node.finished","payload":{"workflowId":"csjSBc51yUkh2vRH","workflowName":"fire","executionId":"467","nodeType":"n8n-nodes-base.webhook","nodeName":"Webhook","nodeId":"24e7bc53-ee06-4b53-b753-97a049b3327b"}}
{"__type":"$$EventMessageConfirm","confirm":"dbba4e46-7752-41a3-ba01-1e274f15eb64","ts":"2026-07-13T16:03:43.925-04:00","source":{"id":"0","name":"eventBus"}}
{"__type":"$$EventMessageNode","id":"c4772ab3-5dc7-43ea-9d3f-d5378d3232bb","ts":"2026-07-13T16:03:43.926-04:00","eventName":"n8n.node.started","message":"n8n.node.started","payload":{"workflowId":"csjSBc51yUkh2vRH","workflowName":"fire","executionId":"467","nodeType":"n8n-nodes-base.code","nodeName":"Code in JavaScript","nodeId":"f271c744-c46c-4766-b045-ed1d8821c40d"}}
{"__type":"$$EventMessageConfirm","confirm":"c4772ab3-5dc7-43ea-9d3f-d5378d3232bb","ts":"2026-07-13T16:03:43.926-04:00","source":{"id":"0","name":"eventBus"}}
{"__type":"$$EventMessageRunner","id":"08cbef36-c137-465f-a1a1-81b880247c1f","ts":"2026-07-13T16:03:43.928-04:00","eventName":"n8n.runner.task.requested","message":"n8n.runner.task.requested","payload":{"taskId":"VDYdz0PJ","nodeId":"f271c744-c46c-4766-b045-ed1d8821c40d","workflowId":"csjSBc51yUkh2vRH","executionId":"467"}}
{"__type":"$$EventMessageConfirm","confirm":"08cbef36-c137-465f-a1a1-81b880247c1f","ts":"2026-07-13T16:03:43.929-04:00","source":{"id":"0","name":"eventBus"}}
{"__type":"$$EventMessageRunner","id":"8bbd72c4-573c-4d5e-a7aa-d44c2fe3f0a1","ts":"2026-07-13T16:03:43.951-04:00","eventName":"n8n.runner.response.received","message":"n8n.runner.response.received","payload":{"taskId":"VDYdz0PJ","nodeId":"f271c744-c46c-4766-b045-ed1d8821c40d","workflowId":"csjSBc51yUkh2vRH","executionId":"467"}}
{"__type":"$$EventMessageConfirm","confirm":"8bbd72c4-573c-4d5e-a7aa-d44c2fe3f0a1","ts":"2026-07-13T16:03:43.951-04:00","source":{"id":"0","name":"eventBus"}}
{"__type":"$$EventMessageNode","id":"71e403ae-e602-46da-a732-56980210e954","ts":"2026-07-13T16:03:43.952-04:00","eventName":"n8n.node.finished","message":"n8n.node.finished","payload":{"workflowId":"csjSBc51yUkh2vRH","workflowName":"fire","executionId":"467","nodeType":"n8n-nodes-base.code","nodeName":"Code in JavaScript","nodeId":"f271c744-c46c-4766-b045-ed1d8821c40d"}}
{"__type":"$$EventMessageConfirm","confirm":"71e403ae-e602-46da-a732-56980210e954","ts":"2026-07-13T16:03:43.952-04:00","source":{"id":"0","name":"eventBus"}}
{"__type":"$$EventMessageNode","id":"a76a9d25-42c1-41cd-b852-2c0203132a2f","ts":"2026-07-13T16:03:43.952-04:00","eventName":"n8n.node.started","message":"n8n.node.started","payload":{"workflowId":"csjSBc51yUkh2vRH","workflowName":"fire","executionId":"467","nodeType":"n8n-nodes-base.code","nodeName":"Code in JavaScript1","nodeId":"3cd55fa9-d0e9-43ab-b0ba-fe5047c0e593"}}
{"__type":"$$EventMessageConfirm","confirm":"a76a9d25-42c1-41cd-b852-2c0203132a2f","ts":"2026-07-13T16:03:43.952-04:00","source":{"id":"0","name":"eventBus"}}
{"__type":"$$EventMessageRunner","id":"c4cb61f4-9587-43af-871e-1e55c0c99e5e","ts":"2026-07-13T16:03:43.954-04:00","eventName":"n8n.runner.task.requested","message":"n8n.runner.task.requested","payload":{"taskId":"v0hD5IS9","nodeId":"3cd55fa9-d0e9-43ab-b0ba-fe5047c0e593","workflowId":"csjSBc51yUkh2vRH","executionId":"467"}}
{"__type":"$$EventMessageConfirm","confirm":"c4cb61f4-9587-43af-871e-1e55c0c99e5e","ts":"2026-07-13T16:03:43.956-04:00","source":{"id":"0","name":"eventBus"}}
{"__type":"$$EventMessageRunner","id":"38429b01-fd7d-4dd7-877c-5869bcbd1468","ts":"2026-07-13T16:03:43.994-04:00","eventName":"n8n.runner.response.received","message":"n8n.runner.response.received","payload":{"taskId":"v0hD5IS9","nodeId":"3cd55fa9-d0e9-43ab-b0ba-fe5047c0e593","workflowId":"csjSBc51yUkh2vRH","executionId":"467"}}
{"__type":"$$EventMessageConfirm","confirm":"38429b01-fd7d-4dd7-877c-5869bcbd1468","ts":"2026-07-13T16:03:43.995-04:00","source":{"id":"0","name":"eventBus"}}
{"__type":"$$EventMessageNode","id":"6d0acbaa-6136-4a22-98b7-7afcea8dfe0f","ts":"2026-07-13T16:03:43.998-04:00","eventName":"n8n.node.finished","message":"n8n.node.finished","payload":{"workflowId":"csjSBc51yUkh2vRH","workflowName":"fire","executionId":"467","nodeType":"n8n-nodes-base.code","nodeName":"Code in JavaScript1","nodeId":"3cd55fa9-d0e9-43ab-b0ba-fe5047c0e593"}}
{"__type":"$$EventMessageConfirm","confirm":"6d0acbaa-6136-4a22-98b7-7afcea8dfe0f","ts":"2026-07-13T16:03:43.998-04:00","source":{"id":"0","name":"eventBus"}}
{"__type":"$$EventMessageWorkflow","id":"59e01c0d-6cdc-4c9a-b349-d46831f789f2","ts":"2026-07-13T16:03:43.998-04:00","eventName":"n8n.workflow.success","message":"n8n.workflow.success","payload":{"executionId":"467","success":true,"isManual":false,"mode":"webhook","workflowId":"csjSBc51yUkh2vRH","workflowName":"fire"}}
{"__type":"$$EventMessageConfirm","confirm":"59e01c0d-6cdc-4c9a-b349-d46831f789f2","ts":"2026-07-13T16:03:43.999-04:00","source":{"id":"0","name":"eventBus"}}
{"__type":"$$EventMessageWorkflow","id":"044e28d8-5f69-4332-95c4-4bc484ef89db","ts":"2026-07-13T16:03:44.143-04:00","eventName":"n8n.workflow.started","message":"n8n.workflow.started","payload":{"executionId":"468","workflowId":"4060d0nwMZdXJrUS","isManual":false,"mode":"webhook","workflowName":"alert"}}
{"__type":"$$EventMessageConfirm","confirm":"044e28d8-5f69-4332-95c4-4bc484ef89db","ts":"2026-07-13T16:03:44.143-04:00","source":{"id":"0","name":"eventBus"}}
{"__type":"$$EventMessageAudit","id":"3586dffe-1adb-4a55-9bf7-4753af161be6","ts":"2026-07-13T16:03:44.144-04:00","eventName":"n8n.audit.workflow.executed","message":"n8n.audit.workflow.executed","payload":{"workflowId":"4060d0nwMZdXJrUS","workflowName":"alert","executionId":"468","source":"webhook"}}
{"__type":"$$EventMessageConfirm","confirm":"3586dffe-1adb-4a55-9bf7-4753af161be6","ts":"2026-07-13T16:03:44.144-04:00","source":{"id":"0","name":"eventBus"}}
{"__type":"$$EventMessageNode","id":"b50fb94b-c4bf-4d27-8358-f55d0c7119ae","ts":"2026-07-13T16:03:44.146-04:00","eventName":"n8n.node.started","message":"n8n.node.started","payload":{"workflowId":"4060d0nwMZdXJrUS","workflowName":"alert","executionId":"468","nodeType":"n8n-nodes-base.webhook","nodeName":"Webhook","nodeId":"45b9a4be-0184-403c-83f3-41cbd14731c8"}}
{"__type":"$$EventMessageConfirm","confirm":"b50fb94b-c4bf-4d27-8358-f55d0c7119ae","ts":"2026-07-13T16:03:44.147-04:00","source":{"id":"0","name":"eventBus"}}
{"__type":"$$EventMessageNode","id":"c0c1bbac-7ea7-4366-a61b-22187fff5bfd","ts":"2026-07-13T16:03:44.147-04:00","eventName":"n8n.node.finished","message":"n8n.node.finished","payload":{"workflowId":"4060d0nwMZdXJrUS","workflowName":"alert","executionId":"468","nodeType":"n8n-nodes-base.webhook","nodeName":"Webhook","nodeId":"45b9a4be-0184-403c-83f3-41cbd14731c8"}}
{"__type":"$$EventMessageConfirm","confirm":"c0c1bbac-7ea7-4366-a61b-22187fff5bfd","ts":"2026-07-13T16:03:44.148-04:00","source":{"id":"0","name":"eventBus"}}
{"__type":"$$EventMessageNode","id":"b79a66f2-0226-4c60-9815-de78a43bba3e","ts":"2026-07-13T16:03:44.148-04:00","eventName":"n8n.node.started","message":"n8n.node.started","payload":{"workflowId":"4060d0nwMZdXJrUS","workflowName":"alert","executionId":"468","nodeType":"n8n-nodes-base.code","nodeName":"Code in JavaScript","nodeId":"847e0d93-8488-41ce-97de-68b297df2b47"}}
{"__type":"$$EventMessageConfirm","confirm":"b79a66f2-0226-4c60-9815-de78a43bba3e","ts":"2026-07-13T16:03:44.148-04:00","source":{"id":"0","name":"eventBus"}}
{"__type":"$$EventMessageRunner","id":"1473a10d-bac7-4109-992c-f3b16342847a","ts":"2026-07-13T16:03:44.151-04:00","eventName":"n8n.runner.task.requested","message":"n8n.runner.task.requested","payload":{"taskId":"0wsfhE0R","nodeId":"847e0d93-8488-41ce-97de-68b297df2b47","workflowId":"4060d0nwMZdXJrUS","executionId":"468"}}
{"__type":"$$EventMessageConfirm","confirm":"1473a10d-bac7-4109-992c-f3b16342847a","ts":"2026-07-13T16:03:44.151-04:00","source":{"id":"0","name":"eventBus"}}
{"__type":"$$EventMessageRunner","id":"28205f86-d386-4bb6-b33a-ef234b2e5010","ts":"2026-07-13T16:03:44.171-04:00","eventName":"n8n.runner.response.received","message":"n8n.runner.response.received","payload":{"taskId":"0wsfhE0R","nodeId":"847e0d93-8488-41ce-97de-68b297df2b47","workflowId":"4060d0nwMZdXJrUS","executionId":"468"}}
{"__type":"$$EventMessageConfirm","confirm":"28205f86-d386-4bb6-b33a-ef234b2e5010","ts":"2026-07-13T16:03:44.172-04:00","source":{"id":"0","name":"eventBus"}}
{"__type":"$$EventMessageNode","id":"13be50dc-739f-4439-9233-ec3ebb0e7883","ts":"2026-07-13T16:03:44.172-04:00","eventName":"n8n.node.finished","message":"n8n.node.finished","payload":{"workflowId":"4060d0nwMZdXJrUS","workflowName":"alert","executionId":"468","nodeType":"n8n-nodes-base.code","nodeName":"Code in JavaScript","nodeId":"847e0d93-8488-41ce-97de-68b297df2b47"}}
{"__type":"$$EventMessageConfirm","confirm":"13be50dc-739f-4439-9233-ec3ebb0e7883","ts":"2026-07-13T16:03:44.173-04:00","source":{"id":"0","name":"eventBus"}}
{"__type":"$$EventMessageNode","id":"984abe3c-237b-48be-8203-8c2120c5f02c","ts":"2026-07-13T16:03:44.173-04:00","eventName":"n8n.node.started","message":"n8n.node.started","payload":{"workflowId":"4060d0nwMZdXJrUS","workflowName":"alert","executionId":"468","nodeType":"n8n-nodes-base.if","nodeName":"If","nodeId":"a8f0bf21-8151-4783-a4a5-ac8e38d0da13"}}
{"__type":"$$EventMessageConfirm","confirm":"984abe3c-237b-48be-8203-8c2120c5f02c","ts":"2026-07-13T16:03:44.173-04:00","source":{"id":"0","name":"eventBus"}}
{"__type":"$$EventMessageNode","id":"1db6299e-c24f-4c41-9e9c-80ddfa6b28de","ts":"2026-07-13T16:03:44.177-04:00","eventName":"n8n.node.finished","message":"n8n.node.finished","payload":{"workflowId":"4060d0nwMZdXJrUS","workflowName":"alert","executionId":"468","nodeType":"n8n-nodes-base.if","nodeName":"If","nodeId":"a8f0bf21-8151-4783-a4a5-ac8e38d0da13"}}
{"__type":"$$EventMessageConfirm","confirm":"1db6299e-c24f-4c41-9e9c-80ddfa6b28de","ts":"2026-07-13T16:03:44.178-04:00","source":{"id":"0","name":"eventBus"}}
{"__type":"$$EventMessageNode","id":"3c681ca1-b9f7-442a-89b9-41ab6c01be0e","ts":"2026-07-13T16:03:44.178-04:00","eventName":"n8n.node.started","message":"n8n.node.started","payload":{"workflowId":"4060d0nwMZdXJrUS","workflowName":"alert","executionId":"468","nodeType":"n8n-nodes-base.code","nodeName":"Code in JavaScript1","nodeId":"50b098bd-b40a-4c90-b2d4-eb880777eaff"}}
{"__type":"$$EventMessageConfirm","confirm":"3c681ca1-b9f7-442a-89b9-41ab6c01be0e","ts":"2026-07-13T16:03:44.179-04:00","source":{"id":"0","name":"eventBus"}}
{"__type":"$$EventMessageRunner","id":"f657166b-bc8f-4261-bd9c-ad7e191d5f63","ts":"2026-07-13T16:03:44.180-04:00","eventName":"n8n.runner.task.requested","message":"n8n.runner.task.requested","payload":{"taskId":"kbdQSqCI","nodeId":"50b098bd-b40a-4c90-b2d4-eb880777eaff","workflowId":"4060d0nwMZdXJrUS","executionId":"468"}}
{"__type":"$$EventMessageConfirm","confirm":"f657166b-bc8f-4261-bd9c-ad7e191d5f63","ts":"2026-07-13T16:03:44.181-04:00","source":{"id":"0","name":"eventBus"}}
{"__type":"$$EventMessageRunner","id":"c5be5cf7-984f-4577-ae05-99a3f6efd0dd","ts":"2026-07-13T16:03:44.197-04:00","eventName":"n8n.runner.response.received","message":"n8n.runner.response.received","payload":{"taskId":"kbdQSqCI","nodeId":"50b098bd-b40a-4c90-b2d4-eb880777eaff","workflowId":"4060d0nwMZdXJrUS","executionId":"468"}}
{"__type":"$$EventMessageConfirm","confirm":"c5be5cf7-984f-4577-ae05-99a3f6efd0dd","ts":"2026-07-13T16:03:44.198-04:00","source":{"id":"0","name":"eventBus"}}
{"__type":"$$EventMessageNode","id":"d59adb07-03e9-4000-8f31-8770b3e23cc7","ts":"2026-07-13T16:03:44.199-04:00","eventName":"n8n.node.finished","message":"n8n.node.finished","payload":{"workflowId":"4060d0nwMZdXJrUS","workflowName":"alert","executionId":"468","nodeType":"n8n-nodes-base.code","nodeName":"Code in JavaScript1","nodeId":"50b098bd-b40a-4c90-b2d4-eb880777eaff"}}
{"__type":"$$EventMessageConfirm","confirm":"d59adb07-03e9-4000-8f31-8770b3e23cc7","ts":"2026-07-13T16:03:44.199-04:00","source":{"id":"0","name":"eventBus"}}
{"__type":"$$EventMessageWorkflow","id":"8ef3c73d-7e89-462b-bd8f-61dd758025e9","ts":"2026-07-13T16:03:44.199-04:00","eventName":"n8n.workflow.success","message":"n8n.workflow.success","payload":{"executionId":"468","success":true,"isManual":false,"mode":"webhook","workflowId":"4060d0nwMZdXJrUS","workflowName":"alert"}}
{"__type":"$$EventMessageConfirm","confirm":"8ef3c73d-7e89-462b-bd8f-61dd758025e9","ts":"2026-07-13T16:03:44.200-04:00","source":{"id":"0","name":"eventBus"}}
{"__type":"$$EventMessageWorkflow","id":"f5d0c4a3-b701-4a30-9430-ee308353ba00","ts":"2026-07-13T16:04:54.786-04:00","eventName":"n8n.workflow.started","message":"n8n.workflow.started","payload":{"executionId":"469","workflowId":"5VBKbuuujEvgdIGs","isManual":false,"mode":"webhook","workflowName":"power"}}
{"__type":"$$EventMessageConfirm","confirm":"f5d0c4a3-b701-4a30-9430-ee308353ba00","ts":"2026-07-13T16:04:54.787-04:00","source":{"id":"0","name":"eventBus"}}
{"__type":"$$EventMessageAudit","id":"2648a343-d4cd-4888-b8f1-23bc6c3d7deb","ts":"2026-07-13T16:04:54.788-04:00","eventName":"n8n.audit.workflow.executed","message":"n8n.audit.workflow.executed","payload":{"workflowId":"5VBKbuuujEvgdIGs","workflowName":"power","executionId":"469","source":"webhook"}}
{"__type":"$$EventMessageConfirm","confirm":"2648a343-d4cd-4888-b8f1-23bc6c3d7deb","ts":"2026-07-13T16:04:54.788-04:00","source":{"id":"0","name":"eventBus"}}
{"__type":"$$EventMessageNode","id":"8f59d29c-7125-43f1-97c6-ebed73c1a6bc","ts":"2026-07-13T16:04:54.789-04:00","eventName":"n8n.node.started","message":"n8n.node.started","payload":{"workflowId":"5VBKbuuujEvgdIGs","workflowName":"power","executionId":"469","nodeType":"n8n-nodes-base.webhook","nodeName":"Webhook","nodeId":"d2f68568-3d63-4615-8950-d51b3313419d"}}
{"__type":"$$EventMessageConfirm","confirm":"8f59d29c-7125-43f1-97c6-ebed73c1a6bc","ts":"2026-07-13T16:04:54.790-04:00","source":{"id":"0","name":"eventBus"}}
{"__type":"$$EventMessageNode","id":"ea035d0a-4f2b-472d-879a-656135f25902","ts":"2026-07-13T16:04:54.790-04:00","eventName":"n8n.node.finished","message":"n8n.node.finished","payload":{"workflowId":"5VBKbuuujEvgdIGs","workflowName":"power","executionId":"469","nodeType":"n8n-nodes-base.webhook","nodeName":"Webhook","nodeId":"d2f68568-3d63-4615-8950-d51b3313419d"}}
{"__type":"$$EventMessageConfirm","confirm":"ea035d0a-4f2b-472d-879a-656135f25902","ts":"2026-07-13T16:04:54.790-04:00","source":{"id":"0","name":"eventBus"}}
{"__type":"$$EventMessageNode","id":"059e6bd1-aa40-4eef-a733-94b94bcfe9d9","ts":"2026-07-13T16:04:54.790-04:00","eventName":"n8n.node.started","message":"n8n.node.started","payload":{"workflowId":"5VBKbuuujEvgdIGs","workflowName":"power","executionId":"469","nodeType":"n8n-nodes-base.code","nodeName":"Code in JavaScript","nodeId":"60178211-232e-4f7a-8bd9-97a66e5b9ec0"}}
{"__type":"$$EventMessageConfirm","confirm":"059e6bd1-aa40-4eef-a733-94b94bcfe9d9","ts":"2026-07-13T16:04:54.790-04:00","source":{"id":"0","name":"eventBus"}}
{"__type":"$$EventMessageRunner","id":"6f470557-731f-4743-b89a-461da520316e","ts":"2026-07-13T16:04:54.793-04:00","eventName":"n8n.runner.task.requested","message":"n8n.runner.task.requested","payload":{"taskId":"OL7gSgm6","nodeId":"60178211-232e-4f7a-8bd9-97a66e5b9ec0","workflowId":"5VBKbuuujEvgdIGs","executionId":"469"}}
{"__type":"$$EventMessageConfirm","confirm":"6f470557-731f-4743-b89a-461da520316e","ts":"2026-07-13T16:04:54.793-04:00","source":{"id":"0","name":"eventBus"}}
{"__type":"$$EventMessageRunner","id":"44031188-2876-4f4d-bcc8-84c8080445b4","ts":"2026-07-13T16:04:54.807-04:00","eventName":"n8n.runner.response.received","message":"n8n.runner.response.received","payload":{"taskId":"OL7gSgm6","nodeId":"60178211-232e-4f7a-8bd9-97a66e5b9ec0","workflowId":"5VBKbuuujEvgdIGs","executionId":"469"}}
{"__type":"$$EventMessageConfirm","confirm":"44031188-2876-4f4d-bcc8-84c8080445b4","ts":"2026-07-13T16:04:54.807-04:00","source":{"id":"0","name":"eventBus"}}
{"__type":"$$EventMessageNode","id":"70548d70-7cc6-4a50-b927-33441e0856b3","ts":"2026-07-13T16:04:54.808-04:00","eventName":"n8n.node.finished","message":"n8n.node.finished","payload":{"workflowId":"5VBKbuuujEvgdIGs","workflowName":"power","executionId":"469","nodeType":"n8n-nodes-base.code","nodeName":"Code in JavaScript","nodeId":"60178211-232e-4f7a-8bd9-97a66e5b9ec0"}}
{"__type":"$$EventMessageConfirm","confirm":"70548d70-7cc6-4a50-b927-33441e0856b3","ts":"2026-07-13T16:04:54.808-04:00","source":{"id":"0","name":"eventBus"}}
{"__type":"$$EventMessageNode","id":"d3a6f1e0-1ed6-4cca-ac05-7ba16578f714","ts":"2026-07-13T16:04:54.808-04:00","eventName":"n8n.node.started","message":"n8n.node.started","payload":{"workflowId":"5VBKbuuujEvgdIGs","workflowName":"power","executionId":"469","nodeType":"n8n-nodes-base.code","nodeName":"Code in JavaScript1","nodeId":"21ac27dd-d85f-45cb-b48f-eb6a3465a56b"}}
{"__type":"$$EventMessageConfirm","confirm":"d3a6f1e0-1ed6-4cca-ac05-7ba16578f714","ts":"2026-07-13T16:04:54.808-04:00","source":{"id":"0","name":"eventBus"}}
{"__type":"$$EventMessageRunner","id":"c356de2e-1a62-47ef-8d1e-6534244fcd50","ts":"2026-07-13T16:04:54.810-04:00","eventName":"n8n.runner.task.requested","message":"n8n.runner.task.requested","payload":{"taskId":"Jb6sQPw8","nodeId":"21ac27dd-d85f-45cb-b48f-eb6a3465a56b","workflowId":"5VBKbuuujEvgdIGs","executionId":"469"}}
{"__type":"$$EventMessageConfirm","confirm":"c356de2e-1a62-47ef-8d1e-6534244fcd50","ts":"2026-07-13T16:04:54.811-04:00","source":{"id":"0","name":"eventBus"}}
{"__type":"$$EventMessageRunner","id":"8249df00-4bc0-4f9d-804b-d96587ea4c81","ts":"2026-07-13T16:04:54.824-04:00","eventName":"n8n.runner.response.received","message":"n8n.runner.response.received","payload":{"taskId":"Jb6sQPw8","nodeId":"21ac27dd-d85f-45cb-b48f-eb6a3465a56b","workflowId":"5VBKbuuujEvgdIGs","executionId":"469"}}
{"__type":"$$EventMessageConfirm","confirm":"8249df00-4bc0-4f9d-804b-d96587ea4c81","ts":"2026-07-13T16:04:54.824-04:00","source":{"id":"0","name":"eventBus"}}
{"__type":"$$EventMessageNode","id":"6ad1c6e8-2be4-47d5-aa23-e57d1bff9de3","ts":"2026-07-13T16:04:54.825-04:00","eventName":"n8n.node.finished","message":"n8n.node.finished","payload":{"workflowId":"5VBKbuuujEvgdIGs","workflowName":"power","executionId":"469","nodeType":"n8n-nodes-base.code","nodeName":"Code in JavaScript1","nodeId":"21ac27dd-d85f-45cb-b48f-eb6a3465a56b"}}
{"__type":"$$EventMessageConfirm","confirm":"6ad1c6e8-2be4-47d5-aa23-e57d1bff9de3","ts":"2026-07-13T16:04:54.825-04:00","source":{"id":"0","name":"eventBus"}}
{"__type":"$$EventMessageWorkflow","id":"107d322b-5f95-4770-b1ed-5c57a46495c5","ts":"2026-07-13T16:04:54.825-04:00","eventName":"n8n.workflow.success","message":"n8n.workflow.success","payload":{"executionId":"469","success":true,"isManual":false,"mode":"webhook","workflowId":"5VBKbuuujEvgdIGs","workflowName":"power"}}
{"__type":"$$EventMessageConfirm","confirm":"107d322b-5f95-4770-b1ed-5c57a46495c5","ts":"2026-07-13T16:04:54.826-04:00","source":{"id":"0","name":"eventBus"}}
{"__type":"$$EventMessageWorkflow","id":"6b6d35c8-44ea-4476-95fd-985ad011f741","ts":"2026-07-13T16:04:54.960-04:00","eventName":"n8n.workflow.started","message":"n8n.workflow.started","payload":{"executionId":"470","workflowId":"HyiO9yqvE2q5kmov","isManual":false,"mode":"webhook","workflowName":"hvac"}}
{"__type":"$$EventMessageConfirm","confirm":"6b6d35c8-44ea-4476-95fd-985ad011f741","ts":"2026-07-13T16:04:54.960-04:00","source":{"id":"0","name":"eventBus"}}
{"__type":"$$EventMessageAudit","id":"57ab6a1c-4f19-41ba-bb77-f519e1a1e78a","ts":"2026-07-13T16:04:54.961-04:00","eventName":"n8n.audit.workflow.executed","message":"n8n.audit.workflow.executed","payload":{"workflowId":"HyiO9yqvE2q5kmov","workflowName":"hvac","executionId":"470","source":"webhook"}}
{"__type":"$$EventMessageConfirm","confirm":"57ab6a1c-4f19-41ba-bb77-f519e1a1e78a","ts":"2026-07-13T16:04:54.961-04:00","source":{"id":"0","name":"eventBus"}}
{"__type":"$$EventMessageNode","id":"04761aa9-29eb-4bc1-aff4-e647c6148310","ts":"2026-07-13T16:04:54.962-04:00","eventName":"n8n.node.started","message":"n8n.node.started","payload":{"workflowId":"HyiO9yqvE2q5kmov","workflowName":"hvac","executionId":"470","nodeType":"n8n-nodes-base.webhook","nodeName":"Webhook","nodeId":"21c4bb7e-a362-421b-819b-e396631df92a"}}
{"__type":"$$EventMessageConfirm","confirm":"04761aa9-29eb-4bc1-aff4-e647c6148310","ts":"2026-07-13T16:04:54.963-04:00","source":{"id":"0","name":"eventBus"}}
{"__type":"$$EventMessageNode","id":"259a0605-937e-49b9-8326-24de22e42985","ts":"2026-07-13T16:04:54.963-04:00","eventName":"n8n.node.finished","message":"n8n.node.finished","payload":{"workflowId":"HyiO9yqvE2q5kmov","workflowName":"hvac","executionId":"470","nodeType":"n8n-nodes-base.webhook","nodeName":"Webhook","nodeId":"21c4bb7e-a362-421b-819b-e396631df92a"}}
{"__type":"$$EventMessageConfirm","confirm":"259a0605-937e-49b9-8326-24de22e42985","ts":"2026-07-13T16:04:54.963-04:00","source":{"id":"0","name":"eventBus"}}
{"__type":"$$EventMessageNode","id":"69df0d4b-e5c6-4d4e-88da-c383da8c5d87","ts":"2026-07-13T16:04:54.963-04:00","eventName":"n8n.node.started","message":"n8n.node.started","payload":{"workflowId":"HyiO9yqvE2q5kmov","workflowName":"hvac","executionId":"470","nodeType":"n8n-nodes-base.code","nodeName":"Code in JavaScript","nodeId":"7f58ebee-2d23-411d-b5ed-d749b73e6774"}}
{"__type":"$$EventMessageConfirm","confirm":"69df0d4b-e5c6-4d4e-88da-c383da8c5d87","ts":"2026-07-13T16:04:54.963-04:00","source":{"id":"0","name":"eventBus"}}
{"__type":"$$EventMessageRunner","id":"017b7fb7-bbcb-4631-9ad6-fbbe7d1b7284","ts":"2026-07-13T16:04:54.965-04:00","eventName":"n8n.runner.task.requested","message":"n8n.runner.task.requested","payload":{"taskId":"BKlQkjO9","nodeId":"7f58ebee-2d23-411d-b5ed-d749b73e6774","workflowId":"HyiO9yqvE2q5kmov","executionId":"470"}}
{"__type":"$$EventMessageConfirm","confirm":"017b7fb7-bbcb-4631-9ad6-fbbe7d1b7284","ts":"2026-07-13T16:04:54.966-04:00","source":{"id":"0","name":"eventBus"}}
{"__type":"$$EventMessageRunner","id":"d9a1a61c-7dd3-4b24-b4c3-dd8f7a57e9c0","ts":"2026-07-13T16:04:54.985-04:00","eventName":"n8n.runner.response.received","message":"n8n.runner.response.received","payload":{"taskId":"BKlQkjO9","nodeId":"7f58ebee-2d23-411d-b5ed-d749b73e6774","workflowId":"HyiO9yqvE2q5kmov","executionId":"470"}}
{"__type":"$$EventMessageConfirm","confirm":"d9a1a61c-7dd3-4b24-b4c3-dd8f7a57e9c0","ts":"2026-07-13T16:04:54.985-04:00","source":{"id":"0","name":"eventBus"}}
{"__type":"$$EventMessageNode","id":"b0554e31-0e2a-4750-9af8-78d57f204230","ts":"2026-07-13T16:04:54.985-04:00","eventName":"n8n.node.finished","message":"n8n.node.finished","payload":{"workflowId":"HyiO9yqvE2q5kmov","workflowName":"hvac","executionId":"470","nodeType":"n8n-nodes-base.code","nodeName":"Code in JavaScript","nodeId":"7f58ebee-2d23-411d-b5ed-d749b73e6774"}}
{"__type":"$$EventMessageConfirm","confirm":"b0554e31-0e2a-4750-9af8-78d57f204230","ts":"2026-07-13T16:04:54.986-04:00","source":{"id":"0","name":"eventBus"}}
{"__type":"$$EventMessageNode","id":"058fc002-c00f-44e7-9a15-43ce2cd8dd35","ts":"2026-07-13T16:04:54.986-04:00","eventName":"n8n.node.started","message":"n8n.node.started","payload":{"workflowId":"HyiO9yqvE2q5kmov","workflowName":"hvac","executionId":"470","nodeType":"n8n-nodes-base.code","nodeName":"Code in JavaScript1","nodeId":"60f93297-09f2-4aac-9a87-0874737aa293"}}
{"__type":"$$EventMessageConfirm","confirm":"058fc002-c00f-44e7-9a15-43ce2cd8dd35","ts":"2026-07-13T16:04:54.986-04:00","source":{"id":"0","name":"eventBus"}}
{"__type":"$$EventMessageRunner","id":"9746e990-bf48-4c54-80ce-6a8d72831ad3","ts":"2026-07-13T16:04:54.997-04:00","eventName":"n8n.runner.task.requested","message":"n8n.runner.task.requested","payload":{"taskId":"USxcW1Js","nodeId":"60f93297-09f2-4aac-9a87-0874737aa293","workflowId":"HyiO9yqvE2q5kmov","executionId":"470"}}
{"__type":"$$EventMessageConfirm","confirm":"9746e990-bf48-4c54-80ce-6a8d72831ad3","ts":"2026-07-13T16:04:54.997-04:00","source":{"id":"0","name":"eventBus"}}
{"__type":"$$EventMessageRunner","id":"b8308609-0289-4306-a3b6-60b50b468ca9","ts":"2026-07-13T16:04:55.027-04:00","eventName":"n8n.runner.response.received","message":"n8n.runner.response.received","payload":{"taskId":"USxcW1Js","nodeId":"60f93297-09f2-4aac-9a87-0874737aa293","workflowId":"HyiO9yqvE2q5kmov","executionId":"470"}}
{"__type":"$$EventMessageConfirm","confirm":"b8308609-0289-4306-a3b6-60b50b468ca9","ts":"2026-07-13T16:04:55.027-04:00","source":{"id":"0","name":"eventBus"}}
{"__type":"$$EventMessageNode","id":"ce050402-164b-4e3e-a4e4-a94ffceb6616","ts":"2026-07-13T16:04:55.029-04:00","eventName":"n8n.node.finished","message":"n8n.node.finished","payload":{"workflowId":"HyiO9yqvE2q5kmov","workflowName":"hvac","executionId":"470","nodeType":"n8n-nodes-base.code","nodeName":"Code in JavaScript1","nodeId":"60f93297-09f2-4aac-9a87-0874737aa293"}}
{"__type":"$$EventMessageConfirm","confirm":"ce050402-164b-4e3e-a4e4-a94ffceb6616","ts":"2026-07-13T16:04:55.029-04:00","source":{"id":"0","name":"eventBus"}}
{"__type":"$$EventMessageWorkflow","id":"2b95c707-5b5a-4d77-8571-f5a22b3054e9","ts":"2026-07-13T16:04:55.030-04:00","eventName":"n8n.workflow.success","message":"n8n.workflow.success","payload":{"executionId":"470","success":true,"isManual":false,"mode":"webhook","workflowId":"HyiO9yqvE2q5kmov","workflowName":"hvac"}}
{"__type":"$$EventMessageConfirm","confirm":"2b95c707-5b5a-4d77-8571-f5a22b3054e9","ts":"2026-07-13T16:04:55.030-04:00","source":{"id":"0","name":"eventBus"}}
{"__type":"$$EventMessageWorkflow","id":"20f81cb0-bffa-4d7e-a9cc-e7cda3393253","ts":"2026-07-13T16:04:55.141-04:00","eventName":"n8n.workflow.started","message":"n8n.workflow.started","payload":{"executionId":"471","workflowId":"4060d0nwMZdXJrUS","isManual":false,"mode":"webhook","workflowName":"alert"}}
{"__type":"$$EventMessageConfirm","confirm":"20f81cb0-bffa-4d7e-a9cc-e7cda3393253","ts":"2026-07-13T16:04:55.141-04:00","source":{"id":"0","name":"eventBus"}}
{"__type":"$$EventMessageAudit","id":"ea7c54cf-d438-406a-bab5-6666bd7768c3","ts":"2026-07-13T16:04:55.143-04:00","eventName":"n8n.audit.workflow.executed","message":"n8n.audit.workflow.executed","payload":{"workflowId":"4060d0nwMZdXJrUS","workflowName":"alert","executionId":"471","source":"webhook"}}
{"__type":"$$EventMessageConfirm","confirm":"ea7c54cf-d438-406a-bab5-6666bd7768c3","ts":"2026-07-13T16:04:55.143-04:00","source":{"id":"0","name":"eventBus"}}
{"__type":"$$EventMessageNode","id":"63bdfa70-abd8-4341-9719-d146a80640a4","ts":"2026-07-13T16:04:55.144-04:00","eventName":"n8n.node.started","message":"n8n.node.started","payload":{"workflowId":"4060d0nwMZdXJrUS","workflowName":"alert","executionId":"471","nodeType":"n8n-nodes-base.webhook","nodeName":"Webhook","nodeId":"45b9a4be-0184-403c-83f3-41cbd14731c8"}}
{"__type":"$$EventMessageConfirm","confirm":"63bdfa70-abd8-4341-9719-d146a80640a4","ts":"2026-07-13T16:04:55.144-04:00","source":{"id":"0","name":"eventBus"}}
{"__type":"$$EventMessageNode","id":"7eda1515-17af-4a46-9b83-90e67ed5e7ec","ts":"2026-07-13T16:04:55.144-04:00","eventName":"n8n.node.finished","message":"n8n.node.finished","payload":{"workflowId":"4060d0nwMZdXJrUS","workflowName":"alert","executionId":"471","nodeType":"n8n-nodes-base.webhook","nodeName":"Webhook","nodeId":"45b9a4be-0184-403c-83f3-41cbd14731c8"}}
{"__type":"$$EventMessageConfirm","confirm":"7eda1515-17af-4a46-9b83-90e67ed5e7ec","ts":"2026-07-13T16:04:55.144-04:00","source":{"id":"0","name":"eventBus"}}
{"__type":"$$EventMessageNode","id":"bd3989a0-aa69-432d-9e30-eb68ef785c94","ts":"2026-07-13T16:04:55.145-04:00","eventName":"n8n.node.started","message":"n8n.node.started","payload":{"workflowId":"4060d0nwMZdXJrUS","workflowName":"alert","executionId":"471","nodeType":"n8n-nodes-base.code","nodeName":"Code in JavaScript","nodeId":"847e0d93-8488-41ce-97de-68b297df2b47"}}
{"__type":"$$EventMessageConfirm","confirm":"bd3989a0-aa69-432d-9e30-eb68ef785c94","ts":"2026-07-13T16:04:55.145-04:00","source":{"id":"0","name":"eventBus"}}
{"__type":"$$EventMessageRunner","id":"df09d991-4ce4-4307-97af-93d3ced263cc","ts":"2026-07-13T16:04:55.147-04:00","eventName":"n8n.runner.task.requested","message":"n8n.runner.task.requested","payload":{"taskId":"ZmoLThPg","nodeId":"847e0d93-8488-41ce-97de-68b297df2b47","workflowId":"4060d0nwMZdXJrUS","executionId":"471"}}
{"__type":"$$EventMessageConfirm","confirm":"df09d991-4ce4-4307-97af-93d3ced263cc","ts":"2026-07-13T16:04:55.147-04:00","source":{"id":"0","name":"eventBus"}}
{"__type":"$$EventMessageRunner","id":"49adcc6c-f9e5-483a-90d3-2ad5704cd845","ts":"2026-07-13T16:04:55.158-04:00","eventName":"n8n.runner.response.received","message":"n8n.runner.response.received","payload":{"taskId":"ZmoLThPg","nodeId":"847e0d93-8488-41ce-97de-68b297df2b47","workflowId":"4060d0nwMZdXJrUS","executionId":"471"}}
{"__type":"$$EventMessageConfirm","confirm":"49adcc6c-f9e5-483a-90d3-2ad5704cd845","ts":"2026-07-13T16:04:55.158-04:00","source":{"id":"0","name":"eventBus"}}
{"__type":"$$EventMessageNode","id":"957d0331-a9b3-4a89-afb3-255797a84b49","ts":"2026-07-13T16:04:55.159-04:00","eventName":"n8n.node.finished","message":"n8n.node.finished","payload":{"workflowId":"4060d0nwMZdXJrUS","workflowName":"alert","executionId":"471","nodeType":"n8n-nodes-base.code","nodeName":"Code in JavaScript","nodeId":"847e0d93-8488-41ce-97de-68b297df2b47"}}
{"__type":"$$EventMessageConfirm","confirm":"957d0331-a9b3-4a89-afb3-255797a84b49","ts":"2026-07-13T16:04:55.159-04:00","source":{"id":"0","name":"eventBus"}}
{"__type":"$$EventMessageNode","id":"607ba0b8-3cf8-4a96-9858-4dd02d5b6a04","ts":"2026-07-13T16:04:55.159-04:00","eventName":"n8n.node.started","message":"n8n.node.started","payload":{"workflowId":"4060d0nwMZdXJrUS","workflowName":"alert","executionId":"471","nodeType":"n8n-nodes-base.if","nodeName":"If","nodeId":"a8f0bf21-8151-4783-a4a5-ac8e38d0da13"}}
{"__type":"$$EventMessageConfirm","confirm":"607ba0b8-3cf8-4a96-9858-4dd02d5b6a04","ts":"2026-07-13T16:04:55.160-04:00","source":{"id":"0","name":"eventBus"}}
{"__type":"$$EventMessageNode","id":"17ab34aa-8e4f-4372-b9cf-af8a87401826","ts":"2026-07-13T16:04:55.161-04:00","eventName":"n8n.node.finished","message":"n8n.node.finished","payload":{"workflowId":"4060d0nwMZdXJrUS","workflowName":"alert","executionId":"471","nodeType":"n8n-nodes-base.if","nodeName":"If","nodeId":"a8f0bf21-8151-4783-a4a5-ac8e38d0da13"}}
{"__type":"$$EventMessageConfirm","confirm":"17ab34aa-8e4f-4372-b9cf-af8a87401826","ts":"2026-07-13T16:04:55.161-04:00","source":{"id":"0","name":"eventBus"}}
{"__type":"$$EventMessageNode","id":"603b5b9e-20d0-4fe2-bad2-fcf57051a064","ts":"2026-07-13T16:04:55.162-04:00","eventName":"n8n.node.started","message":"n8n.node.started","payload":{"workflowId":"4060d0nwMZdXJrUS","workflowName":"alert","executionId":"471","nodeType":"n8n-nodes-base.code","nodeName":"Code in JavaScript1","nodeId":"50b098bd-b40a-4c90-b2d4-eb880777eaff"}}
{"__type":"$$EventMessageConfirm","confirm":"603b5b9e-20d0-4fe2-bad2-fcf57051a064","ts":"2026-07-13T16:04:55.162-04:00","source":{"id":"0","name":"eventBus"}}
{"__type":"$$EventMessageRunner","id":"e63827a1-bb58-46aa-a93d-0a230a7aa0e4","ts":"2026-07-13T16:04:55.164-04:00","eventName":"n8n.runner.task.requested","message":"n8n.runner.task.requested","payload":{"taskId":"Wnx4LOa1","nodeId":"50b098bd-b40a-4c90-b2d4-eb880777eaff","workflowId":"4060d0nwMZdXJrUS","executionId":"471"}}
{"__type":"$$EventMessageConfirm","confirm":"e63827a1-bb58-46aa-a93d-0a230a7aa0e4","ts":"2026-07-13T16:04:55.164-04:00","source":{"id":"0","name":"eventBus"}}
{"__type":"$$EventMessageRunner","id":"c3ee04f0-0d82-44f9-b9d6-8a55239dd07a","ts":"2026-07-13T16:04:55.173-04:00","eventName":"n8n.runner.response.received","message":"n8n.runner.response.received","payload":{"taskId":"Wnx4LOa1","nodeId":"50b098bd-b40a-4c90-b2d4-eb880777eaff","workflowId":"4060d0nwMZdXJrUS","executionId":"471"}}
{"__type":"$$EventMessageConfirm","confirm":"c3ee04f0-0d82-44f9-b9d6-8a55239dd07a","ts":"2026-07-13T16:04:55.174-04:00","source":{"id":"0","name":"eventBus"}}
{"__type":"$$EventMessageNode","id":"be817c9d-07ff-49bd-ac0d-7f75c46a74e4","ts":"2026-07-13T16:04:55.174-04:00","eventName":"n8n.node.finished","message":"n8n.node.finished","payload":{"workflowId":"4060d0nwMZdXJrUS","workflowName":"alert","executionId":"471","nodeType":"n8n-nodes-base.code","nodeName":"Code in JavaScript1","nodeId":"50b098bd-b40a-4c90-b2d4-eb880777eaff"}}
{"__type":"$$EventMessageConfirm","confirm":"be817c9d-07ff-49bd-ac0d-7f75c46a74e4","ts":"2026-07-13T16:04:55.174-04:00","source":{"id":"0","name":"eventBus"}}
{"__type":"$$EventMessageWorkflow","id":"77762e98-170b-4601-b430-eccdc2b2d9c5","ts":"2026-07-13T16:04:55.174-04:00","eventName":"n8n.workflow.success","message":"n8n.workflow.success","payload":{"executionId":"471","success":true,"isManual":false,"mode":"webhook","workflowId":"4060d0nwMZdXJrUS","workflowName":"alert"}}
{"__type":"$$EventMessageConfirm","confirm":"77762e98-170b-4601-b430-eccdc2b2d9c5","ts":"2026-07-13T16:04:55.174-04:00","source":{"id":"0","name":"eventBus"}}
{"__type":"$$EventMessageWorkflow","id":"c67d292a-846a-4ca6-9cc5-d0ce4b2b849d","ts":"2026-07-13T16:06:08.398-04:00","eventName":"n8n.workflow.started","message":"n8n.workflow.started","payload":{"executionId":"472","workflowId":"4060d0nwMZdXJrUS","isManual":false,"mode":"webhook","workflowName":"alert"}}
{"__type":"$$EventMessageConfirm","confirm":"c67d292a-846a-4ca6-9cc5-d0ce4b2b849d","ts":"2026-07-13T16:06:08.398-04:00","source":{"id":"0","name":"eventBus"}}
{"__type":"$$EventMessageAudit","id":"de380892-a5b6-45d0-b577-2844aa48933b","ts":"2026-07-13T16:06:08.399-04:00","eventName":"n8n.audit.workflow.executed","message":"n8n.audit.workflow.executed","payload":{"workflowId":"4060d0nwMZdXJrUS","workflowName":"alert","executionId":"472","source":"webhook"}}
{"__type":"$$EventMessageConfirm","confirm":"de380892-a5b6-45d0-b577-2844aa48933b","ts":"2026-07-13T16:06:08.399-04:00","source":{"id":"0","name":"eventBus"}}
{"__type":"$$EventMessageNode","id":"6c43f9f1-c028-454c-9852-5e765e494e2d","ts":"2026-07-13T16:06:08.400-04:00","eventName":"n8n.node.started","message":"n8n.node.started","payload":{"workflowId":"4060d0nwMZdXJrUS","workflowName":"alert","executionId":"472","nodeType":"n8n-nodes-base.webhook","nodeName":"Webhook","nodeId":"45b9a4be-0184-403c-83f3-41cbd14731c8"}}
{"__type":"$$EventMessageConfirm","confirm":"6c43f9f1-c028-454c-9852-5e765e494e2d","ts":"2026-07-13T16:06:08.400-04:00","source":{"id":"0","name":"eventBus"}}
{"__type":"$$EventMessageNode","id":"76b71a32-8b0c-4743-bf9d-98dc591ce0f2","ts":"2026-07-13T16:06:08.400-04:00","eventName":"n8n.node.finished","message":"n8n.node.finished","payload":{"workflowId":"4060d0nwMZdXJrUS","workflowName":"alert","executionId":"472","nodeType":"n8n-nodes-base.webhook","nodeName":"Webhook","nodeId":"45b9a4be-0184-403c-83f3-41cbd14731c8"}}
{"__type":"$$EventMessageConfirm","confirm":"76b71a32-8b0c-4743-bf9d-98dc591ce0f2","ts":"2026-07-13T16:06:08.401-04:00","source":{"id":"0","name":"eventBus"}}
{"__type":"$$EventMessageNode","id":"b71dec76-db29-49ee-a90c-5f0a8ff0280f","ts":"2026-07-13T16:06:08.401-04:00","eventName":"n8n.node.started","message":"n8n.node.started","payload":{"workflowId":"4060d0nwMZdXJrUS","workflowName":"alert","executionId":"472","nodeType":"n8n-nodes-base.code","nodeName":"Code in JavaScript","nodeId":"847e0d93-8488-41ce-97de-68b297df2b47"}}
{"__type":"$$EventMessageConfirm","confirm":"b71dec76-db29-49ee-a90c-5f0a8ff0280f","ts":"2026-07-13T16:06:08.401-04:00","source":{"id":"0","name":"eventBus"}}
{"__type":"$$EventMessageRunner","id":"37b79eab-455c-4e21-95ef-2f07ddecf880","ts":"2026-07-13T16:06:08.403-04:00","eventName":"n8n.runner.task.requested","message":"n8n.runner.task.requested","payload":{"taskId":"ALX5fSFy","nodeId":"847e0d93-8488-41ce-97de-68b297df2b47","workflowId":"4060d0nwMZdXJrUS","executionId":"472"}}
{"__type":"$$EventMessageConfirm","confirm":"37b79eab-455c-4e21-95ef-2f07ddecf880","ts":"2026-07-13T16:06:08.403-04:00","source":{"id":"0","name":"eventBus"}}
{"__type":"$$EventMessageRunner","id":"f6d5459c-b3f2-4623-a61e-9c8837a77160","ts":"2026-07-13T16:06:08.414-04:00","eventName":"n8n.runner.response.received","message":"n8n.runner.response.received","payload":{"taskId":"ALX5fSFy","nodeId":"847e0d93-8488-41ce-97de-68b297df2b47","workflowId":"4060d0nwMZdXJrUS","executionId":"472"}}
{"__type":"$$EventMessageConfirm","confirm":"f6d5459c-b3f2-4623-a61e-9c8837a77160","ts":"2026-07-13T16:06:08.414-04:00","source":{"id":"0","name":"eventBus"}}
{"__type":"$$EventMessageNode","id":"ff763ce1-b994-4c84-9e6e-6044a69e0b0c","ts":"2026-07-13T16:06:08.415-04:00","eventName":"n8n.node.finished","message":"n8n.node.finished","payload":{"workflowId":"4060d0nwMZdXJrUS","workflowName":"alert","executionId":"472","nodeType":"n8n-nodes-base.code","nodeName":"Code in JavaScript","nodeId":"847e0d93-8488-41ce-97de-68b297df2b47"}}
{"__type":"$$EventMessageConfirm","confirm":"ff763ce1-b994-4c84-9e6e-6044a69e0b0c","ts":"2026-07-13T16:06:08.415-04:00","source":{"id":"0","name":"eventBus"}}
{"__type":"$$EventMessageNode","id":"bbd573de-3264-490a-b85b-9ffaa58b06ab","ts":"2026-07-13T16:06:08.415-04:00","eventName":"n8n.node.started","message":"n8n.node.started","payload":{"workflowId":"4060d0nwMZdXJrUS","workflowName":"alert","executionId":"472","nodeType":"n8n-nodes-base.if","nodeName":"If","nodeId":"a8f0bf21-8151-4783-a4a5-ac8e38d0da13"}}
{"__type":"$$EventMessageConfirm","confirm":"bbd573de-3264-490a-b85b-9ffaa58b06ab","ts":"2026-07-13T16:06:08.415-04:00","source":{"id":"0","name":"eventBus"}}
{"__type":"$$EventMessageNode","id":"06fa993d-50ae-469a-a444-dd0c6783afd4","ts":"2026-07-13T16:06:08.417-04:00","eventName":"n8n.node.finished","message":"n8n.node.finished","payload":{"workflowId":"4060d0nwMZdXJrUS","workflowName":"alert","executionId":"472","nodeType":"n8n-nodes-base.if","nodeName":"If","nodeId":"a8f0bf21-8151-4783-a4a5-ac8e38d0da13"}}
{"__type":"$$EventMessageConfirm","confirm":"06fa993d-50ae-469a-a444-dd0c6783afd4","ts":"2026-07-13T16:06:08.417-04:00","source":{"id":"0","name":"eventBus"}}
{"__type":"$$EventMessageNode","id":"5957aca6-9361-4721-ac20-96e95be75aa3","ts":"2026-07-13T16:06:08.417-04:00","eventName":"n8n.node.started","message":"n8n.node.started","payload":{"workflowId":"4060d0nwMZdXJrUS","workflowName":"alert","executionId":"472","nodeType":"n8n-nodes-base.code","nodeName":"Code in JavaScript2","nodeId":"6269d19a-dac3-4618-b12a-14bc32900427"}}
{"__type":"$$EventMessageConfirm","confirm":"5957aca6-9361-4721-ac20-96e95be75aa3","ts":"2026-07-13T16:06:08.417-04:00","source":{"id":"0","name":"eventBus"}}
{"__type":"$$EventMessageRunner","id":"23e6c1b6-7905-469b-94fb-da07e054a6e2","ts":"2026-07-13T16:06:08.421-04:00","eventName":"n8n.runner.task.requested","message":"n8n.runner.task.requested","payload":{"taskId":"4aslrStb","nodeId":"6269d19a-dac3-4618-b12a-14bc32900427","workflowId":"4060d0nwMZdXJrUS","executionId":"472"}}
{"__type":"$$EventMessageConfirm","confirm":"23e6c1b6-7905-469b-94fb-da07e054a6e2","ts":"2026-07-13T16:06:08.421-04:00","source":{"id":"0","name":"eventBus"}}
{"__type":"$$EventMessageRunner","id":"4eb30c2f-6ffa-42b3-ab48-5be06bca3fee","ts":"2026-07-13T16:06:08.439-04:00","eventName":"n8n.runner.response.received","message":"n8n.runner.response.received","payload":{"taskId":"4aslrStb","nodeId":"6269d19a-dac3-4618-b12a-14bc32900427","workflowId":"4060d0nwMZdXJrUS","executionId":"472"}}
{"__type":"$$EventMessageConfirm","confirm":"4eb30c2f-6ffa-42b3-ab48-5be06bca3fee","ts":"2026-07-13T16:06:08.439-04:00","source":{"id":"0","name":"eventBus"}}
{"__type":"$$EventMessageNode","id":"4148bbee-8d26-4192-a0c9-79d8ee153050","ts":"2026-07-13T16:06:08.440-04:00","eventName":"n8n.node.finished","message":"n8n.node.finished","payload":{"workflowId":"4060d0nwMZdXJrUS","workflowName":"alert","executionId":"472","nodeType":"n8n-nodes-base.code","nodeName":"Code in JavaScript2","nodeId":"6269d19a-dac3-4618-b12a-14bc32900427"}}
{"__type":"$$EventMessageConfirm","confirm":"4148bbee-8d26-4192-a0c9-79d8ee153050","ts":"2026-07-13T16:06:08.440-04:00","source":{"id":"0","name":"eventBus"}}
{"__type":"$$EventMessageWorkflow","id":"f7414dbb-7751-4a0e-a794-d96538d16f12","ts":"2026-07-13T16:06:08.440-04:00","eventName":"n8n.workflow.success","message":"n8n.workflow.success","payload":{"executionId":"472","success":true,"isManual":false,"mode":"webhook","workflowId":"4060d0nwMZdXJrUS","workflowName":"alert"}}
{"__type":"$$EventMessageConfirm","confirm":"f7414dbb-7751-4a0e-a794-d96538d16f12","ts":"2026-07-13T16:06:08.440-04:00","source":{"id":"0","name":"eventBus"}}
{"__type":"$$EventMessageWorkflow","id":"4e576cea-307c-4e40-9b11-a7a1c08455f2","ts":"2026-07-13T16:07:15.619-04:00","eventName":"n8n.workflow.started","message":"n8n.workflow.started","payload":{"executionId":"473","workflowId":"5VBKbuuujEvgdIGs","isManual":false,"mode":"webhook","workflowName":"power"}}
{"__type":"$$EventMessageConfirm","confirm":"4e576cea-307c-4e40-9b11-a7a1c08455f2","ts":"2026-07-13T16:07:15.620-04:00","source":{"id":"0","name":"eventBus"}}
{"__type":"$$EventMessageAudit","id":"54b8963e-8583-4f9d-aab4-40205b02cea5","ts":"2026-07-13T16:07:15.621-04:00","eventName":"n8n.audit.workflow.executed","message":"n8n.audit.workflow.executed","payload":{"workflowId":"5VBKbuuujEvgdIGs","workflowName":"power","executionId":"473","source":"webhook"}}
{"__type":"$$EventMessageConfirm","confirm":"54b8963e-8583-4f9d-aab4-40205b02cea5","ts":"2026-07-13T16:07:15.621-04:00","source":{"id":"0","name":"eventBus"}}
{"__type":"$$EventMessageNode","id":"8008458f-3e58-4582-8764-6a65c88079fc","ts":"2026-07-13T16:07:15.623-04:00","eventName":"n8n.node.started","message":"n8n.node.started","payload":{"workflowId":"5VBKbuuujEvgdIGs","workflowName":"power","executionId":"473","nodeType":"n8n-nodes-base.webhook","nodeName":"Webhook","nodeId":"d2f68568-3d63-4615-8950-d51b3313419d"}}
{"__type":"$$EventMessageConfirm","confirm":"8008458f-3e58-4582-8764-6a65c88079fc","ts":"2026-07-13T16:07:15.623-04:00","source":{"id":"0","name":"eventBus"}}
{"__type":"$$EventMessageNode","id":"b67c34e4-3d08-4061-868e-ef2bc02b7e28","ts":"2026-07-13T16:07:15.624-04:00","eventName":"n8n.node.finished","message":"n8n.node.finished","payload":{"workflowId":"5VBKbuuujEvgdIGs","workflowName":"power","executionId":"473","nodeType":"n8n-nodes-base.webhook","nodeName":"Webhook","nodeId":"d2f68568-3d63-4615-8950-d51b3313419d"}}
{"__type":"$$EventMessageConfirm","confirm":"b67c34e4-3d08-4061-868e-ef2bc02b7e28","ts":"2026-07-13T16:07:15.624-04:00","source":{"id":"0","name":"eventBus"}}
{"__type":"$$EventMessageNode","id":"742b3eab-f97a-46ee-8b7b-94b23db6c54e","ts":"2026-07-13T16:07:15.624-04:00","eventName":"n8n.node.started","message":"n8n.node.started","payload":{"workflowId":"5VBKbuuujEvgdIGs","workflowName":"power","executionId":"473","nodeType":"n8n-nodes-base.code","nodeName":"Code in JavaScript","nodeId":"60178211-232e-4f7a-8bd9-97a66e5b9ec0"}}
{"__type":"$$EventMessageConfirm","confirm":"742b3eab-f97a-46ee-8b7b-94b23db6c54e","ts":"2026-07-13T16:07:15.624-04:00","source":{"id":"0","name":"eventBus"}}
{"__type":"$$EventMessageRunner","id":"7f0fee35-7fce-44cd-a05f-26f665d32fbe","ts":"2026-07-13T16:07:15.637-04:00","eventName":"n8n.runner.task.requested","message":"n8n.runner.task.requested","payload":{"taskId":"4uQTWltc","nodeId":"60178211-232e-4f7a-8bd9-97a66e5b9ec0","workflowId":"5VBKbuuujEvgdIGs","executionId":"473"}}
{"__type":"$$EventMessageConfirm","confirm":"7f0fee35-7fce-44cd-a05f-26f665d32fbe","ts":"2026-07-13T16:07:15.637-04:00","source":{"id":"0","name":"eventBus"}}
{"__type":"$$EventMessageRunner","id":"d68ef921-9c9e-46f2-9c96-7029942fd0a6","ts":"2026-07-13T16:07:15.649-04:00","eventName":"n8n.runner.response.received","message":"n8n.runner.response.received","payload":{"taskId":"4uQTWltc","nodeId":"60178211-232e-4f7a-8bd9-97a66e5b9ec0","workflowId":"5VBKbuuujEvgdIGs","executionId":"473"}}
{"__type":"$$EventMessageConfirm","confirm":"d68ef921-9c9e-46f2-9c96-7029942fd0a6","ts":"2026-07-13T16:07:15.649-04:00","source":{"id":"0","name":"eventBus"}}
{"__type":"$$EventMessageNode","id":"bc75951a-3c1f-42c4-ae54-fea6d7e8a43b","ts":"2026-07-13T16:07:15.650-04:00","eventName":"n8n.node.finished","message":"n8n.node.finished","payload":{"workflowId":"5VBKbuuujEvgdIGs","workflowName":"power","executionId":"473","nodeType":"n8n-nodes-base.code","nodeName":"Code in JavaScript","nodeId":"60178211-232e-4f7a-8bd9-97a66e5b9ec0"}}
{"__type":"$$EventMessageConfirm","confirm":"bc75951a-3c1f-42c4-ae54-fea6d7e8a43b","ts":"2026-07-13T16:07:15.650-04:00","source":{"id":"0","name":"eventBus"}}
{"__type":"$$EventMessageNode","id":"d477ca0e-88e6-4935-807e-95bf56b646a1","ts":"2026-07-13T16:07:15.650-04:00","eventName":"n8n.node.started","message":"n8n.node.started","payload":{"workflowId":"5VBKbuuujEvgdIGs","workflowName":"power","executionId":"473","nodeType":"n8n-nodes-base.code","nodeName":"Code in JavaScript1","nodeId":"21ac27dd-d85f-45cb-b48f-eb6a3465a56b"}}
{"__type":"$$EventMessageConfirm","confirm":"d477ca0e-88e6-4935-807e-95bf56b646a1","ts":"2026-07-13T16:07:15.650-04:00","source":{"id":"0","name":"eventBus"}}
{"__type":"$$EventMessageRunner","id":"9fbfe455-d295-4c21-b804-49e5cbd9ab7c","ts":"2026-07-13T16:07:15.659-04:00","eventName":"n8n.runner.task.requested","message":"n8n.runner.task.requested","payload":{"taskId":"N1tzSGor","nodeId":"21ac27dd-d85f-45cb-b48f-eb6a3465a56b","workflowId":"5VBKbuuujEvgdIGs","executionId":"473"}}
{"__type":"$$EventMessageConfirm","confirm":"9fbfe455-d295-4c21-b804-49e5cbd9ab7c","ts":"2026-07-13T16:07:15.659-04:00","source":{"id":"0","name":"eventBus"}}
{"__type":"$$EventMessageRunner","id":"61b3bb98-68d6-4119-92f7-842a49b8450a","ts":"2026-07-13T16:07:15.695-04:00","eventName":"n8n.runner.response.received","message":"n8n.runner.response.received","payload":{"taskId":"N1tzSGor","nodeId":"21ac27dd-d85f-45cb-b48f-eb6a3465a56b","workflowId":"5VBKbuuujEvgdIGs","executionId":"473"}}
{"__type":"$$EventMessageConfirm","confirm":"61b3bb98-68d6-4119-92f7-842a49b8450a","ts":"2026-07-13T16:07:15.696-04:00","source":{"id":"0","name":"eventBus"}}
{"__type":"$$EventMessageNode","id":"8c396433-a283-431d-840c-85a21e6936e4","ts":"2026-07-13T16:07:15.698-04:00","eventName":"n8n.node.finished","message":"n8n.node.finished","payload":{"workflowId":"5VBKbuuujEvgdIGs","workflowName":"power","executionId":"473","nodeType":"n8n-nodes-base.code","nodeName":"Code in JavaScript1","nodeId":"21ac27dd-d85f-45cb-b48f-eb6a3465a56b"}}
{"__type":"$$EventMessageConfirm","confirm":"8c396433-a283-431d-840c-85a21e6936e4","ts":"2026-07-13T16:07:15.698-04:00","source":{"id":"0","name":"eventBus"}}
{"__type":"$$EventMessageWorkflow","id":"34632e1e-4e3e-42aa-a707-e73cc747b94f","ts":"2026-07-13T16:07:15.698-04:00","eventName":"n8n.workflow.success","message":"n8n.workflow.success","payload":{"executionId":"473","success":true,"isManual":false,"mode":"webhook","workflowId":"5VBKbuuujEvgdIGs","workflowName":"power"}}
{"__type":"$$EventMessageConfirm","confirm":"34632e1e-4e3e-42aa-a707-e73cc747b94f","ts":"2026-07-13T16:07:15.699-04:00","source":{"id":"0","name":"eventBus"}}
{"__type":"$$EventMessageWorkflow","id":"907df8d8-cfea-4ee1-a4b6-bd282a1fc38b","ts":"2026-07-13T16:07:15.839-04:00","eventName":"n8n.workflow.started","message":"n8n.workflow.started","payload":{"executionId":"474","workflowId":"HyiO9yqvE2q5kmov","isManual":false,"mode":"webhook","workflowName":"hvac"}}
{"__type":"$$EventMessageConfirm","confirm":"907df8d8-cfea-4ee1-a4b6-bd282a1fc38b","ts":"2026-07-13T16:07:15.839-04:00","source":{"id":"0","name":"eventBus"}}
{"__type":"$$EventMessageAudit","id":"3bd55672-0acc-4f10-8cbf-4fd01c6fa885","ts":"2026-07-13T16:07:15.841-04:00","eventName":"n8n.audit.workflow.executed","message":"n8n.audit.workflow.executed","payload":{"workflowId":"HyiO9yqvE2q5kmov","workflowName":"hvac","executionId":"474","source":"webhook"}}
{"__type":"$$EventMessageConfirm","confirm":"3bd55672-0acc-4f10-8cbf-4fd01c6fa885","ts":"2026-07-13T16:07:15.841-04:00","source":{"id":"0","name":"eventBus"}}
{"__type":"$$EventMessageNode","id":"f6be5299-7a31-47b5-ba2c-3f0a7b913425","ts":"2026-07-13T16:07:15.842-04:00","eventName":"n8n.node.started","message":"n8n.node.started","payload":{"workflowId":"HyiO9yqvE2q5kmov","workflowName":"hvac","executionId":"474","nodeType":"n8n-nodes-base.webhook","nodeName":"Webhook","nodeId":"21c4bb7e-a362-421b-819b-e396631df92a"}}
{"__type":"$$EventMessageConfirm","confirm":"f6be5299-7a31-47b5-ba2c-3f0a7b913425","ts":"2026-07-13T16:07:15.842-04:00","source":{"id":"0","name":"eventBus"}}
{"__type":"$$EventMessageNode","id":"9a9384e6-c634-4357-b59f-e224df56ffe8","ts":"2026-07-13T16:07:15.842-04:00","eventName":"n8n.node.finished","message":"n8n.node.finished","payload":{"workflowId":"HyiO9yqvE2q5kmov","workflowName":"hvac","executionId":"474","nodeType":"n8n-nodes-base.webhook","nodeName":"Webhook","nodeId":"21c4bb7e-a362-421b-819b-e396631df92a"}}
{"__type":"$$EventMessageConfirm","confirm":"9a9384e6-c634-4357-b59f-e224df56ffe8","ts":"2026-07-13T16:07:15.843-04:00","source":{"id":"0","name":"eventBus"}}
{"__type":"$$EventMessageNode","id":"2df255ef-9c34-4b40-aab0-e8709700fa72","ts":"2026-07-13T16:07:15.843-04:00","eventName":"n8n.node.started","message":"n8n.node.started","payload":{"workflowId":"HyiO9yqvE2q5kmov","workflowName":"hvac","executionId":"474","nodeType":"n8n-nodes-base.code","nodeName":"Code in JavaScript","nodeId":"7f58ebee-2d23-411d-b5ed-d749b73e6774"}}
{"__type":"$$EventMessageConfirm","confirm":"2df255ef-9c34-4b40-aab0-e8709700fa72","ts":"2026-07-13T16:07:15.843-04:00","source":{"id":"0","name":"eventBus"}}
{"__type":"$$EventMessageRunner","id":"e28478c9-2865-421c-ab9e-0ed04cf8ba0a","ts":"2026-07-13T16:07:15.845-04:00","eventName":"n8n.runner.task.requested","message":"n8n.runner.task.requested","payload":{"taskId":"mQ3t08UW","nodeId":"7f58ebee-2d23-411d-b5ed-d749b73e6774","workflowId":"HyiO9yqvE2q5kmov","executionId":"474"}}
{"__type":"$$EventMessageConfirm","confirm":"e28478c9-2865-421c-ab9e-0ed04cf8ba0a","ts":"2026-07-13T16:07:15.845-04:00","source":{"id":"0","name":"eventBus"}}
{"__type":"$$EventMessageRunner","id":"4304b8d6-f7a0-46a1-abb5-c87d972fdead","ts":"2026-07-13T16:07:15.866-04:00","eventName":"n8n.runner.response.received","message":"n8n.runner.response.received","payload":{"taskId":"mQ3t08UW","nodeId":"7f58ebee-2d23-411d-b5ed-d749b73e6774","workflowId":"HyiO9yqvE2q5kmov","executionId":"474"}}
{"__type":"$$EventMessageConfirm","confirm":"4304b8d6-f7a0-46a1-abb5-c87d972fdead","ts":"2026-07-13T16:07:15.866-04:00","source":{"id":"0","name":"eventBus"}}
{"__type":"$$EventMessageNode","id":"afcd6941-c067-45c2-a36c-9c76269885e3","ts":"2026-07-13T16:07:15.866-04:00","eventName":"n8n.node.finished","message":"n8n.node.finished","payload":{"workflowId":"HyiO9yqvE2q5kmov","workflowName":"hvac","executionId":"474","nodeType":"n8n-nodes-base.code","nodeName":"Code in JavaScript","nodeId":"7f58ebee-2d23-411d-b5ed-d749b73e6774"}}
{"__type":"$$EventMessageConfirm","confirm":"afcd6941-c067-45c2-a36c-9c76269885e3","ts":"2026-07-13T16:07:15.867-04:00","source":{"id":"0","name":"eventBus"}}
{"__type":"$$EventMessageNode","id":"9ef8a7b5-9e81-45f1-b315-ecfd9a250f32","ts":"2026-07-13T16:07:15.867-04:00","eventName":"n8n.node.started","message":"n8n.node.started","payload":{"workflowId":"HyiO9yqvE2q5kmov","workflowName":"hvac","executionId":"474","nodeType":"n8n-nodes-base.code","nodeName":"Code in JavaScript1","nodeId":"60f93297-09f2-4aac-9a87-0874737aa293"}}
{"__type":"$$EventMessageConfirm","confirm":"9ef8a7b5-9e81-45f1-b315-ecfd9a250f32","ts":"2026-07-13T16:07:15.867-04:00","source":{"id":"0","name":"eventBus"}}
{"__type":"$$EventMessageRunner","id":"399deb54-603d-4a8f-aac1-72beb79aaaab","ts":"2026-07-13T16:07:15.869-04:00","eventName":"n8n.runner.task.requested","message":"n8n.runner.task.requested","payload":{"taskId":"xAfcv2_8","nodeId":"60f93297-09f2-4aac-9a87-0874737aa293","workflowId":"HyiO9yqvE2q5kmov","executionId":"474"}}
{"__type":"$$EventMessageConfirm","confirm":"399deb54-603d-4a8f-aac1-72beb79aaaab","ts":"2026-07-13T16:07:15.870-04:00","source":{"id":"0","name":"eventBus"}}
{"__type":"$$EventMessageRunner","id":"24645d56-b6bc-4bce-b305-ec3939eeb590","ts":"2026-07-13T16:07:15.906-04:00","eventName":"n8n.runner.response.received","message":"n8n.runner.response.received","payload":{"taskId":"xAfcv2_8","nodeId":"60f93297-09f2-4aac-9a87-0874737aa293","workflowId":"HyiO9yqvE2q5kmov","executionId":"474"}}
{"__type":"$$EventMessageConfirm","confirm":"24645d56-b6bc-4bce-b305-ec3939eeb590","ts":"2026-07-13T16:07:15.907-04:00","source":{"id":"0","name":"eventBus"}}
{"__type":"$$EventMessageNode","id":"475aa226-610b-4fce-96b5-6cdff7c168d0","ts":"2026-07-13T16:07:15.907-04:00","eventName":"n8n.node.finished","message":"n8n.node.finished","payload":{"workflowId":"HyiO9yqvE2q5kmov","workflowName":"hvac","executionId":"474","nodeType":"n8n-nodes-base.code","nodeName":"Code in JavaScript1","nodeId":"60f93297-09f2-4aac-9a87-0874737aa293"}}
{"__type":"$$EventMessageConfirm","confirm":"475aa226-610b-4fce-96b5-6cdff7c168d0","ts":"2026-07-13T16:07:15.908-04:00","source":{"id":"0","name":"eventBus"}}
{"__type":"$$EventMessageWorkflow","id":"0ca18c7d-19df-4c04-9ce3-fd72addfc500","ts":"2026-07-13T16:07:15.910-04:00","eventName":"n8n.workflow.success","message":"n8n.workflow.success","payload":{"executionId":"474","success":true,"isManual":false,"mode":"webhook","workflowId":"HyiO9yqvE2q5kmov","workflowName":"hvac"}}
{"__type":"$$EventMessageConfirm","confirm":"0ca18c7d-19df-4c04-9ce3-fd72addfc500","ts":"2026-07-13T16:07:15.910-04:00","source":{"id":"0","name":"eventBus"}}
{"__type":"$$EventMessageWorkflow","id":"61f935a2-f243-4a3e-b69f-4a4e5c21766e","ts":"2026-07-13T16:07:16.067-04:00","eventName":"n8n.workflow.started","message":"n8n.workflow.started","payload":{"executionId":"475","workflowId":"4060d0nwMZdXJrUS","isManual":false,"mode":"webhook","workflowName":"alert"}}
{"__type":"$$EventMessageConfirm","confirm":"61f935a2-f243-4a3e-b69f-4a4e5c21766e","ts":"2026-07-13T16:07:16.067-04:00","source":{"id":"0","name":"eventBus"}}
{"__type":"$$EventMessageAudit","id":"7a76eac2-dc41-466d-96ec-9977d45c82d3","ts":"2026-07-13T16:07:16.068-04:00","eventName":"n8n.audit.workflow.executed","message":"n8n.audit.workflow.executed","payload":{"workflowId":"4060d0nwMZdXJrUS","workflowName":"alert","executionId":"475","source":"webhook"}}
{"__type":"$$EventMessageConfirm","confirm":"7a76eac2-dc41-466d-96ec-9977d45c82d3","ts":"2026-07-13T16:07:16.069-04:00","source":{"id":"0","name":"eventBus"}}
{"__type":"$$EventMessageNode","id":"fe0a73a2-79d4-4730-8af5-1ff1e1eec955","ts":"2026-07-13T16:07:16.070-04:00","eventName":"n8n.node.started","message":"n8n.node.started","payload":{"workflowId":"4060d0nwMZdXJrUS","workflowName":"alert","executionId":"475","nodeType":"n8n-nodes-base.webhook","nodeName":"Webhook","nodeId":"45b9a4be-0184-403c-83f3-41cbd14731c8"}}
{"__type":"$$EventMessageConfirm","confirm":"fe0a73a2-79d4-4730-8af5-1ff1e1eec955","ts":"2026-07-13T16:07:16.070-04:00","source":{"id":"0","name":"eventBus"}}
{"__type":"$$EventMessageNode","id":"abf52c2c-d6c7-4125-801f-b31d7314f699","ts":"2026-07-13T16:07:16.071-04:00","eventName":"n8n.node.finished","message":"n8n.node.finished","payload":{"workflowId":"4060d0nwMZdXJrUS","workflowName":"alert","executionId":"475","nodeType":"n8n-nodes-base.webhook","nodeName":"Webhook","nodeId":"45b9a4be-0184-403c-83f3-41cbd14731c8"}}
{"__type":"$$EventMessageConfirm","confirm":"abf52c2c-d6c7-4125-801f-b31d7314f699","ts":"2026-07-13T16:07:16.071-04:00","source":{"id":"0","name":"eventBus"}}
{"__type":"$$EventMessageNode","id":"44eba5ee-4834-4a5e-ab10-5173d26e2924","ts":"2026-07-13T16:07:16.071-04:00","eventName":"n8n.node.started","message":"n8n.node.started","payload":{"workflowId":"4060d0nwMZdXJrUS","workflowName":"alert","executionId":"475","nodeType":"n8n-nodes-base.code","nodeName":"Code in JavaScript","nodeId":"847e0d93-8488-41ce-97de-68b297df2b47"}}
{"__type":"$$EventMessageConfirm","confirm":"44eba5ee-4834-4a5e-ab10-5173d26e2924","ts":"2026-07-13T16:07:16.071-04:00","source":{"id":"0","name":"eventBus"}}
{"__type":"$$EventMessageRunner","id":"251a5dbd-ba8d-4706-ac68-5816d177dae4","ts":"2026-07-13T16:07:16.074-04:00","eventName":"n8n.runner.task.requested","message":"n8n.runner.task.requested","payload":{"taskId":"uKbP2sB4","nodeId":"847e0d93-8488-41ce-97de-68b297df2b47","workflowId":"4060d0nwMZdXJrUS","executionId":"475"}}
{"__type":"$$EventMessageConfirm","confirm":"251a5dbd-ba8d-4706-ac68-5816d177dae4","ts":"2026-07-13T16:07:16.074-04:00","source":{"id":"0","name":"eventBus"}}
{"__type":"$$EventMessageRunner","id":"fa28353c-b531-4fcf-8d0b-8003ab0850f4","ts":"2026-07-13T16:07:16.095-04:00","eventName":"n8n.runner.response.received","message":"n8n.runner.response.received","payload":{"taskId":"uKbP2sB4","nodeId":"847e0d93-8488-41ce-97de-68b297df2b47","workflowId":"4060d0nwMZdXJrUS","executionId":"475"}}
{"__type":"$$EventMessageConfirm","confirm":"fa28353c-b531-4fcf-8d0b-8003ab0850f4","ts":"2026-07-13T16:07:16.095-04:00","source":{"id":"0","name":"eventBus"}}
{"__type":"$$EventMessageNode","id":"a3946e31-97c4-4eca-86f9-952f4e12562a","ts":"2026-07-13T16:07:16.096-04:00","eventName":"n8n.node.finished","message":"n8n.node.finished","payload":{"workflowId":"4060d0nwMZdXJrUS","workflowName":"alert","executionId":"475","nodeType":"n8n-nodes-base.code","nodeName":"Code in JavaScript","nodeId":"847e0d93-8488-41ce-97de-68b297df2b47"}}
{"__type":"$$EventMessageConfirm","confirm":"a3946e31-97c4-4eca-86f9-952f4e12562a","ts":"2026-07-13T16:07:16.096-04:00","source":{"id":"0","name":"eventBus"}}
{"__type":"$$EventMessageNode","id":"e5d83d63-306b-4423-b9bc-cb32900489f1","ts":"2026-07-13T16:07:16.096-04:00","eventName":"n8n.node.started","message":"n8n.node.started","payload":{"workflowId":"4060d0nwMZdXJrUS","workflowName":"alert","executionId":"475","nodeType":"n8n-nodes-base.if","nodeName":"If","nodeId":"a8f0bf21-8151-4783-a4a5-ac8e38d0da13"}}
{"__type":"$$EventMessageConfirm","confirm":"e5d83d63-306b-4423-b9bc-cb32900489f1","ts":"2026-07-13T16:07:16.096-04:00","source":{"id":"0","name":"eventBus"}}
{"__type":"$$EventMessageNode","id":"66479998-ef35-4bc8-8805-2e094e77e265","ts":"2026-07-13T16:07:16.098-04:00","eventName":"n8n.node.finished","message":"n8n.node.finished","payload":{"workflowId":"4060d0nwMZdXJrUS","workflowName":"alert","executionId":"475","nodeType":"n8n-nodes-base.if","nodeName":"If","nodeId":"a8f0bf21-8151-4783-a4a5-ac8e38d0da13"}}
{"__type":"$$EventMessageConfirm","confirm":"66479998-ef35-4bc8-8805-2e094e77e265","ts":"2026-07-13T16:07:16.099-04:00","source":{"id":"0","name":"eventBus"}}
{"__type":"$$EventMessageNode","id":"1431ee49-9e2a-46d4-946b-335311520bc1","ts":"2026-07-13T16:07:16.099-04:00","eventName":"n8n.node.started","message":"n8n.node.started","payload":{"workflowId":"4060d0nwMZdXJrUS","workflowName":"alert","executionId":"475","nodeType":"n8n-nodes-base.code","nodeName":"Code in JavaScript1","nodeId":"50b098bd-b40a-4c90-b2d4-eb880777eaff"}}
{"__type":"$$EventMessageConfirm","confirm":"1431ee49-9e2a-46d4-946b-335311520bc1","ts":"2026-07-13T16:07:16.099-04:00","source":{"id":"0","name":"eventBus"}}
{"__type":"$$EventMessageRunner","id":"e3226b9f-48f0-42fa-ac4f-3168049dd219","ts":"2026-07-13T16:07:16.101-04:00","eventName":"n8n.runner.task.requested","message":"n8n.runner.task.requested","payload":{"taskId":"fgBEY0MF","nodeId":"50b098bd-b40a-4c90-b2d4-eb880777eaff","workflowId":"4060d0nwMZdXJrUS","executionId":"475"}}
{"__type":"$$EventMessageConfirm","confirm":"e3226b9f-48f0-42fa-ac4f-3168049dd219","ts":"2026-07-13T16:07:16.102-04:00","source":{"id":"0","name":"eventBus"}}
{"__type":"$$EventMessageRunner","id":"2f0cadda-909c-4ccd-bb12-4e56f6638166","ts":"2026-07-13T16:07:16.124-04:00","eventName":"n8n.runner.response.received","message":"n8n.runner.response.received","payload":{"taskId":"fgBEY0MF","nodeId":"50b098bd-b40a-4c90-b2d4-eb880777eaff","workflowId":"4060d0nwMZdXJrUS","executionId":"475"}}
{"__type":"$$EventMessageConfirm","confirm":"2f0cadda-909c-4ccd-bb12-4e56f6638166","ts":"2026-07-13T16:07:16.124-04:00","source":{"id":"0","name":"eventBus"}}
{"__type":"$$EventMessageNode","id":"634725b3-bcc5-4c66-b32c-71bb2a31eb3a","ts":"2026-07-13T16:07:16.124-04:00","eventName":"n8n.node.finished","message":"n8n.node.finished","payload":{"workflowId":"4060d0nwMZdXJrUS","workflowName":"alert","executionId":"475","nodeType":"n8n-nodes-base.code","nodeName":"Code in JavaScript1","nodeId":"50b098bd-b40a-4c90-b2d4-eb880777eaff"}}
{"__type":"$$EventMessageConfirm","confirm":"634725b3-bcc5-4c66-b32c-71bb2a31eb3a","ts":"2026-07-13T16:07:16.125-04:00","source":{"id":"0","name":"eventBus"}}
{"__type":"$$EventMessageWorkflow","id":"639a61f5-1234-4627-ad70-21f57c8476f6","ts":"2026-07-13T16:07:16.125-04:00","eventName":"n8n.workflow.success","message":"n8n.workflow.success","payload":{"executionId":"475","success":true,"isManual":false,"mode":"webhook","workflowId":"4060d0nwMZdXJrUS","workflowName":"alert"}}
{"__type":"$$EventMessageConfirm","confirm":"639a61f5-1234-4627-ad70-21f57c8476f6","ts":"2026-07-13T16:07:16.125-04:00","source":{"id":"0","name":"eventBus"}}
{"__type":"$$EventMessageWorkflow","id":"6f6a79c6-0a36-4912-aac8-6eb6d0ab4f10","ts":"2026-07-13T16:08:53.687-04:00","eventName":"n8n.workflow.started","message":"n8n.workflow.started","payload":{"executionId":"476","workflowId":"5VBKbuuujEvgdIGs","isManual":false,"mode":"webhook","workflowName":"power"}}
{"__type":"$$EventMessageConfirm","confirm":"6f6a79c6-0a36-4912-aac8-6eb6d0ab4f10","ts":"2026-07-13T16:08:53.687-04:00","source":{"id":"0","name":"eventBus"}}
{"__type":"$$EventMessageAudit","id":"717c1906-2b19-4cd9-9f70-7408bb41e3f6","ts":"2026-07-13T16:08:53.688-04:00","eventName":"n8n.audit.workflow.executed","message":"n8n.audit.workflow.executed","payload":{"workflowId":"5VBKbuuujEvgdIGs","workflowName":"power","executionId":"476","source":"webhook"}}
{"__type":"$$EventMessageConfirm","confirm":"717c1906-2b19-4cd9-9f70-7408bb41e3f6","ts":"2026-07-13T16:08:53.688-04:00","source":{"id":"0","name":"eventBus"}}
{"__type":"$$EventMessageNode","id":"33ae6189-7df2-430e-80f4-a00fc0fcf8e1","ts":"2026-07-13T16:08:53.690-04:00","eventName":"n8n.node.started","message":"n8n.node.started","payload":{"workflowId":"5VBKbuuujEvgdIGs","workflowName":"power","executionId":"476","nodeType":"n8n-nodes-base.webhook","nodeName":"Webhook","nodeId":"d2f68568-3d63-4615-8950-d51b3313419d"}}
{"__type":"$$EventMessageConfirm","confirm":"33ae6189-7df2-430e-80f4-a00fc0fcf8e1","ts":"2026-07-13T16:08:53.690-04:00","source":{"id":"0","name":"eventBus"}}
{"__type":"$$EventMessageNode","id":"7c31bc18-6d94-430a-81b6-1d9e282e4edb","ts":"2026-07-13T16:08:53.691-04:00","eventName":"n8n.node.finished","message":"n8n.node.finished","payload":{"workflowId":"5VBKbuuujEvgdIGs","workflowName":"power","executionId":"476","nodeType":"n8n-nodes-base.webhook","nodeName":"Webhook","nodeId":"d2f68568-3d63-4615-8950-d51b3313419d"}}
{"__type":"$$EventMessageConfirm","confirm":"7c31bc18-6d94-430a-81b6-1d9e282e4edb","ts":"2026-07-13T16:08:53.691-04:00","source":{"id":"0","name":"eventBus"}}
{"__type":"$$EventMessageNode","id":"46767aa5-6423-4606-9af9-f444dbf2c2fb","ts":"2026-07-13T16:08:53.691-04:00","eventName":"n8n.node.started","message":"n8n.node.started","payload":{"workflowId":"5VBKbuuujEvgdIGs","workflowName":"power","executionId":"476","nodeType":"n8n-nodes-base.code","nodeName":"Code in JavaScript","nodeId":"60178211-232e-4f7a-8bd9-97a66e5b9ec0"}}
{"__type":"$$EventMessageConfirm","confirm":"46767aa5-6423-4606-9af9-f444dbf2c2fb","ts":"2026-07-13T16:08:53.691-04:00","source":{"id":"0","name":"eventBus"}}
{"__type":"$$EventMessageRunner","id":"fafc5312-8cdc-456f-9d17-787e4f32ad8d","ts":"2026-07-13T16:08:53.695-04:00","eventName":"n8n.runner.task.requested","message":"n8n.runner.task.requested","payload":{"taskId":"QmD1sgPJ","nodeId":"60178211-232e-4f7a-8bd9-97a66e5b9ec0","workflowId":"5VBKbuuujEvgdIGs","executionId":"476"}}
{"__type":"$$EventMessageConfirm","confirm":"fafc5312-8cdc-456f-9d17-787e4f32ad8d","ts":"2026-07-13T16:08:53.695-04:00","source":{"id":"0","name":"eventBus"}}
{"__type":"$$EventMessageRunner","id":"d1c46aa3-b05b-4358-9d97-2e3b7571a423","ts":"2026-07-13T16:08:53.708-04:00","eventName":"n8n.runner.response.received","message":"n8n.runner.response.received","payload":{"taskId":"QmD1sgPJ","nodeId":"60178211-232e-4f7a-8bd9-97a66e5b9ec0","workflowId":"5VBKbuuujEvgdIGs","executionId":"476"}}
{"__type":"$$EventMessageConfirm","confirm":"d1c46aa3-b05b-4358-9d97-2e3b7571a423","ts":"2026-07-13T16:08:53.709-04:00","source":{"id":"0","name":"eventBus"}}
{"__type":"$$EventMessageNode","id":"5a9d525b-461c-408d-b051-2486e1fde47d","ts":"2026-07-13T16:08:53.709-04:00","eventName":"n8n.node.finished","message":"n8n.node.finished","payload":{"workflowId":"5VBKbuuujEvgdIGs","workflowName":"power","executionId":"476","nodeType":"n8n-nodes-base.code","nodeName":"Code in JavaScript","nodeId":"60178211-232e-4f7a-8bd9-97a66e5b9ec0"}}
{"__type":"$$EventMessageConfirm","confirm":"5a9d525b-461c-408d-b051-2486e1fde47d","ts":"2026-07-13T16:08:53.709-04:00","source":{"id":"0","name":"eventBus"}}
{"__type":"$$EventMessageNode","id":"74f43469-9798-4abb-a5b9-cddca974ad94","ts":"2026-07-13T16:08:53.710-04:00","eventName":"n8n.node.started","message":"n8n.node.started","payload":{"workflowId":"5VBKbuuujEvgdIGs","workflowName":"power","executionId":"476","nodeType":"n8n-nodes-base.code","nodeName":"Code in JavaScript1","nodeId":"21ac27dd-d85f-45cb-b48f-eb6a3465a56b"}}
{"__type":"$$EventMessageConfirm","confirm":"74f43469-9798-4abb-a5b9-cddca974ad94","ts":"2026-07-13T16:08:53.710-04:00","source":{"id":"0","name":"eventBus"}}
{"__type":"$$EventMessageRunner","id":"e0780f54-a910-4efd-9515-a85d814525ed","ts":"2026-07-13T16:08:53.714-04:00","eventName":"n8n.runner.task.requested","message":"n8n.runner.task.requested","payload":{"taskId":"01JkXqVS","nodeId":"21ac27dd-d85f-45cb-b48f-eb6a3465a56b","workflowId":"5VBKbuuujEvgdIGs","executionId":"476"}}
{"__type":"$$EventMessageConfirm","confirm":"e0780f54-a910-4efd-9515-a85d814525ed","ts":"2026-07-13T16:08:53.714-04:00","source":{"id":"0","name":"eventBus"}}
{"__type":"$$EventMessageRunner","id":"a2810c29-5a10-41be-8356-8942e6a9056d","ts":"2026-07-13T16:08:53.725-04:00","eventName":"n8n.runner.response.received","message":"n8n.runner.response.received","payload":{"taskId":"01JkXqVS","nodeId":"21ac27dd-d85f-45cb-b48f-eb6a3465a56b","workflowId":"5VBKbuuujEvgdIGs","executionId":"476"}}
{"__type":"$$EventMessageConfirm","confirm":"a2810c29-5a10-41be-8356-8942e6a9056d","ts":"2026-07-13T16:08:53.726-04:00","source":{"id":"0","name":"eventBus"}}
{"__type":"$$EventMessageNode","id":"4ae9ef98-ea45-429d-8d81-344dfd6e5d01","ts":"2026-07-13T16:08:53.727-04:00","eventName":"n8n.node.finished","message":"n8n.node.finished","payload":{"workflowId":"5VBKbuuujEvgdIGs","workflowName":"power","executionId":"476","nodeType":"n8n-nodes-base.code","nodeName":"Code in JavaScript1","nodeId":"21ac27dd-d85f-45cb-b48f-eb6a3465a56b"}}
{"__type":"$$EventMessageConfirm","confirm":"4ae9ef98-ea45-429d-8d81-344dfd6e5d01","ts":"2026-07-13T16:08:53.727-04:00","source":{"id":"0","name":"eventBus"}}
{"__type":"$$EventMessageWorkflow","id":"002adc00-5a85-4084-9aa0-b23fe21280d4","ts":"2026-07-13T16:08:53.727-04:00","eventName":"n8n.workflow.success","message":"n8n.workflow.success","payload":{"executionId":"476","success":true,"isManual":false,"mode":"webhook","workflowId":"5VBKbuuujEvgdIGs","workflowName":"power"}}
{"__type":"$$EventMessageConfirm","confirm":"002adc00-5a85-4084-9aa0-b23fe21280d4","ts":"2026-07-13T16:08:53.727-04:00","source":{"id":"0","name":"eventBus"}}
{"__type":"$$EventMessageWorkflow","id":"abc28c63-6868-4249-9ef9-b35e2b42d786","ts":"2026-07-13T16:08:53.853-04:00","eventName":"n8n.workflow.started","message":"n8n.workflow.started","payload":{"executionId":"477","workflowId":"HyiO9yqvE2q5kmov","isManual":false,"mode":"webhook","workflowName":"hvac"}}
{"__type":"$$EventMessageConfirm","confirm":"abc28c63-6868-4249-9ef9-b35e2b42d786","ts":"2026-07-13T16:08:53.853-04:00","source":{"id":"0","name":"eventBus"}}
{"__type":"$$EventMessageAudit","id":"bb40ec78-6df2-4cbd-8ee4-1a159b7ef318","ts":"2026-07-13T16:08:53.854-04:00","eventName":"n8n.audit.workflow.executed","message":"n8n.audit.workflow.executed","payload":{"workflowId":"HyiO9yqvE2q5kmov","workflowName":"hvac","executionId":"477","source":"webhook"}}
{"__type":"$$EventMessageConfirm","confirm":"bb40ec78-6df2-4cbd-8ee4-1a159b7ef318","ts":"2026-07-13T16:08:53.854-04:00","source":{"id":"0","name":"eventBus"}}
{"__type":"$$EventMessageNode","id":"f04fd53c-322c-489d-9631-db9df603ba9d","ts":"2026-07-13T16:08:53.856-04:00","eventName":"n8n.node.started","message":"n8n.node.started","payload":{"workflowId":"HyiO9yqvE2q5kmov","workflowName":"hvac","executionId":"477","nodeType":"n8n-nodes-base.webhook","nodeName":"Webhook","nodeId":"21c4bb7e-a362-421b-819b-e396631df92a"}}
{"__type":"$$EventMessageConfirm","confirm":"f04fd53c-322c-489d-9631-db9df603ba9d","ts":"2026-07-13T16:08:53.856-04:00","source":{"id":"0","name":"eventBus"}}
{"__type":"$$EventMessageNode","id":"ef4ed25a-a936-46d7-84e7-0709dce897d6","ts":"2026-07-13T16:08:53.856-04:00","eventName":"n8n.node.finished","message":"n8n.node.finished","payload":{"workflowId":"HyiO9yqvE2q5kmov","workflowName":"hvac","executionId":"477","nodeType":"n8n-nodes-base.webhook","nodeName":"Webhook","nodeId":"21c4bb7e-a362-421b-819b-e396631df92a"}}
{"__type":"$$EventMessageConfirm","confirm":"ef4ed25a-a936-46d7-84e7-0709dce897d6","ts":"2026-07-13T16:08:53.856-04:00","source":{"id":"0","name":"eventBus"}}
{"__type":"$$EventMessageNode","id":"77112eed-3086-4964-ae46-93f09e75e164","ts":"2026-07-13T16:08:53.856-04:00","eventName":"n8n.node.started","message":"n8n.node.started","payload":{"workflowId":"HyiO9yqvE2q5kmov","workflowName":"hvac","executionId":"477","nodeType":"n8n-nodes-base.code","nodeName":"Code in JavaScript","nodeId":"7f58ebee-2d23-411d-b5ed-d749b73e6774"}}
{"__type":"$$EventMessageConfirm","confirm":"77112eed-3086-4964-ae46-93f09e75e164","ts":"2026-07-13T16:08:53.857-04:00","source":{"id":"0","name":"eventBus"}}
{"__type":"$$EventMessageRunner","id":"eb5bec47-bffc-417b-92ee-f769420b543e","ts":"2026-07-13T16:08:53.859-04:00","eventName":"n8n.runner.task.requested","message":"n8n.runner.task.requested","payload":{"taskId":"iN9nDFO1","nodeId":"7f58ebee-2d23-411d-b5ed-d749b73e6774","workflowId":"HyiO9yqvE2q5kmov","executionId":"477"}}
{"__type":"$$EventMessageConfirm","confirm":"eb5bec47-bffc-417b-92ee-f769420b543e","ts":"2026-07-13T16:08:53.859-04:00","source":{"id":"0","name":"eventBus"}}
{"__type":"$$EventMessageRunner","id":"50b44442-dd57-4f0a-9658-98fdd1d8963a","ts":"2026-07-13T16:08:53.871-04:00","eventName":"n8n.runner.response.received","message":"n8n.runner.response.received","payload":{"taskId":"iN9nDFO1","nodeId":"7f58ebee-2d23-411d-b5ed-d749b73e6774","workflowId":"HyiO9yqvE2q5kmov","executionId":"477"}}
{"__type":"$$EventMessageConfirm","confirm":"50b44442-dd57-4f0a-9658-98fdd1d8963a","ts":"2026-07-13T16:08:53.871-04:00","source":{"id":"0","name":"eventBus"}}
{"__type":"$$EventMessageNode","id":"bed7e9b4-1e0c-43dc-89fb-f9c5b2c187f0","ts":"2026-07-13T16:08:53.872-04:00","eventName":"n8n.node.finished","message":"n8n.node.finished","payload":{"workflowId":"HyiO9yqvE2q5kmov","workflowName":"hvac","executionId":"477","nodeType":"n8n-nodes-base.code","nodeName":"Code in JavaScript","nodeId":"7f58ebee-2d23-411d-b5ed-d749b73e6774"}}
{"__type":"$$EventMessageConfirm","confirm":"bed7e9b4-1e0c-43dc-89fb-f9c5b2c187f0","ts":"2026-07-13T16:08:53.872-04:00","source":{"id":"0","name":"eventBus"}}
{"__type":"$$EventMessageNode","id":"28cc54a1-3dde-430d-97ac-332202eda554","ts":"2026-07-13T16:08:53.872-04:00","eventName":"n8n.node.started","message":"n8n.node.started","payload":{"workflowId":"HyiO9yqvE2q5kmov","workflowName":"hvac","executionId":"477","nodeType":"n8n-nodes-base.code","nodeName":"Code in JavaScript1","nodeId":"60f93297-09f2-4aac-9a87-0874737aa293"}}
{"__type":"$$EventMessageConfirm","confirm":"28cc54a1-3dde-430d-97ac-332202eda554","ts":"2026-07-13T16:08:53.873-04:00","source":{"id":"0","name":"eventBus"}}
{"__type":"$$EventMessageRunner","id":"27d90579-fb7a-4e13-8ad2-697c73e8fdf2","ts":"2026-07-13T16:08:53.877-04:00","eventName":"n8n.runner.task.requested","message":"n8n.runner.task.requested","payload":{"taskId":"W96Jt_ec","nodeId":"60f93297-09f2-4aac-9a87-0874737aa293","workflowId":"HyiO9yqvE2q5kmov","executionId":"477"}}
{"__type":"$$EventMessageConfirm","confirm":"27d90579-fb7a-4e13-8ad2-697c73e8fdf2","ts":"2026-07-13T16:08:53.878-04:00","source":{"id":"0","name":"eventBus"}}
{"__type":"$$EventMessageRunner","id":"3c2b48b8-cf90-470a-a9e4-8a795be98e9c","ts":"2026-07-13T16:08:53.901-04:00","eventName":"n8n.runner.response.received","message":"n8n.runner.response.received","payload":{"taskId":"W96Jt_ec","nodeId":"60f93297-09f2-4aac-9a87-0874737aa293","workflowId":"HyiO9yqvE2q5kmov","executionId":"477"}}
{"__type":"$$EventMessageConfirm","confirm":"3c2b48b8-cf90-470a-a9e4-8a795be98e9c","ts":"2026-07-13T16:08:53.901-04:00","source":{"id":"0","name":"eventBus"}}
{"__type":"$$EventMessageNode","id":"9ac95042-ba8b-48a1-8edc-3f0daf3b8f58","ts":"2026-07-13T16:08:53.902-04:00","eventName":"n8n.node.finished","message":"n8n.node.finished","payload":{"workflowId":"HyiO9yqvE2q5kmov","workflowName":"hvac","executionId":"477","nodeType":"n8n-nodes-base.code","nodeName":"Code in JavaScript1","nodeId":"60f93297-09f2-4aac-9a87-0874737aa293"}}
{"__type":"$$EventMessageConfirm","confirm":"9ac95042-ba8b-48a1-8edc-3f0daf3b8f58","ts":"2026-07-13T16:08:53.902-04:00","source":{"id":"0","name":"eventBus"}}
{"__type":"$$EventMessageWorkflow","id":"68f2c344-10b7-4321-bcd1-6a1d82a1da81","ts":"2026-07-13T16:08:53.902-04:00","eventName":"n8n.workflow.success","message":"n8n.workflow.success","payload":{"executionId":"477","success":true,"isManual":false,"mode":"webhook","workflowId":"HyiO9yqvE2q5kmov","workflowName":"hvac"}}
{"__type":"$$EventMessageConfirm","confirm":"68f2c344-10b7-4321-bcd1-6a1d82a1da81","ts":"2026-07-13T16:08:53.902-04:00","source":{"id":"0","name":"eventBus"}}
{"__type":"$$EventMessageWorkflow","id":"c1fdb542-08dc-413a-9bdf-66347be4e332","ts":"2026-07-13T16:08:54.004-04:00","eventName":"n8n.workflow.started","message":"n8n.workflow.started","payload":{"executionId":"478","workflowId":"4060d0nwMZdXJrUS","isManual":false,"mode":"webhook","workflowName":"alert"}}
{"__type":"$$EventMessageConfirm","confirm":"c1fdb542-08dc-413a-9bdf-66347be4e332","ts":"2026-07-13T16:08:54.004-04:00","source":{"id":"0","name":"eventBus"}}
{"__type":"$$EventMessageAudit","id":"2ada5e50-c528-48b7-8e85-aa4bc873f502","ts":"2026-07-13T16:08:54.006-04:00","eventName":"n8n.audit.workflow.executed","message":"n8n.audit.workflow.executed","payload":{"workflowId":"4060d0nwMZdXJrUS","workflowName":"alert","executionId":"478","source":"webhook"}}
{"__type":"$$EventMessageConfirm","confirm":"2ada5e50-c528-48b7-8e85-aa4bc873f502","ts":"2026-07-13T16:08:54.006-04:00","source":{"id":"0","name":"eventBus"}}
{"__type":"$$EventMessageNode","id":"b827e8ed-3b15-4408-a3b1-4150a711ecda","ts":"2026-07-13T16:08:54.007-04:00","eventName":"n8n.node.started","message":"n8n.node.started","payload":{"workflowId":"4060d0nwMZdXJrUS","workflowName":"alert","executionId":"478","nodeType":"n8n-nodes-base.webhook","nodeName":"Webhook","nodeId":"45b9a4be-0184-403c-83f3-41cbd14731c8"}}
{"__type":"$$EventMessageConfirm","confirm":"b827e8ed-3b15-4408-a3b1-4150a711ecda","ts":"2026-07-13T16:08:54.008-04:00","source":{"id":"0","name":"eventBus"}}
{"__type":"$$EventMessageNode","id":"09ab7369-e5b5-44bf-a20e-b67929413d9b","ts":"2026-07-13T16:08:54.008-04:00","eventName":"n8n.node.finished","message":"n8n.node.finished","payload":{"workflowId":"4060d0nwMZdXJrUS","workflowName":"alert","executionId":"478","nodeType":"n8n-nodes-base.webhook","nodeName":"Webhook","nodeId":"45b9a4be-0184-403c-83f3-41cbd14731c8"}}
{"__type":"$$EventMessageConfirm","confirm":"09ab7369-e5b5-44bf-a20e-b67929413d9b","ts":"2026-07-13T16:08:54.008-04:00","source":{"id":"0","name":"eventBus"}}
{"__type":"$$EventMessageNode","id":"c71f7a91-24f5-49cf-9a94-77228380129c","ts":"2026-07-13T16:08:54.008-04:00","eventName":"n8n.node.started","message":"n8n.node.started","payload":{"workflowId":"4060d0nwMZdXJrUS","workflowName":"alert","executionId":"478","nodeType":"n8n-nodes-base.code","nodeName":"Code in JavaScript","nodeId":"847e0d93-8488-41ce-97de-68b297df2b47"}}
{"__type":"$$EventMessageConfirm","confirm":"c71f7a91-24f5-49cf-9a94-77228380129c","ts":"2026-07-13T16:08:54.009-04:00","source":{"id":"0","name":"eventBus"}}
{"__type":"$$EventMessageRunner","id":"9c2c6967-cd94-4fd7-86ba-bc54dd2bb1ad","ts":"2026-07-13T16:08:54.011-04:00","eventName":"n8n.runner.task.requested","message":"n8n.runner.task.requested","payload":{"taskId":"i579VMkW","nodeId":"847e0d93-8488-41ce-97de-68b297df2b47","workflowId":"4060d0nwMZdXJrUS","executionId":"478"}}
{"__type":"$$EventMessageConfirm","confirm":"9c2c6967-cd94-4fd7-86ba-bc54dd2bb1ad","ts":"2026-07-13T16:08:54.011-04:00","source":{"id":"0","name":"eventBus"}}
{"__type":"$$EventMessageRunner","id":"38b1eb38-ea9b-4071-9b9d-03e4ef23b7ca","ts":"2026-07-13T16:08:54.027-04:00","eventName":"n8n.runner.response.received","message":"n8n.runner.response.received","payload":{"taskId":"i579VMkW","nodeId":"847e0d93-8488-41ce-97de-68b297df2b47","workflowId":"4060d0nwMZdXJrUS","executionId":"478"}}
{"__type":"$$EventMessageConfirm","confirm":"38b1eb38-ea9b-4071-9b9d-03e4ef23b7ca","ts":"2026-07-13T16:08:54.027-04:00","source":{"id":"0","name":"eventBus"}}
{"__type":"$$EventMessageNode","id":"16dc9887-cf97-496e-84ef-8eacf9214af9","ts":"2026-07-13T16:08:54.028-04:00","eventName":"n8n.node.finished","message":"n8n.node.finished","payload":{"workflowId":"4060d0nwMZdXJrUS","workflowName":"alert","executionId":"478","nodeType":"n8n-nodes-base.code","nodeName":"Code in JavaScript","nodeId":"847e0d93-8488-41ce-97de-68b297df2b47"}}
{"__type":"$$EventMessageConfirm","confirm":"16dc9887-cf97-496e-84ef-8eacf9214af9","ts":"2026-07-13T16:08:54.028-04:00","source":{"id":"0","name":"eventBus"}}
{"__type":"$$EventMessageNode","id":"0a927fee-19e3-4bf1-a0b4-5e4db1a56a23","ts":"2026-07-13T16:08:54.028-04:00","eventName":"n8n.node.started","message":"n8n.node.started","payload":{"workflowId":"4060d0nwMZdXJrUS","workflowName":"alert","executionId":"478","nodeType":"n8n-nodes-base.if","nodeName":"If","nodeId":"a8f0bf21-8151-4783-a4a5-ac8e38d0da13"}}
{"__type":"$$EventMessageConfirm","confirm":"0a927fee-19e3-4bf1-a0b4-5e4db1a56a23","ts":"2026-07-13T16:08:54.028-04:00","source":{"id":"0","name":"eventBus"}}
{"__type":"$$EventMessageNode","id":"522c36f4-ff18-4e76-b067-d9253eca9c40","ts":"2026-07-13T16:08:54.030-04:00","eventName":"n8n.node.finished","message":"n8n.node.finished","payload":{"workflowId":"4060d0nwMZdXJrUS","workflowName":"alert","executionId":"478","nodeType":"n8n-nodes-base.if","nodeName":"If","nodeId":"a8f0bf21-8151-4783-a4a5-ac8e38d0da13"}}
{"__type":"$$EventMessageConfirm","confirm":"522c36f4-ff18-4e76-b067-d9253eca9c40","ts":"2026-07-13T16:08:54.030-04:00","source":{"id":"0","name":"eventBus"}}
{"__type":"$$EventMessageNode","id":"5e4efe34-53a0-4aae-b32b-5ab6ea70d914","ts":"2026-07-13T16:08:54.030-04:00","eventName":"n8n.node.started","message":"n8n.node.started","payload":{"workflowId":"4060d0nwMZdXJrUS","workflowName":"alert","executionId":"478","nodeType":"n8n-nodes-base.code","nodeName":"Code in JavaScript1","nodeId":"50b098bd-b40a-4c90-b2d4-eb880777eaff"}}
{"__type":"$$EventMessageConfirm","confirm":"5e4efe34-53a0-4aae-b32b-5ab6ea70d914","ts":"2026-07-13T16:08:54.030-04:00","source":{"id":"0","name":"eventBus"}}
{"__type":"$$EventMessageRunner","id":"2a7ad494-0eef-476b-99b4-1cc4fb408e04","ts":"2026-07-13T16:08:54.032-04:00","eventName":"n8n.runner.task.requested","message":"n8n.runner.task.requested","payload":{"taskId":"K-0komyb","nodeId":"50b098bd-b40a-4c90-b2d4-eb880777eaff","workflowId":"4060d0nwMZdXJrUS","executionId":"478"}}
{"__type":"$$EventMessageConfirm","confirm":"2a7ad494-0eef-476b-99b4-1cc4fb408e04","ts":"2026-07-13T16:08:54.032-04:00","source":{"id":"0","name":"eventBus"}}
{"__type":"$$EventMessageRunner","id":"b48bd3e3-ba30-419e-8ba5-9fe0b8262215","ts":"2026-07-13T16:08:54.040-04:00","eventName":"n8n.runner.response.received","message":"n8n.runner.response.received","payload":{"taskId":"K-0komyb","nodeId":"50b098bd-b40a-4c90-b2d4-eb880777eaff","workflowId":"4060d0nwMZdXJrUS","executionId":"478"}}
{"__type":"$$EventMessageConfirm","confirm":"b48bd3e3-ba30-419e-8ba5-9fe0b8262215","ts":"2026-07-13T16:08:54.041-04:00","source":{"id":"0","name":"eventBus"}}
{"__type":"$$EventMessageNode","id":"083cd76c-69e2-41e8-88da-017bc507fd8f","ts":"2026-07-13T16:08:54.041-04:00","eventName":"n8n.node.finished","message":"n8n.node.finished","payload":{"workflowId":"4060d0nwMZdXJrUS","workflowName":"alert","executionId":"478","nodeType":"n8n-nodes-base.code","nodeName":"Code in JavaScript1","nodeId":"50b098bd-b40a-4c90-b2d4-eb880777eaff"}}
{"__type":"$$EventMessageConfirm","confirm":"083cd76c-69e2-41e8-88da-017bc507fd8f","ts":"2026-07-13T16:08:54.041-04:00","source":{"id":"0","name":"eventBus"}}
{"__type":"$$EventMessageWorkflow","id":"01bd8a18-5da8-4c7e-aa38-f6fce02f8eeb","ts":"2026-07-13T16:08:54.041-04:00","eventName":"n8n.workflow.success","message":"n8n.workflow.success","payload":{"executionId":"478","success":true,"isManual":false,"mode":"webhook","workflowId":"4060d0nwMZdXJrUS","workflowName":"alert"}}
{"__type":"$$EventMessageConfirm","confirm":"01bd8a18-5da8-4c7e-aa38-f6fce02f8eeb","ts":"2026-07-13T16:08:54.042-04:00","source":{"id":"0","name":"eventBus"}}
{"__type":"$$EventMessageWorkflow","id":"4d2309d5-b9ea-499a-8ac5-1f45132f9ae7","ts":"2026-07-13T16:09:56.567-04:00","eventName":"n8n.workflow.started","message":"n8n.workflow.started","payload":{"executionId":"479","workflowId":"csjSBc51yUkh2vRH","isManual":false,"mode":"webhook","workflowName":"fire"}}
{"__type":"$$EventMessageConfirm","confirm":"4d2309d5-b9ea-499a-8ac5-1f45132f9ae7","ts":"2026-07-13T16:09:56.568-04:00","source":{"id":"0","name":"eventBus"}}
{"__type":"$$EventMessageAudit","id":"2abc7e7e-00e0-4f5c-a32c-f1eed25d1975","ts":"2026-07-13T16:09:56.568-04:00","eventName":"n8n.audit.workflow.executed","message":"n8n.audit.workflow.executed","payload":{"workflowId":"csjSBc51yUkh2vRH","workflowName":"fire","executionId":"479","source":"webhook"}}
{"__type":"$$EventMessageConfirm","confirm":"2abc7e7e-00e0-4f5c-a32c-f1eed25d1975","ts":"2026-07-13T16:09:56.568-04:00","source":{"id":"0","name":"eventBus"}}
{"__type":"$$EventMessageNode","id":"79723e3e-526e-46ee-8482-b1879af83abc","ts":"2026-07-13T16:09:56.569-04:00","eventName":"n8n.node.started","message":"n8n.node.started","payload":{"workflowId":"csjSBc51yUkh2vRH","workflowName":"fire","executionId":"479","nodeType":"n8n-nodes-base.webhook","nodeName":"Webhook","nodeId":"24e7bc53-ee06-4b53-b753-97a049b3327b"}}
{"__type":"$$EventMessageConfirm","confirm":"79723e3e-526e-46ee-8482-b1879af83abc","ts":"2026-07-13T16:09:56.570-04:00","source":{"id":"0","name":"eventBus"}}
{"__type":"$$EventMessageNode","id":"6a4ad760-6ebe-488c-bdb7-f8e68a35bd3a","ts":"2026-07-13T16:09:56.570-04:00","eventName":"n8n.node.finished","message":"n8n.node.finished","payload":{"workflowId":"csjSBc51yUkh2vRH","workflowName":"fire","executionId":"479","nodeType":"n8n-nodes-base.webhook","nodeName":"Webhook","nodeId":"24e7bc53-ee06-4b53-b753-97a049b3327b"}}
{"__type":"$$EventMessageConfirm","confirm":"6a4ad760-6ebe-488c-bdb7-f8e68a35bd3a","ts":"2026-07-13T16:09:56.570-04:00","source":{"id":"0","name":"eventBus"}}
{"__type":"$$EventMessageNode","id":"471223b6-6c5f-458a-8219-b373f11b3cec","ts":"2026-07-13T16:09:56.570-04:00","eventName":"n8n.node.started","message":"n8n.node.started","payload":{"workflowId":"csjSBc51yUkh2vRH","workflowName":"fire","executionId":"479","nodeType":"n8n-nodes-base.code","nodeName":"Code in JavaScript","nodeId":"f271c744-c46c-4766-b045-ed1d8821c40d"}}
{"__type":"$$EventMessageConfirm","confirm":"471223b6-6c5f-458a-8219-b373f11b3cec","ts":"2026-07-13T16:09:56.570-04:00","source":{"id":"0","name":"eventBus"}}
{"__type":"$$EventMessageRunner","id":"8da1288f-a207-48c2-95ec-9e6f27a7bacf","ts":"2026-07-13T16:09:56.572-04:00","eventName":"n8n.runner.task.requested","message":"n8n.runner.task.requested","payload":{"taskId":"BsRY51Nb","nodeId":"f271c744-c46c-4766-b045-ed1d8821c40d","workflowId":"csjSBc51yUkh2vRH","executionId":"479"}}
{"__type":"$$EventMessageConfirm","confirm":"8da1288f-a207-48c2-95ec-9e6f27a7bacf","ts":"2026-07-13T16:09:56.572-04:00","source":{"id":"0","name":"eventBus"}}
{"__type":"$$EventMessageRunner","id":"260925a9-76d9-4971-9e99-acc91f6b1221","ts":"2026-07-13T16:09:56.581-04:00","eventName":"n8n.runner.response.received","message":"n8n.runner.response.received","payload":{"taskId":"BsRY51Nb","nodeId":"f271c744-c46c-4766-b045-ed1d8821c40d","workflowId":"csjSBc51yUkh2vRH","executionId":"479"}}
{"__type":"$$EventMessageConfirm","confirm":"260925a9-76d9-4971-9e99-acc91f6b1221","ts":"2026-07-13T16:09:56.581-04:00","source":{"id":"0","name":"eventBus"}}
{"__type":"$$EventMessageNode","id":"d305df6b-1cf1-49cf-8165-383fd546d1cd","ts":"2026-07-13T16:09:56.581-04:00","eventName":"n8n.node.finished","message":"n8n.node.finished","payload":{"workflowId":"csjSBc51yUkh2vRH","workflowName":"fire","executionId":"479","nodeType":"n8n-nodes-base.code","nodeName":"Code in JavaScript","nodeId":"f271c744-c46c-4766-b045-ed1d8821c40d"}}
{"__type":"$$EventMessageConfirm","confirm":"d305df6b-1cf1-49cf-8165-383fd546d1cd","ts":"2026-07-13T16:09:56.581-04:00","source":{"id":"0","name":"eventBus"}}
{"__type":"$$EventMessageNode","id":"da1e6615-db2f-474b-a6e8-037bea8efe7a","ts":"2026-07-13T16:09:56.581-04:00","eventName":"n8n.node.started","message":"n8n.node.started","payload":{"workflowId":"csjSBc51yUkh2vRH","workflowName":"fire","executionId":"479","nodeType":"n8n-nodes-base.code","nodeName":"Code in JavaScript1","nodeId":"3cd55fa9-d0e9-43ab-b0ba-fe5047c0e593"}}
{"__type":"$$EventMessageConfirm","confirm":"da1e6615-db2f-474b-a6e8-037bea8efe7a","ts":"2026-07-13T16:09:56.582-04:00","source":{"id":"0","name":"eventBus"}}
{"__type":"$$EventMessageRunner","id":"1e75bc18-dcd3-4230-b4fc-5330dd80ccd3","ts":"2026-07-13T16:09:56.589-04:00","eventName":"n8n.runner.task.requested","message":"n8n.runner.task.requested","payload":{"taskId":"9O5UON1p","nodeId":"3cd55fa9-d0e9-43ab-b0ba-fe5047c0e593","workflowId":"csjSBc51yUkh2vRH","executionId":"479"}}
{"__type":"$$EventMessageConfirm","confirm":"1e75bc18-dcd3-4230-b4fc-5330dd80ccd3","ts":"2026-07-13T16:09:56.589-04:00","source":{"id":"0","name":"eventBus"}}
{"__type":"$$EventMessageRunner","id":"d4a17489-5989-4fd3-8a6e-41a1a264e9ae","ts":"2026-07-13T16:09:56.611-04:00","eventName":"n8n.runner.response.received","message":"n8n.runner.response.received","payload":{"taskId":"9O5UON1p","nodeId":"3cd55fa9-d0e9-43ab-b0ba-fe5047c0e593","workflowId":"csjSBc51yUkh2vRH","executionId":"479"}}
{"__type":"$$EventMessageConfirm","confirm":"d4a17489-5989-4fd3-8a6e-41a1a264e9ae","ts":"2026-07-13T16:09:56.611-04:00","source":{"id":"0","name":"eventBus"}}
{"__type":"$$EventMessageNode","id":"6faa3bbd-734b-43a1-9ab5-87c620f63729","ts":"2026-07-13T16:09:56.612-04:00","eventName":"n8n.node.finished","message":"n8n.node.finished","payload":{"workflowId":"csjSBc51yUkh2vRH","workflowName":"fire","executionId":"479","nodeType":"n8n-nodes-base.code","nodeName":"Code in JavaScript1","nodeId":"3cd55fa9-d0e9-43ab-b0ba-fe5047c0e593"}}
{"__type":"$$EventMessageConfirm","confirm":"6faa3bbd-734b-43a1-9ab5-87c620f63729","ts":"2026-07-13T16:09:56.612-04:00","source":{"id":"0","name":"eventBus"}}
{"__type":"$$EventMessageWorkflow","id":"4190bd52-12c6-4f4b-b524-c6642df9cbfb","ts":"2026-07-13T16:09:56.612-04:00","eventName":"n8n.workflow.success","message":"n8n.workflow.success","payload":{"executionId":"479","success":true,"isManual":false,"mode":"webhook","workflowId":"csjSBc51yUkh2vRH","workflowName":"fire"}}
{"__type":"$$EventMessageConfirm","confirm":"4190bd52-12c6-4f4b-b524-c6642df9cbfb","ts":"2026-07-13T16:09:56.612-04:00","source":{"id":"0","name":"eventBus"}}
{"__type":"$$EventMessageWorkflow","id":"591e4dfa-74f3-48cd-aa80-906565d31f46","ts":"2026-07-13T16:09:56.709-04:00","eventName":"n8n.workflow.started","message":"n8n.workflow.started","payload":{"executionId":"480","workflowId":"4060d0nwMZdXJrUS","isManual":false,"mode":"webhook","workflowName":"alert"}}
{"__type":"$$EventMessageConfirm","confirm":"591e4dfa-74f3-48cd-aa80-906565d31f46","ts":"2026-07-13T16:09:56.709-04:00","source":{"id":"0","name":"eventBus"}}
{"__type":"$$EventMessageAudit","id":"8fe9780e-677b-4547-b273-2c7e41dfea0c","ts":"2026-07-13T16:09:56.710-04:00","eventName":"n8n.audit.workflow.executed","message":"n8n.audit.workflow.executed","payload":{"workflowId":"4060d0nwMZdXJrUS","workflowName":"alert","executionId":"480","source":"webhook"}}
{"__type":"$$EventMessageConfirm","confirm":"8fe9780e-677b-4547-b273-2c7e41dfea0c","ts":"2026-07-13T16:09:56.711-04:00","source":{"id":"0","name":"eventBus"}}
{"__type":"$$EventMessageNode","id":"7349f420-3c7d-4a78-84d4-fbafe0751510","ts":"2026-07-13T16:09:56.711-04:00","eventName":"n8n.node.started","message":"n8n.node.started","payload":{"workflowId":"4060d0nwMZdXJrUS","workflowName":"alert","executionId":"480","nodeType":"n8n-nodes-base.webhook","nodeName":"Webhook","nodeId":"45b9a4be-0184-403c-83f3-41cbd14731c8"}}
{"__type":"$$EventMessageConfirm","confirm":"7349f420-3c7d-4a78-84d4-fbafe0751510","ts":"2026-07-13T16:09:56.712-04:00","source":{"id":"0","name":"eventBus"}}
{"__type":"$$EventMessageNode","id":"b3976ed7-a4de-45ae-97c2-b6b52aca3420","ts":"2026-07-13T16:09:56.712-04:00","eventName":"n8n.node.finished","message":"n8n.node.finished","payload":{"workflowId":"4060d0nwMZdXJrUS","workflowName":"alert","executionId":"480","nodeType":"n8n-nodes-base.webhook","nodeName":"Webhook","nodeId":"45b9a4be-0184-403c-83f3-41cbd14731c8"}}
{"__type":"$$EventMessageConfirm","confirm":"b3976ed7-a4de-45ae-97c2-b6b52aca3420","ts":"2026-07-13T16:09:56.712-04:00","source":{"id":"0","name":"eventBus"}}
{"__type":"$$EventMessageNode","id":"227c37fb-192b-462a-945e-877b07bd21a6","ts":"2026-07-13T16:09:56.712-04:00","eventName":"n8n.node.started","message":"n8n.node.started","payload":{"workflowId":"4060d0nwMZdXJrUS","workflowName":"alert","executionId":"480","nodeType":"n8n-nodes-base.code","nodeName":"Code in JavaScript","nodeId":"847e0d93-8488-41ce-97de-68b297df2b47"}}
{"__type":"$$EventMessageConfirm","confirm":"227c37fb-192b-462a-945e-877b07bd21a6","ts":"2026-07-13T16:09:56.712-04:00","source":{"id":"0","name":"eventBus"}}
{"__type":"$$EventMessageRunner","id":"c88560cb-26b6-49e7-b62f-3cc3687945c1","ts":"2026-07-13T16:09:56.715-04:00","eventName":"n8n.runner.task.requested","message":"n8n.runner.task.requested","payload":{"taskId":"R8M_jzK8","nodeId":"847e0d93-8488-41ce-97de-68b297df2b47","workflowId":"4060d0nwMZdXJrUS","executionId":"480"}}
{"__type":"$$EventMessageConfirm","confirm":"c88560cb-26b6-49e7-b62f-3cc3687945c1","ts":"2026-07-13T16:09:56.715-04:00","source":{"id":"0","name":"eventBus"}}
{"__type":"$$EventMessageRunner","id":"5b1c3a73-f953-4df5-9599-1e7188bcf98a","ts":"2026-07-13T16:09:56.724-04:00","eventName":"n8n.runner.response.received","message":"n8n.runner.response.received","payload":{"taskId":"R8M_jzK8","nodeId":"847e0d93-8488-41ce-97de-68b297df2b47","workflowId":"4060d0nwMZdXJrUS","executionId":"480"}}
{"__type":"$$EventMessageConfirm","confirm":"5b1c3a73-f953-4df5-9599-1e7188bcf98a","ts":"2026-07-13T16:09:56.724-04:00","source":{"id":"0","name":"eventBus"}}
{"__type":"$$EventMessageNode","id":"d57ad2f5-a5c4-404e-a26f-40d1af0fd495","ts":"2026-07-13T16:09:56.724-04:00","eventName":"n8n.node.finished","message":"n8n.node.finished","payload":{"workflowId":"4060d0nwMZdXJrUS","workflowName":"alert","executionId":"480","nodeType":"n8n-nodes-base.code","nodeName":"Code in JavaScript","nodeId":"847e0d93-8488-41ce-97de-68b297df2b47"}}
{"__type":"$$EventMessageConfirm","confirm":"d57ad2f5-a5c4-404e-a26f-40d1af0fd495","ts":"2026-07-13T16:09:56.724-04:00","source":{"id":"0","name":"eventBus"}}
{"__type":"$$EventMessageNode","id":"3c345895-d684-4707-9981-cfa868c098ea","ts":"2026-07-13T16:09:56.725-04:00","eventName":"n8n.node.started","message":"n8n.node.started","payload":{"workflowId":"4060d0nwMZdXJrUS","workflowName":"alert","executionId":"480","nodeType":"n8n-nodes-base.if","nodeName":"If","nodeId":"a8f0bf21-8151-4783-a4a5-ac8e38d0da13"}}
{"__type":"$$EventMessageConfirm","confirm":"3c345895-d684-4707-9981-cfa868c098ea","ts":"2026-07-13T16:09:56.725-04:00","source":{"id":"0","name":"eventBus"}}
{"__type":"$$EventMessageNode","id":"b7761d7a-97e2-4722-b0b4-2759a8669f46","ts":"2026-07-13T16:09:56.726-04:00","eventName":"n8n.node.finished","message":"n8n.node.finished","payload":{"workflowId":"4060d0nwMZdXJrUS","workflowName":"alert","executionId":"480","nodeType":"n8n-nodes-base.if","nodeName":"If","nodeId":"a8f0bf21-8151-4783-a4a5-ac8e38d0da13"}}
{"__type":"$$EventMessageConfirm","confirm":"b7761d7a-97e2-4722-b0b4-2759a8669f46","ts":"2026-07-13T16:09:56.726-04:00","source":{"id":"0","name":"eventBus"}}
{"__type":"$$EventMessageNode","id":"176c5e0c-ed7f-4553-a8de-d11ef608bf96","ts":"2026-07-13T16:09:56.726-04:00","eventName":"n8n.node.started","message":"n8n.node.started","payload":{"workflowId":"4060d0nwMZdXJrUS","workflowName":"alert","executionId":"480","nodeType":"n8n-nodes-base.code","nodeName":"Code in JavaScript1","nodeId":"50b098bd-b40a-4c90-b2d4-eb880777eaff"}}
{"__type":"$$EventMessageConfirm","confirm":"176c5e0c-ed7f-4553-a8de-d11ef608bf96","ts":"2026-07-13T16:09:56.726-04:00","source":{"id":"0","name":"eventBus"}}
{"__type":"$$EventMessageRunner","id":"625a80df-82a1-49f6-af80-60aff2cdb639","ts":"2026-07-13T16:09:56.727-04:00","eventName":"n8n.runner.task.requested","message":"n8n.runner.task.requested","payload":{"taskId":"_w21aRwL","nodeId":"50b098bd-b40a-4c90-b2d4-eb880777eaff","workflowId":"4060d0nwMZdXJrUS","executionId":"480"}}
{"__type":"$$EventMessageConfirm","confirm":"625a80df-82a1-49f6-af80-60aff2cdb639","ts":"2026-07-13T16:09:56.727-04:00","source":{"id":"0","name":"eventBus"}}
{"__type":"$$EventMessageRunner","id":"b66eb677-313e-4bf5-8cdc-bd042d77b71a","ts":"2026-07-13T16:09:56.734-04:00","eventName":"n8n.runner.response.received","message":"n8n.runner.response.received","payload":{"taskId":"_w21aRwL","nodeId":"50b098bd-b40a-4c90-b2d4-eb880777eaff","workflowId":"4060d0nwMZdXJrUS","executionId":"480"}}
{"__type":"$$EventMessageConfirm","confirm":"b66eb677-313e-4bf5-8cdc-bd042d77b71a","ts":"2026-07-13T16:09:56.734-04:00","source":{"id":"0","name":"eventBus"}}
{"__type":"$$EventMessageNode","id":"67397cb6-8365-4da2-b485-d9dc9f6bd203","ts":"2026-07-13T16:09:56.734-04:00","eventName":"n8n.node.finished","message":"n8n.node.finished","payload":{"workflowId":"4060d0nwMZdXJrUS","workflowName":"alert","executionId":"480","nodeType":"n8n-nodes-base.code","nodeName":"Code in JavaScript1","nodeId":"50b098bd-b40a-4c90-b2d4-eb880777eaff"}}
{"__type":"$$EventMessageConfirm","confirm":"67397cb6-8365-4da2-b485-d9dc9f6bd203","ts":"2026-07-13T16:09:56.734-04:00","source":{"id":"0","name":"eventBus"}}
{"__type":"$$EventMessageWorkflow","id":"9c8aa626-4163-4210-9cea-977e7aedcbac","ts":"2026-07-13T16:09:56.735-04:00","eventName":"n8n.workflow.success","message":"n8n.workflow.success","payload":{"executionId":"480","success":true,"isManual":false,"mode":"webhook","workflowId":"4060d0nwMZdXJrUS","workflowName":"alert"}}
{"__type":"$$EventMessageConfirm","confirm":"9c8aa626-4163-4210-9cea-977e7aedcbac","ts":"2026-07-13T16:09:56.735-04:00","source":{"id":"0","name":"eventBus"}}
{"__type":"$$EventMessageWorkflow","id":"0c6e873a-039a-4434-ae42-de83d4cf34d6","ts":"2026-07-13T16:32:07.189-04:00","eventName":"n8n.workflow.started","message":"n8n.workflow.started","payload":{"executionId":"481","workflowId":"5VBKbuuujEvgdIGs","isManual":false,"mode":"webhook","workflowName":"power"}}
{"__type":"$$EventMessageConfirm","confirm":"0c6e873a-039a-4434-ae42-de83d4cf34d6","ts":"2026-07-13T16:32:07.190-04:00","source":{"id":"0","name":"eventBus"}}
{"__type":"$$EventMessageAudit","id":"77235310-c100-4ceb-9cb1-815f2f401853","ts":"2026-07-13T16:32:07.192-04:00","eventName":"n8n.audit.workflow.executed","message":"n8n.audit.workflow.executed","payload":{"workflowId":"5VBKbuuujEvgdIGs","workflowName":"power","executionId":"481","source":"webhook"}}
{"__type":"$$EventMessageConfirm","confirm":"77235310-c100-4ceb-9cb1-815f2f401853","ts":"2026-07-13T16:32:07.193-04:00","source":{"id":"0","name":"eventBus"}}
{"__type":"$$EventMessageNode","id":"77e07f48-590b-431f-98e9-2b516b16b6b9","ts":"2026-07-13T16:32:07.195-04:00","eventName":"n8n.node.started","message":"n8n.node.started","payload":{"workflowId":"5VBKbuuujEvgdIGs","workflowName":"power","executionId":"481","nodeType":"n8n-nodes-base.webhook","nodeName":"Webhook","nodeId":"d2f68568-3d63-4615-8950-d51b3313419d"}}
{"__type":"$$EventMessageConfirm","confirm":"77e07f48-590b-431f-98e9-2b516b16b6b9","ts":"2026-07-13T16:32:07.195-04:00","source":{"id":"0","name":"eventBus"}}
{"__type":"$$EventMessageNode","id":"64cefeb8-425c-4264-b517-f5eeb895b1e1","ts":"2026-07-13T16:32:07.195-04:00","eventName":"n8n.node.finished","message":"n8n.node.finished","payload":{"workflowId":"5VBKbuuujEvgdIGs","workflowName":"power","executionId":"481","nodeType":"n8n-nodes-base.webhook","nodeName":"Webhook","nodeId":"d2f68568-3d63-4615-8950-d51b3313419d"}}
{"__type":"$$EventMessageConfirm","confirm":"64cefeb8-425c-4264-b517-f5eeb895b1e1","ts":"2026-07-13T16:32:07.195-04:00","source":{"id":"0","name":"eventBus"}}
{"__type":"$$EventMessageNode","id":"3e605fcb-eb70-412e-8fa1-8c37a44680b9","ts":"2026-07-13T16:32:07.195-04:00","eventName":"n8n.node.started","message":"n8n.node.started","payload":{"workflowId":"5VBKbuuujEvgdIGs","workflowName":"power","executionId":"481","nodeType":"n8n-nodes-base.code","nodeName":"Code in JavaScript","nodeId":"60178211-232e-4f7a-8bd9-97a66e5b9ec0"}}
{"__type":"$$EventMessageConfirm","confirm":"3e605fcb-eb70-412e-8fa1-8c37a44680b9","ts":"2026-07-13T16:32:07.195-04:00","source":{"id":"0","name":"eventBus"}}
{"__type":"$$EventMessageRunner","id":"826f3160-e5fb-48f6-bbb0-285b118505a9","ts":"2026-07-13T16:32:07.206-04:00","eventName":"n8n.runner.task.requested","message":"n8n.runner.task.requested","payload":{"taskId":"DsMtXl_1","nodeId":"60178211-232e-4f7a-8bd9-97a66e5b9ec0","workflowId":"5VBKbuuujEvgdIGs","executionId":"481"}}
{"__type":"$$EventMessageConfirm","confirm":"826f3160-e5fb-48f6-bbb0-285b118505a9","ts":"2026-07-13T16:32:07.206-04:00","source":{"id":"0","name":"eventBus"}}
{"__type":"$$EventMessageRunner","id":"50054414-38f0-49ce-8f29-cced703ab6ce","ts":"2026-07-13T16:32:07.217-04:00","eventName":"n8n.runner.response.received","message":"n8n.runner.response.received","payload":{"taskId":"DsMtXl_1","nodeId":"60178211-232e-4f7a-8bd9-97a66e5b9ec0","workflowId":"5VBKbuuujEvgdIGs","executionId":"481"}}
{"__type":"$$EventMessageConfirm","confirm":"50054414-38f0-49ce-8f29-cced703ab6ce","ts":"2026-07-13T16:32:07.217-04:00","source":{"id":"0","name":"eventBus"}}
{"__type":"$$EventMessageNode","id":"b0c4df40-a8cf-4e9a-a6c1-418825ca2271","ts":"2026-07-13T16:32:07.218-04:00","eventName":"n8n.node.finished","message":"n8n.node.finished","payload":{"workflowId":"5VBKbuuujEvgdIGs","workflowName":"power","executionId":"481","nodeType":"n8n-nodes-base.code","nodeName":"Code in JavaScript","nodeId":"60178211-232e-4f7a-8bd9-97a66e5b9ec0"}}
{"__type":"$$EventMessageConfirm","confirm":"b0c4df40-a8cf-4e9a-a6c1-418825ca2271","ts":"2026-07-13T16:32:07.218-04:00","source":{"id":"0","name":"eventBus"}}
{"__type":"$$EventMessageNode","id":"33f0e517-edad-4b07-999d-f36782daee27","ts":"2026-07-13T16:32:07.218-04:00","eventName":"n8n.node.started","message":"n8n.node.started","payload":{"workflowId":"5VBKbuuujEvgdIGs","workflowName":"power","executionId":"481","nodeType":"n8n-nodes-base.code","nodeName":"Code in JavaScript1","nodeId":"21ac27dd-d85f-45cb-b48f-eb6a3465a56b"}}
{"__type":"$$EventMessageConfirm","confirm":"33f0e517-edad-4b07-999d-f36782daee27","ts":"2026-07-13T16:32:07.218-04:00","source":{"id":"0","name":"eventBus"}}
{"__type":"$$EventMessageRunner","id":"5fb15a48-64a3-404d-b4b2-a42d02929788","ts":"2026-07-13T16:32:07.232-04:00","eventName":"n8n.runner.task.requested","message":"n8n.runner.task.requested","payload":{"taskId":"WjU7l4NF","nodeId":"21ac27dd-d85f-45cb-b48f-eb6a3465a56b","workflowId":"5VBKbuuujEvgdIGs","executionId":"481"}}
{"__type":"$$EventMessageConfirm","confirm":"5fb15a48-64a3-404d-b4b2-a42d02929788","ts":"2026-07-13T16:32:07.232-04:00","source":{"id":"0","name":"eventBus"}}
{"__type":"$$EventMessageRunner","id":"48730d18-a99a-4ddd-a2b3-52ffa0bcf820","ts":"2026-07-13T16:32:07.284-04:00","eventName":"n8n.runner.response.received","message":"n8n.runner.response.received","payload":{"taskId":"WjU7l4NF","nodeId":"21ac27dd-d85f-45cb-b48f-eb6a3465a56b","workflowId":"5VBKbuuujEvgdIGs","executionId":"481"}}
{"__type":"$$EventMessageConfirm","confirm":"48730d18-a99a-4ddd-a2b3-52ffa0bcf820","ts":"2026-07-13T16:32:07.284-04:00","source":{"id":"0","name":"eventBus"}}
{"__type":"$$EventMessageNode","id":"7dded2fa-c206-4e6a-a49c-c053d9ae3dcd","ts":"2026-07-13T16:32:07.285-04:00","eventName":"n8n.node.finished","message":"n8n.node.finished","payload":{"workflowId":"5VBKbuuujEvgdIGs","workflowName":"power","executionId":"481","nodeType":"n8n-nodes-base.code","nodeName":"Code in JavaScript1","nodeId":"21ac27dd-d85f-45cb-b48f-eb6a3465a56b"}}
{"__type":"$$EventMessageConfirm","confirm":"7dded2fa-c206-4e6a-a49c-c053d9ae3dcd","ts":"2026-07-13T16:32:07.285-04:00","source":{"id":"0","name":"eventBus"}}
{"__type":"$$EventMessageWorkflow","id":"ace19613-a87e-447a-8d04-acb387e68c8a","ts":"2026-07-13T16:32:07.285-04:00","eventName":"n8n.workflow.success","message":"n8n.workflow.success","payload":{"executionId":"481","success":true,"isManual":false,"mode":"webhook","workflowId":"5VBKbuuujEvgdIGs","workflowName":"power"}}
{"__type":"$$EventMessageConfirm","confirm":"ace19613-a87e-447a-8d04-acb387e68c8a","ts":"2026-07-13T16:32:07.285-04:00","source":{"id":"0","name":"eventBus"}}
{"__type":"$$EventMessageWorkflow","id":"ac266395-67eb-424d-9174-e1bd361e1d7d","ts":"2026-07-13T16:32:07.451-04:00","eventName":"n8n.workflow.started","message":"n8n.workflow.started","payload":{"executionId":"482","workflowId":"HyiO9yqvE2q5kmov","isManual":false,"mode":"webhook","workflowName":"hvac"}}
{"__type":"$$EventMessageConfirm","confirm":"ac266395-67eb-424d-9174-e1bd361e1d7d","ts":"2026-07-13T16:32:07.451-04:00","source":{"id":"0","name":"eventBus"}}
{"__type":"$$EventMessageAudit","id":"a18c28dd-d605-4a5c-aa1a-b8ac07f7ef1b","ts":"2026-07-13T16:32:07.452-04:00","eventName":"n8n.audit.workflow.executed","message":"n8n.audit.workflow.executed","payload":{"workflowId":"HyiO9yqvE2q5kmov","workflowName":"hvac","executionId":"482","source":"webhook"}}
{"__type":"$$EventMessageConfirm","confirm":"a18c28dd-d605-4a5c-aa1a-b8ac07f7ef1b","ts":"2026-07-13T16:32:07.452-04:00","source":{"id":"0","name":"eventBus"}}
{"__type":"$$EventMessageNode","id":"2e18055f-a55f-487f-a32d-d86034b0724e","ts":"2026-07-13T16:32:07.463-04:00","eventName":"n8n.node.started","message":"n8n.node.started","payload":{"workflowId":"HyiO9yqvE2q5kmov","workflowName":"hvac","executionId":"482","nodeType":"n8n-nodes-base.webhook","nodeName":"Webhook","nodeId":"21c4bb7e-a362-421b-819b-e396631df92a"}}
{"__type":"$$EventMessageConfirm","confirm":"2e18055f-a55f-487f-a32d-d86034b0724e","ts":"2026-07-13T16:32:07.463-04:00","source":{"id":"0","name":"eventBus"}}
{"__type":"$$EventMessageNode","id":"7e8d9c1b-c4e3-4ab2-ab21-e8ce0b83c887","ts":"2026-07-13T16:32:07.464-04:00","eventName":"n8n.node.finished","message":"n8n.node.finished","payload":{"workflowId":"HyiO9yqvE2q5kmov","workflowName":"hvac","executionId":"482","nodeType":"n8n-nodes-base.webhook","nodeName":"Webhook","nodeId":"21c4bb7e-a362-421b-819b-e396631df92a"}}
{"__type":"$$EventMessageConfirm","confirm":"7e8d9c1b-c4e3-4ab2-ab21-e8ce0b83c887","ts":"2026-07-13T16:32:07.464-04:00","source":{"id":"0","name":"eventBus"}}
{"__type":"$$EventMessageNode","id":"5d033c56-30a5-4d58-97c6-2235a9a00dac","ts":"2026-07-13T16:32:07.464-04:00","eventName":"n8n.node.started","message":"n8n.node.started","payload":{"workflowId":"HyiO9yqvE2q5kmov","workflowName":"hvac","executionId":"482","nodeType":"n8n-nodes-base.code","nodeName":"Code in JavaScript","nodeId":"7f58ebee-2d23-411d-b5ed-d749b73e6774"}}
{"__type":"$$EventMessageConfirm","confirm":"5d033c56-30a5-4d58-97c6-2235a9a00dac","ts":"2026-07-13T16:32:07.464-04:00","source":{"id":"0","name":"eventBus"}}
{"__type":"$$EventMessageRunner","id":"7e53ebd1-1a00-4ef3-ae46-b685e3e7511d","ts":"2026-07-13T16:32:07.468-04:00","eventName":"n8n.runner.task.requested","message":"n8n.runner.task.requested","payload":{"taskId":"qVYUcdi9","nodeId":"7f58ebee-2d23-411d-b5ed-d749b73e6774","workflowId":"HyiO9yqvE2q5kmov","executionId":"482"}}
{"__type":"$$EventMessageConfirm","confirm":"7e53ebd1-1a00-4ef3-ae46-b685e3e7511d","ts":"2026-07-13T16:32:07.468-04:00","source":{"id":"0","name":"eventBus"}}
{"__type":"$$EventMessageRunner","id":"33108347-5559-412c-ab50-2be9f458da79","ts":"2026-07-13T16:32:07.495-04:00","eventName":"n8n.runner.response.received","message":"n8n.runner.response.received","payload":{"taskId":"qVYUcdi9","nodeId":"7f58ebee-2d23-411d-b5ed-d749b73e6774","workflowId":"HyiO9yqvE2q5kmov","executionId":"482"}}
{"__type":"$$EventMessageConfirm","confirm":"33108347-5559-412c-ab50-2be9f458da79","ts":"2026-07-13T16:32:07.495-04:00","source":{"id":"0","name":"eventBus"}}
{"__type":"$$EventMessageNode","id":"73b4618d-a142-4cef-88f1-d6dbc8a1b9c6","ts":"2026-07-13T16:32:07.495-04:00","eventName":"n8n.node.finished","message":"n8n.node.finished","payload":{"workflowId":"HyiO9yqvE2q5kmov","workflowName":"hvac","executionId":"482","nodeType":"n8n-nodes-base.code","nodeName":"Code in JavaScript","nodeId":"7f58ebee-2d23-411d-b5ed-d749b73e6774"}}
{"__type":"$$EventMessageConfirm","confirm":"73b4618d-a142-4cef-88f1-d6dbc8a1b9c6","ts":"2026-07-13T16:32:07.496-04:00","source":{"id":"0","name":"eventBus"}}
{"__type":"$$EventMessageNode","id":"c2c52510-c368-4a12-a25c-9778b0b2273e","ts":"2026-07-13T16:32:07.496-04:00","eventName":"n8n.node.started","message":"n8n.node.started","payload":{"workflowId":"HyiO9yqvE2q5kmov","workflowName":"hvac","executionId":"482","nodeType":"n8n-nodes-base.code","nodeName":"Code in JavaScript1","nodeId":"60f93297-09f2-4aac-9a87-0874737aa293"}}
{"__type":"$$EventMessageConfirm","confirm":"c2c52510-c368-4a12-a25c-9778b0b2273e","ts":"2026-07-13T16:32:07.496-04:00","source":{"id":"0","name":"eventBus"}}
{"__type":"$$EventMessageRunner","id":"6f6da2d4-ffe6-4326-9a20-fe9ed070a967","ts":"2026-07-13T16:32:07.501-04:00","eventName":"n8n.runner.task.requested","message":"n8n.runner.task.requested","payload":{"taskId":"9ryzaR9T","nodeId":"60f93297-09f2-4aac-9a87-0874737aa293","workflowId":"HyiO9yqvE2q5kmov","executionId":"482"}}
{"__type":"$$EventMessageConfirm","confirm":"6f6da2d4-ffe6-4326-9a20-fe9ed070a967","ts":"2026-07-13T16:32:07.501-04:00","source":{"id":"0","name":"eventBus"}}
{"__type":"$$EventMessageRunner","id":"bd2cdc3d-9955-4e5b-88f0-329ff9cc33cd","ts":"2026-07-13T16:32:07.529-04:00","eventName":"n8n.runner.response.received","message":"n8n.runner.response.received","payload":{"taskId":"9ryzaR9T","nodeId":"60f93297-09f2-4aac-9a87-0874737aa293","workflowId":"HyiO9yqvE2q5kmov","executionId":"482"}}
{"__type":"$$EventMessageConfirm","confirm":"bd2cdc3d-9955-4e5b-88f0-329ff9cc33cd","ts":"2026-07-13T16:32:07.529-04:00","source":{"id":"0","name":"eventBus"}}
{"__type":"$$EventMessageNode","id":"24a2d6ad-8406-407f-8290-2ec53c842628","ts":"2026-07-13T16:32:07.530-04:00","eventName":"n8n.node.finished","message":"n8n.node.finished","payload":{"workflowId":"HyiO9yqvE2q5kmov","workflowName":"hvac","executionId":"482","nodeType":"n8n-nodes-base.code","nodeName":"Code in JavaScript1","nodeId":"60f93297-09f2-4aac-9a87-0874737aa293"}}
{"__type":"$$EventMessageConfirm","confirm":"24a2d6ad-8406-407f-8290-2ec53c842628","ts":"2026-07-13T16:32:07.530-04:00","source":{"id":"0","name":"eventBus"}}
{"__type":"$$EventMessageWorkflow","id":"3d977b66-0699-4a3c-8bf2-b289ae73ec02","ts":"2026-07-13T16:32:07.530-04:00","eventName":"n8n.workflow.success","message":"n8n.workflow.success","payload":{"executionId":"482","success":true,"isManual":false,"mode":"webhook","workflowId":"HyiO9yqvE2q5kmov","workflowName":"hvac"}}
{"__type":"$$EventMessageConfirm","confirm":"3d977b66-0699-4a3c-8bf2-b289ae73ec02","ts":"2026-07-13T16:32:07.530-04:00","source":{"id":"0","name":"eventBus"}}
{"__type":"$$EventMessageWorkflow","id":"cb48411f-1b58-4de3-9b7f-8a189c4e58a0","ts":"2026-07-13T16:32:07.779-04:00","eventName":"n8n.workflow.started","message":"n8n.workflow.started","payload":{"executionId":"483","workflowId":"4060d0nwMZdXJrUS","isManual":false,"mode":"webhook","workflowName":"alert"}}
{"__type":"$$EventMessageConfirm","confirm":"cb48411f-1b58-4de3-9b7f-8a189c4e58a0","ts":"2026-07-13T16:32:07.779-04:00","source":{"id":"0","name":"eventBus"}}
{"__type":"$$EventMessageAudit","id":"39d58315-a513-4993-ac02-4f0b21e42713","ts":"2026-07-13T16:32:07.781-04:00","eventName":"n8n.audit.workflow.executed","message":"n8n.audit.workflow.executed","payload":{"workflowId":"4060d0nwMZdXJrUS","workflowName":"alert","executionId":"483","source":"webhook"}}
{"__type":"$$EventMessageConfirm","confirm":"39d58315-a513-4993-ac02-4f0b21e42713","ts":"2026-07-13T16:32:07.790-04:00","source":{"id":"0","name":"eventBus"}}
{"__type":"$$EventMessageNode","id":"6b414aa8-b1f6-4522-84fe-89b3f3ba5347","ts":"2026-07-13T16:32:07.792-04:00","eventName":"n8n.node.started","message":"n8n.node.started","payload":{"workflowId":"4060d0nwMZdXJrUS","workflowName":"alert","executionId":"483","nodeType":"n8n-nodes-base.webhook","nodeName":"Webhook","nodeId":"45b9a4be-0184-403c-83f3-41cbd14731c8"}}
{"__type":"$$EventMessageConfirm","confirm":"6b414aa8-b1f6-4522-84fe-89b3f3ba5347","ts":"2026-07-13T16:32:07.792-04:00","source":{"id":"0","name":"eventBus"}}
{"__type":"$$EventMessageNode","id":"84bbd55a-244a-4042-9eb8-4ba60fd15109","ts":"2026-07-13T16:32:07.793-04:00","eventName":"n8n.node.finished","message":"n8n.node.finished","payload":{"workflowId":"4060d0nwMZdXJrUS","workflowName":"alert","executionId":"483","nodeType":"n8n-nodes-base.webhook","nodeName":"Webhook","nodeId":"45b9a4be-0184-403c-83f3-41cbd14731c8"}}
{"__type":"$$EventMessageConfirm","confirm":"84bbd55a-244a-4042-9eb8-4ba60fd15109","ts":"2026-07-13T16:32:07.793-04:00","source":{"id":"0","name":"eventBus"}}
{"__type":"$$EventMessageNode","id":"e4b6a07c-db65-415a-8b7c-3629fd4504a3","ts":"2026-07-13T16:32:07.793-04:00","eventName":"n8n.node.started","message":"n8n.node.started","payload":{"workflowId":"4060d0nwMZdXJrUS","workflowName":"alert","executionId":"483","nodeType":"n8n-nodes-base.code","nodeName":"Code in JavaScript","nodeId":"847e0d93-8488-41ce-97de-68b297df2b47"}}
{"__type":"$$EventMessageConfirm","confirm":"e4b6a07c-db65-415a-8b7c-3629fd4504a3","ts":"2026-07-13T16:32:07.793-04:00","source":{"id":"0","name":"eventBus"}}
{"__type":"$$EventMessageRunner","id":"d1c73586-c35a-446e-89d1-256328ecf3de","ts":"2026-07-13T16:32:07.796-04:00","eventName":"n8n.runner.task.requested","message":"n8n.runner.task.requested","payload":{"taskId":"DtTdYVF4","nodeId":"847e0d93-8488-41ce-97de-68b297df2b47","workflowId":"4060d0nwMZdXJrUS","executionId":"483"}}
{"__type":"$$EventMessageConfirm","confirm":"d1c73586-c35a-446e-89d1-256328ecf3de","ts":"2026-07-13T16:32:07.796-04:00","source":{"id":"0","name":"eventBus"}}
{"__type":"$$EventMessageRunner","id":"c79a3dc2-97d1-43dd-9a7c-233b17888ae8","ts":"2026-07-13T16:32:07.817-04:00","eventName":"n8n.runner.response.received","message":"n8n.runner.response.received","payload":{"taskId":"DtTdYVF4","nodeId":"847e0d93-8488-41ce-97de-68b297df2b47","workflowId":"4060d0nwMZdXJrUS","executionId":"483"}}
{"__type":"$$EventMessageConfirm","confirm":"c79a3dc2-97d1-43dd-9a7c-233b17888ae8","ts":"2026-07-13T16:32:07.817-04:00","source":{"id":"0","name":"eventBus"}}
{"__type":"$$EventMessageNode","id":"1895eaee-d38a-4f13-8b0b-d137cd1d181d","ts":"2026-07-13T16:32:07.818-04:00","eventName":"n8n.node.finished","message":"n8n.node.finished","payload":{"workflowId":"4060d0nwMZdXJrUS","workflowName":"alert","executionId":"483","nodeType":"n8n-nodes-base.code","nodeName":"Code in JavaScript","nodeId":"847e0d93-8488-41ce-97de-68b297df2b47"}}
{"__type":"$$EventMessageConfirm","confirm":"1895eaee-d38a-4f13-8b0b-d137cd1d181d","ts":"2026-07-13T16:32:07.818-04:00","source":{"id":"0","name":"eventBus"}}
{"__type":"$$EventMessageNode","id":"79903fe1-c203-43c6-8932-06b1c040be7a","ts":"2026-07-13T16:32:07.819-04:00","eventName":"n8n.node.started","message":"n8n.node.started","payload":{"workflowId":"4060d0nwMZdXJrUS","workflowName":"alert","executionId":"483","nodeType":"n8n-nodes-base.if","nodeName":"If","nodeId":"a8f0bf21-8151-4783-a4a5-ac8e38d0da13"}}
{"__type":"$$EventMessageConfirm","confirm":"79903fe1-c203-43c6-8932-06b1c040be7a","ts":"2026-07-13T16:32:07.819-04:00","source":{"id":"0","name":"eventBus"}}
{"__type":"$$EventMessageNode","id":"1bb34cab-57b4-41b8-8adc-73da2b7d7f20","ts":"2026-07-13T16:32:07.824-04:00","eventName":"n8n.node.finished","message":"n8n.node.finished","payload":{"workflowId":"4060d0nwMZdXJrUS","workflowName":"alert","executionId":"483","nodeType":"n8n-nodes-base.if","nodeName":"If","nodeId":"a8f0bf21-8151-4783-a4a5-ac8e38d0da13"}}
{"__type":"$$EventMessageConfirm","confirm":"1bb34cab-57b4-41b8-8adc-73da2b7d7f20","ts":"2026-07-13T16:32:07.824-04:00","source":{"id":"0","name":"eventBus"}}
{"__type":"$$EventMessageNode","id":"1fa40aa9-2f38-44e3-982e-fa0fde64fb96","ts":"2026-07-13T16:32:07.824-04:00","eventName":"n8n.node.started","message":"n8n.node.started","payload":{"workflowId":"4060d0nwMZdXJrUS","workflowName":"alert","executionId":"483","nodeType":"n8n-nodes-base.code","nodeName":"Code in JavaScript1","nodeId":"50b098bd-b40a-4c90-b2d4-eb880777eaff"}}
{"__type":"$$EventMessageConfirm","confirm":"1fa40aa9-2f38-44e3-982e-fa0fde64fb96","ts":"2026-07-13T16:32:07.824-04:00","source":{"id":"0","name":"eventBus"}}
{"__type":"$$EventMessageRunner","id":"430c10e9-9c96-4ca6-baff-c5155b9e7d1f","ts":"2026-07-13T16:32:07.826-04:00","eventName":"n8n.runner.task.requested","message":"n8n.runner.task.requested","payload":{"taskId":"s7akbx_j","nodeId":"50b098bd-b40a-4c90-b2d4-eb880777eaff","workflowId":"4060d0nwMZdXJrUS","executionId":"483"}}
{"__type":"$$EventMessageConfirm","confirm":"430c10e9-9c96-4ca6-baff-c5155b9e7d1f","ts":"2026-07-13T16:32:07.827-04:00","source":{"id":"0","name":"eventBus"}}
{"__type":"$$EventMessageRunner","id":"599691fa-a186-4f43-b9ec-0125cc6b80f7","ts":"2026-07-13T16:32:07.845-04:00","eventName":"n8n.runner.response.received","message":"n8n.runner.response.received","payload":{"taskId":"s7akbx_j","nodeId":"50b098bd-b40a-4c90-b2d4-eb880777eaff","workflowId":"4060d0nwMZdXJrUS","executionId":"483"}}
{"__type":"$$EventMessageConfirm","confirm":"599691fa-a186-4f43-b9ec-0125cc6b80f7","ts":"2026-07-13T16:32:07.845-04:00","source":{"id":"0","name":"eventBus"}}
{"__type":"$$EventMessageNode","id":"814422d5-fe72-4591-8de4-4db8827cfff6","ts":"2026-07-13T16:32:07.846-04:00","eventName":"n8n.node.finished","message":"n8n.node.finished","payload":{"workflowId":"4060d0nwMZdXJrUS","workflowName":"alert","executionId":"483","nodeType":"n8n-nodes-base.code","nodeName":"Code in JavaScript1","nodeId":"50b098bd-b40a-4c90-b2d4-eb880777eaff"}}
{"__type":"$$EventMessageConfirm","confirm":"814422d5-fe72-4591-8de4-4db8827cfff6","ts":"2026-07-13T16:32:07.846-04:00","source":{"id":"0","name":"eventBus"}}
{"__type":"$$EventMessageWorkflow","id":"5b2bc10e-4b6d-4ed5-ada2-603e7e3c6084","ts":"2026-07-13T16:32:07.846-04:00","eventName":"n8n.workflow.success","message":"n8n.workflow.success","payload":{"executionId":"483","success":true,"isManual":false,"mode":"webhook","workflowId":"4060d0nwMZdXJrUS","workflowName":"alert"}}
{"__type":"$$EventMessageConfirm","confirm":"5b2bc10e-4b6d-4ed5-ada2-603e7e3c6084","ts":"2026-07-13T16:32:07.846-04:00","source":{"id":"0","name":"eventBus"}}
{"__type":"$$EventMessageWorkflow","id":"4a0239df-bbca-42ce-8268-17b1f9384031","ts":"2026-07-13T16:33:46.657-04:00","eventName":"n8n.workflow.started","message":"n8n.workflow.started","payload":{"executionId":"484","workflowId":"4060d0nwMZdXJrUS","isManual":false,"mode":"webhook","workflowName":"alert"}}
{"__type":"$$EventMessageConfirm","confirm":"4a0239df-bbca-42ce-8268-17b1f9384031","ts":"2026-07-13T16:33:46.658-04:00","source":{"id":"0","name":"eventBus"}}
{"__type":"$$EventMessageAudit","id":"b5f17458-012a-47aa-8f5e-ab91edd5b770","ts":"2026-07-13T16:33:46.659-04:00","eventName":"n8n.audit.workflow.executed","message":"n8n.audit.workflow.executed","payload":{"workflowId":"4060d0nwMZdXJrUS","workflowName":"alert","executionId":"484","source":"webhook"}}
{"__type":"$$EventMessageConfirm","confirm":"b5f17458-012a-47aa-8f5e-ab91edd5b770","ts":"2026-07-13T16:33:46.659-04:00","source":{"id":"0","name":"eventBus"}}
{"__type":"$$EventMessageNode","id":"1a8634e9-e7da-468b-a0a9-c7217b18c5de","ts":"2026-07-13T16:33:46.660-04:00","eventName":"n8n.node.started","message":"n8n.node.started","payload":{"workflowId":"4060d0nwMZdXJrUS","workflowName":"alert","executionId":"484","nodeType":"n8n-nodes-base.webhook","nodeName":"Webhook","nodeId":"45b9a4be-0184-403c-83f3-41cbd14731c8"}}
{"__type":"$$EventMessageConfirm","confirm":"1a8634e9-e7da-468b-a0a9-c7217b18c5de","ts":"2026-07-13T16:33:46.661-04:00","source":{"id":"0","name":"eventBus"}}
{"__type":"$$EventMessageNode","id":"87349d5c-d630-47e4-897c-45a245766f0f","ts":"2026-07-13T16:33:46.661-04:00","eventName":"n8n.node.finished","message":"n8n.node.finished","payload":{"workflowId":"4060d0nwMZdXJrUS","workflowName":"alert","executionId":"484","nodeType":"n8n-nodes-base.webhook","nodeName":"Webhook","nodeId":"45b9a4be-0184-403c-83f3-41cbd14731c8"}}
{"__type":"$$EventMessageConfirm","confirm":"87349d5c-d630-47e4-897c-45a245766f0f","ts":"2026-07-13T16:33:46.661-04:00","source":{"id":"0","name":"eventBus"}}
{"__type":"$$EventMessageNode","id":"0b87690e-ed91-47a3-83b0-3bc6f14508f2","ts":"2026-07-13T16:33:46.662-04:00","eventName":"n8n.node.started","message":"n8n.node.started","payload":{"workflowId":"4060d0nwMZdXJrUS","workflowName":"alert","executionId":"484","nodeType":"n8n-nodes-base.code","nodeName":"Code in JavaScript","nodeId":"847e0d93-8488-41ce-97de-68b297df2b47"}}
{"__type":"$$EventMessageConfirm","confirm":"0b87690e-ed91-47a3-83b0-3bc6f14508f2","ts":"2026-07-13T16:33:46.662-04:00","source":{"id":"0","name":"eventBus"}}
{"__type":"$$EventMessageRunner","id":"f611c490-b98c-4c0f-9e4e-ef70a39fdb3f","ts":"2026-07-13T16:33:46.670-04:00","eventName":"n8n.runner.task.requested","message":"n8n.runner.task.requested","payload":{"taskId":"6ID-sUx-","nodeId":"847e0d93-8488-41ce-97de-68b297df2b47","workflowId":"4060d0nwMZdXJrUS","executionId":"484"}}
{"__type":"$$EventMessageConfirm","confirm":"f611c490-b98c-4c0f-9e4e-ef70a39fdb3f","ts":"2026-07-13T16:33:46.671-04:00","source":{"id":"0","name":"eventBus"}}
{"__type":"$$EventMessageRunner","id":"1c42ca16-9571-4d78-885c-ff66054d7cca","ts":"2026-07-13T16:33:46.680-04:00","eventName":"n8n.runner.response.received","message":"n8n.runner.response.received","payload":{"taskId":"6ID-sUx-","nodeId":"847e0d93-8488-41ce-97de-68b297df2b47","workflowId":"4060d0nwMZdXJrUS","executionId":"484"}}
{"__type":"$$EventMessageConfirm","confirm":"1c42ca16-9571-4d78-885c-ff66054d7cca","ts":"2026-07-13T16:33:46.680-04:00","source":{"id":"0","name":"eventBus"}}
{"__type":"$$EventMessageNode","id":"4ecdae75-f6d8-4a4a-97c6-d394359d4f5b","ts":"2026-07-13T16:33:46.681-04:00","eventName":"n8n.node.finished","message":"n8n.node.finished","payload":{"workflowId":"4060d0nwMZdXJrUS","workflowName":"alert","executionId":"484","nodeType":"n8n-nodes-base.code","nodeName":"Code in JavaScript","nodeId":"847e0d93-8488-41ce-97de-68b297df2b47"}}
{"__type":"$$EventMessageConfirm","confirm":"4ecdae75-f6d8-4a4a-97c6-d394359d4f5b","ts":"2026-07-13T16:33:46.684-04:00","source":{"id":"0","name":"eventBus"}}
{"__type":"$$EventMessageNode","id":"7abe665d-74cf-4ffc-a0a9-11ac45064469","ts":"2026-07-13T16:33:46.685-04:00","eventName":"n8n.node.started","message":"n8n.node.started","payload":{"workflowId":"4060d0nwMZdXJrUS","workflowName":"alert","executionId":"484","nodeType":"n8n-nodes-base.if","nodeName":"If","nodeId":"a8f0bf21-8151-4783-a4a5-ac8e38d0da13"}}
{"__type":"$$EventMessageConfirm","confirm":"7abe665d-74cf-4ffc-a0a9-11ac45064469","ts":"2026-07-13T16:33:46.685-04:00","source":{"id":"0","name":"eventBus"}}
{"__type":"$$EventMessageNode","id":"fddae3ee-0c88-41a3-b016-4af8b20583df","ts":"2026-07-13T16:33:46.687-04:00","eventName":"n8n.node.finished","message":"n8n.node.finished","payload":{"workflowId":"4060d0nwMZdXJrUS","workflowName":"alert","executionId":"484","nodeType":"n8n-nodes-base.if","nodeName":"If","nodeId":"a8f0bf21-8151-4783-a4a5-ac8e38d0da13"}}
{"__type":"$$EventMessageConfirm","confirm":"fddae3ee-0c88-41a3-b016-4af8b20583df","ts":"2026-07-13T16:33:46.687-04:00","source":{"id":"0","name":"eventBus"}}
{"__type":"$$EventMessageNode","id":"f5ceec8a-9045-4b0a-9e14-0ff0f7f365e6","ts":"2026-07-13T16:33:46.687-04:00","eventName":"n8n.node.started","message":"n8n.node.started","payload":{"workflowId":"4060d0nwMZdXJrUS","workflowName":"alert","executionId":"484","nodeType":"n8n-nodes-base.code","nodeName":"Code in JavaScript2","nodeId":"6269d19a-dac3-4618-b12a-14bc32900427"}}
{"__type":"$$EventMessageConfirm","confirm":"f5ceec8a-9045-4b0a-9e14-0ff0f7f365e6","ts":"2026-07-13T16:33:46.687-04:00","source":{"id":"0","name":"eventBus"}}
{"__type":"$$EventMessageRunner","id":"cee79210-3715-436e-9fdb-555ad4770605","ts":"2026-07-13T16:33:46.689-04:00","eventName":"n8n.runner.task.requested","message":"n8n.runner.task.requested","payload":{"taskId":"hyTjMkWd","nodeId":"6269d19a-dac3-4618-b12a-14bc32900427","workflowId":"4060d0nwMZdXJrUS","executionId":"484"}}
{"__type":"$$EventMessageConfirm","confirm":"cee79210-3715-436e-9fdb-555ad4770605","ts":"2026-07-13T16:33:46.689-04:00","source":{"id":"0","name":"eventBus"}}
{"__type":"$$EventMessageRunner","id":"b4f13243-22df-4865-85d8-56cd3781247d","ts":"2026-07-13T16:33:46.701-04:00","eventName":"n8n.runner.response.received","message":"n8n.runner.response.received","payload":{"taskId":"hyTjMkWd","nodeId":"6269d19a-dac3-4618-b12a-14bc32900427","workflowId":"4060d0nwMZdXJrUS","executionId":"484"}}
{"__type":"$$EventMessageConfirm","confirm":"b4f13243-22df-4865-85d8-56cd3781247d","ts":"2026-07-13T16:33:46.701-04:00","source":{"id":"0","name":"eventBus"}}
{"__type":"$$EventMessageNode","id":"64e1f630-75d2-4e02-8462-16642ba736c0","ts":"2026-07-13T16:33:46.701-04:00","eventName":"n8n.node.finished","message":"n8n.node.finished","payload":{"workflowId":"4060d0nwMZdXJrUS","workflowName":"alert","executionId":"484","nodeType":"n8n-nodes-base.code","nodeName":"Code in JavaScript2","nodeId":"6269d19a-dac3-4618-b12a-14bc32900427"}}
{"__type":"$$EventMessageConfirm","confirm":"64e1f630-75d2-4e02-8462-16642ba736c0","ts":"2026-07-13T16:33:46.702-04:00","source":{"id":"0","name":"eventBus"}}
{"__type":"$$EventMessageWorkflow","id":"c7ab4c6d-9b74-456c-b3ea-72f0149331cb","ts":"2026-07-13T16:33:46.702-04:00","eventName":"n8n.workflow.success","message":"n8n.workflow.success","payload":{"executionId":"484","success":true,"isManual":false,"mode":"webhook","workflowId":"4060d0nwMZdXJrUS","workflowName":"alert"}}
{"__type":"$$EventMessageConfirm","confirm":"c7ab4c6d-9b74-456c-b3ea-72f0149331cb","ts":"2026-07-13T16:33:46.702-04:00","source":{"id":"0","name":"eventBus"}}
{"__type":"$$EventMessageWorkflow","id":"d6cdfa60-4272-41e7-81e8-feedfe9a5909","ts":"2026-07-13T16:35:00.618-04:00","eventName":"n8n.workflow.started","message":"n8n.workflow.started","payload":{"executionId":"485","workflowId":"csjSBc51yUkh2vRH","isManual":false,"mode":"webhook","workflowName":"fire"}}
{"__type":"$$EventMessageConfirm","confirm":"d6cdfa60-4272-41e7-81e8-feedfe9a5909","ts":"2026-07-13T16:35:00.618-04:00","source":{"id":"0","name":"eventBus"}}
{"__type":"$$EventMessageAudit","id":"70cc1d4b-c544-442c-a04f-e93f26b1832f","ts":"2026-07-13T16:35:00.620-04:00","eventName":"n8n.audit.workflow.executed","message":"n8n.audit.workflow.executed","payload":{"workflowId":"csjSBc51yUkh2vRH","workflowName":"fire","executionId":"485","source":"webhook"}}
{"__type":"$$EventMessageConfirm","confirm":"70cc1d4b-c544-442c-a04f-e93f26b1832f","ts":"2026-07-13T16:35:00.620-04:00","source":{"id":"0","name":"eventBus"}}
{"__type":"$$EventMessageNode","id":"d310f49e-bf20-4fc1-b8dc-ef708863cdf5","ts":"2026-07-13T16:35:00.621-04:00","eventName":"n8n.node.started","message":"n8n.node.started","payload":{"workflowId":"csjSBc51yUkh2vRH","workflowName":"fire","executionId":"485","nodeType":"n8n-nodes-base.webhook","nodeName":"Webhook","nodeId":"24e7bc53-ee06-4b53-b753-97a049b3327b"}}
{"__type":"$$EventMessageConfirm","confirm":"d310f49e-bf20-4fc1-b8dc-ef708863cdf5","ts":"2026-07-13T16:35:00.622-04:00","source":{"id":"0","name":"eventBus"}}
{"__type":"$$EventMessageNode","id":"9adb8cda-30c0-4137-9d62-23b64ad4b004","ts":"2026-07-13T16:35:00.622-04:00","eventName":"n8n.node.finished","message":"n8n.node.finished","payload":{"workflowId":"csjSBc51yUkh2vRH","workflowName":"fire","executionId":"485","nodeType":"n8n-nodes-base.webhook","nodeName":"Webhook","nodeId":"24e7bc53-ee06-4b53-b753-97a049b3327b"}}
{"__type":"$$EventMessageConfirm","confirm":"9adb8cda-30c0-4137-9d62-23b64ad4b004","ts":"2026-07-13T16:35:00.626-04:00","source":{"id":"0","name":"eventBus"}}
{"__type":"$$EventMessageNode","id":"b297fbf6-235e-4e6b-9c4d-158e559ca17f","ts":"2026-07-13T16:35:00.627-04:00","eventName":"n8n.node.started","message":"n8n.node.started","payload":{"workflowId":"csjSBc51yUkh2vRH","workflowName":"fire","executionId":"485","nodeType":"n8n-nodes-base.code","nodeName":"Code in JavaScript","nodeId":"f271c744-c46c-4766-b045-ed1d8821c40d"}}
{"__type":"$$EventMessageConfirm","confirm":"b297fbf6-235e-4e6b-9c4d-158e559ca17f","ts":"2026-07-13T16:35:00.627-04:00","source":{"id":"0","name":"eventBus"}}
{"__type":"$$EventMessageRunner","id":"241486b6-958e-471c-abc1-024534f0d171","ts":"2026-07-13T16:35:00.631-04:00","eventName":"n8n.runner.task.requested","message":"n8n.runner.task.requested","payload":{"taskId":"fLElzIh6","nodeId":"f271c744-c46c-4766-b045-ed1d8821c40d","workflowId":"csjSBc51yUkh2vRH","executionId":"485"}}
{"__type":"$$EventMessageConfirm","confirm":"241486b6-958e-471c-abc1-024534f0d171","ts":"2026-07-13T16:35:00.631-04:00","source":{"id":"0","name":"eventBus"}}
{"__type":"$$EventMessageRunner","id":"75a796f6-e9fc-4e6a-9cdb-a6571fc3d778","ts":"2026-07-13T16:35:00.676-04:00","eventName":"n8n.runner.response.received","message":"n8n.runner.response.received","payload":{"taskId":"fLElzIh6","nodeId":"f271c744-c46c-4766-b045-ed1d8821c40d","workflowId":"csjSBc51yUkh2vRH","executionId":"485"}}
{"__type":"$$EventMessageConfirm","confirm":"75a796f6-e9fc-4e6a-9cdb-a6571fc3d778","ts":"2026-07-13T16:35:00.676-04:00","source":{"id":"0","name":"eventBus"}}
{"__type":"$$EventMessageNode","id":"297e24f1-948a-46ea-b7aa-e2ec788cdc87","ts":"2026-07-13T16:35:00.678-04:00","eventName":"n8n.node.finished","message":"n8n.node.finished","payload":{"workflowId":"csjSBc51yUkh2vRH","workflowName":"fire","executionId":"485","nodeType":"n8n-nodes-base.code","nodeName":"Code in JavaScript","nodeId":"f271c744-c46c-4766-b045-ed1d8821c40d"}}
{"__type":"$$EventMessageConfirm","confirm":"297e24f1-948a-46ea-b7aa-e2ec788cdc87","ts":"2026-07-13T16:35:00.678-04:00","source":{"id":"0","name":"eventBus"}}
{"__type":"$$EventMessageNode","id":"73bb45fc-4338-4590-a0f6-91c339d8cdf9","ts":"2026-07-13T16:35:00.678-04:00","eventName":"n8n.node.started","message":"n8n.node.started","payload":{"workflowId":"csjSBc51yUkh2vRH","workflowName":"fire","executionId":"485","nodeType":"n8n-nodes-base.code","nodeName":"Code in JavaScript1","nodeId":"3cd55fa9-d0e9-43ab-b0ba-fe5047c0e593"}}
{"__type":"$$EventMessageConfirm","confirm":"73bb45fc-4338-4590-a0f6-91c339d8cdf9","ts":"2026-07-13T16:35:00.679-04:00","source":{"id":"0","name":"eventBus"}}
{"__type":"$$EventMessageRunner","id":"ea4dd65b-11be-4419-bf93-b10f365ca5c5","ts":"2026-07-13T16:35:00.685-04:00","eventName":"n8n.runner.task.requested","message":"n8n.runner.task.requested","payload":{"taskId":"EBlhgNHc","nodeId":"3cd55fa9-d0e9-43ab-b0ba-fe5047c0e593","workflowId":"csjSBc51yUkh2vRH","executionId":"485"}}
{"__type":"$$EventMessageConfirm","confirm":"ea4dd65b-11be-4419-bf93-b10f365ca5c5","ts":"2026-07-13T16:35:00.685-04:00","source":{"id":"0","name":"eventBus"}}
{"__type":"$$EventMessageRunner","id":"d6ef8313-5eda-43b9-a955-04c2190ba0ac","ts":"2026-07-13T16:35:00.700-04:00","eventName":"n8n.runner.response.received","message":"n8n.runner.response.received","payload":{"taskId":"EBlhgNHc","nodeId":"3cd55fa9-d0e9-43ab-b0ba-fe5047c0e593","workflowId":"csjSBc51yUkh2vRH","executionId":"485"}}
{"__type":"$$EventMessageConfirm","confirm":"d6ef8313-5eda-43b9-a955-04c2190ba0ac","ts":"2026-07-13T16:35:00.701-04:00","source":{"id":"0","name":"eventBus"}}
{"__type":"$$EventMessageNode","id":"2d5d1a2c-4fe3-46f0-a493-06528c4adce9","ts":"2026-07-13T16:35:00.701-04:00","eventName":"n8n.node.finished","message":"n8n.node.finished","payload":{"workflowId":"csjSBc51yUkh2vRH","workflowName":"fire","executionId":"485","nodeType":"n8n-nodes-base.code","nodeName":"Code in JavaScript1","nodeId":"3cd55fa9-d0e9-43ab-b0ba-fe5047c0e593"}}
{"__type":"$$EventMessageConfirm","confirm":"2d5d1a2c-4fe3-46f0-a493-06528c4adce9","ts":"2026-07-13T16:35:00.701-04:00","source":{"id":"0","name":"eventBus"}}
{"__type":"$$EventMessageWorkflow","id":"be043e9d-8bcd-4dc4-aacb-77552021bdb8","ts":"2026-07-13T16:35:00.701-04:00","eventName":"n8n.workflow.success","message":"n8n.workflow.success","payload":{"executionId":"485","success":true,"isManual":false,"mode":"webhook","workflowId":"csjSBc51yUkh2vRH","workflowName":"fire"}}
{"__type":"$$EventMessageConfirm","confirm":"be043e9d-8bcd-4dc4-aacb-77552021bdb8","ts":"2026-07-13T16:35:00.702-04:00","source":{"id":"0","name":"eventBus"}}
{"__type":"$$EventMessageWorkflow","id":"bc0f4b91-77bc-4c90-90f1-67d079d6ec5b","ts":"2026-07-13T16:35:00.845-04:00","eventName":"n8n.workflow.started","message":"n8n.workflow.started","payload":{"executionId":"486","workflowId":"4060d0nwMZdXJrUS","isManual":false,"mode":"webhook","workflowName":"alert"}}
{"__type":"$$EventMessageConfirm","confirm":"bc0f4b91-77bc-4c90-90f1-67d079d6ec5b","ts":"2026-07-13T16:35:00.845-04:00","source":{"id":"0","name":"eventBus"}}
{"__type":"$$EventMessageAudit","id":"4dc9f136-de3e-4365-841b-28218b838480","ts":"2026-07-13T16:35:00.847-04:00","eventName":"n8n.audit.workflow.executed","message":"n8n.audit.workflow.executed","payload":{"workflowId":"4060d0nwMZdXJrUS","workflowName":"alert","executionId":"486","source":"webhook"}}
{"__type":"$$EventMessageConfirm","confirm":"4dc9f136-de3e-4365-841b-28218b838480","ts":"2026-07-13T16:35:00.848-04:00","source":{"id":"0","name":"eventBus"}}
{"__type":"$$EventMessageNode","id":"b114deb7-e71d-4fd7-8f56-2ea8a13a9972","ts":"2026-07-13T16:35:00.850-04:00","eventName":"n8n.node.started","message":"n8n.node.started","payload":{"workflowId":"4060d0nwMZdXJrUS","workflowName":"alert","executionId":"486","nodeType":"n8n-nodes-base.webhook","nodeName":"Webhook","nodeId":"45b9a4be-0184-403c-83f3-41cbd14731c8"}}
{"__type":"$$EventMessageConfirm","confirm":"b114deb7-e71d-4fd7-8f56-2ea8a13a9972","ts":"2026-07-13T16:35:00.850-04:00","source":{"id":"0","name":"eventBus"}}
{"__type":"$$EventMessageNode","id":"c1120519-8a22-497a-a6ef-4d81fb924d8f","ts":"2026-07-13T16:35:00.851-04:00","eventName":"n8n.node.finished","message":"n8n.node.finished","payload":{"workflowId":"4060d0nwMZdXJrUS","workflowName":"alert","executionId":"486","nodeType":"n8n-nodes-base.webhook","nodeName":"Webhook","nodeId":"45b9a4be-0184-403c-83f3-41cbd14731c8"}}
{"__type":"$$EventMessageConfirm","confirm":"c1120519-8a22-497a-a6ef-4d81fb924d8f","ts":"2026-07-13T16:35:00.851-04:00","source":{"id":"0","name":"eventBus"}}
{"__type":"$$EventMessageNode","id":"03673ef1-333e-4c9f-8078-ad59867de61b","ts":"2026-07-13T16:35:00.851-04:00","eventName":"n8n.node.started","message":"n8n.node.started","payload":{"workflowId":"4060d0nwMZdXJrUS","workflowName":"alert","executionId":"486","nodeType":"n8n-nodes-base.code","nodeName":"Code in JavaScript","nodeId":"847e0d93-8488-41ce-97de-68b297df2b47"}}
{"__type":"$$EventMessageConfirm","confirm":"03673ef1-333e-4c9f-8078-ad59867de61b","ts":"2026-07-13T16:35:00.852-04:00","source":{"id":"0","name":"eventBus"}}
{"__type":"$$EventMessageRunner","id":"c143f9e5-496e-422f-b497-68f2a8a36a5d","ts":"2026-07-13T16:35:00.854-04:00","eventName":"n8n.runner.task.requested","message":"n8n.runner.task.requested","payload":{"taskId":"16Kq1HvT","nodeId":"847e0d93-8488-41ce-97de-68b297df2b47","workflowId":"4060d0nwMZdXJrUS","executionId":"486"}}
{"__type":"$$EventMessageConfirm","confirm":"c143f9e5-496e-422f-b497-68f2a8a36a5d","ts":"2026-07-13T16:35:00.855-04:00","source":{"id":"0","name":"eventBus"}}
{"__type":"$$EventMessageRunner","id":"62003156-9eeb-453e-875c-99a4ca445541","ts":"2026-07-13T16:35:00.866-04:00","eventName":"n8n.runner.response.received","message":"n8n.runner.response.received","payload":{"taskId":"16Kq1HvT","nodeId":"847e0d93-8488-41ce-97de-68b297df2b47","workflowId":"4060d0nwMZdXJrUS","executionId":"486"}}
{"__type":"$$EventMessageConfirm","confirm":"62003156-9eeb-453e-875c-99a4ca445541","ts":"2026-07-13T16:35:00.867-04:00","source":{"id":"0","name":"eventBus"}}
{"__type":"$$EventMessageNode","id":"3fbada52-8ec9-4128-98ba-84dcf42388f6","ts":"2026-07-13T16:35:00.867-04:00","eventName":"n8n.node.finished","message":"n8n.node.finished","payload":{"workflowId":"4060d0nwMZdXJrUS","workflowName":"alert","executionId":"486","nodeType":"n8n-nodes-base.code","nodeName":"Code in JavaScript","nodeId":"847e0d93-8488-41ce-97de-68b297df2b47"}}
{"__type":"$$EventMessageConfirm","confirm":"3fbada52-8ec9-4128-98ba-84dcf42388f6","ts":"2026-07-13T16:35:00.867-04:00","source":{"id":"0","name":"eventBus"}}
{"__type":"$$EventMessageNode","id":"95a21408-22d5-4c96-a92f-582bc69cc9e9","ts":"2026-07-13T16:35:00.867-04:00","eventName":"n8n.node.started","message":"n8n.node.started","payload":{"workflowId":"4060d0nwMZdXJrUS","workflowName":"alert","executionId":"486","nodeType":"n8n-nodes-base.if","nodeName":"If","nodeId":"a8f0bf21-8151-4783-a4a5-ac8e38d0da13"}}
{"__type":"$$EventMessageConfirm","confirm":"95a21408-22d5-4c96-a92f-582bc69cc9e9","ts":"2026-07-13T16:35:00.867-04:00","source":{"id":"0","name":"eventBus"}}
{"__type":"$$EventMessageNode","id":"f9a1ab3a-8636-4277-a650-00151aef8697","ts":"2026-07-13T16:35:00.869-04:00","eventName":"n8n.node.finished","message":"n8n.node.finished","payload":{"workflowId":"4060d0nwMZdXJrUS","workflowName":"alert","executionId":"486","nodeType":"n8n-nodes-base.if","nodeName":"If","nodeId":"a8f0bf21-8151-4783-a4a5-ac8e38d0da13"}}
{"__type":"$$EventMessageConfirm","confirm":"f9a1ab3a-8636-4277-a650-00151aef8697","ts":"2026-07-13T16:35:00.869-04:00","source":{"id":"0","name":"eventBus"}}
{"__type":"$$EventMessageNode","id":"6d0e2734-c5cd-495b-af26-917a42d02bc0","ts":"2026-07-13T16:35:00.870-04:00","eventName":"n8n.node.started","message":"n8n.node.started","payload":{"workflowId":"4060d0nwMZdXJrUS","workflowName":"alert","executionId":"486","nodeType":"n8n-nodes-base.code","nodeName":"Code in JavaScript1","nodeId":"50b098bd-b40a-4c90-b2d4-eb880777eaff"}}
{"__type":"$$EventMessageConfirm","confirm":"6d0e2734-c5cd-495b-af26-917a42d02bc0","ts":"2026-07-13T16:35:00.870-04:00","source":{"id":"0","name":"eventBus"}}
{"__type":"$$EventMessageRunner","id":"d2fd3424-7b67-43a5-8b51-0dff05275baa","ts":"2026-07-13T16:35:00.873-04:00","eventName":"n8n.runner.task.requested","message":"n8n.runner.task.requested","payload":{"taskId":"rf_pVIaI","nodeId":"50b098bd-b40a-4c90-b2d4-eb880777eaff","workflowId":"4060d0nwMZdXJrUS","executionId":"486"}}
{"__type":"$$EventMessageConfirm","confirm":"d2fd3424-7b67-43a5-8b51-0dff05275baa","ts":"2026-07-13T16:35:00.874-04:00","source":{"id":"0","name":"eventBus"}}
{"__type":"$$EventMessageRunner","id":"01f5dcd4-ff47-49e5-bc5c-df40eed81b8e","ts":"2026-07-13T16:35:00.885-04:00","eventName":"n8n.runner.response.received","message":"n8n.runner.response.received","payload":{"taskId":"rf_pVIaI","nodeId":"50b098bd-b40a-4c90-b2d4-eb880777eaff","workflowId":"4060d0nwMZdXJrUS","executionId":"486"}}
{"__type":"$$EventMessageConfirm","confirm":"01f5dcd4-ff47-49e5-bc5c-df40eed81b8e","ts":"2026-07-13T16:35:00.885-04:00","source":{"id":"0","name":"eventBus"}}
{"__type":"$$EventMessageNode","id":"44cd8ada-4b38-42bb-bca6-687ec1b6e1a2","ts":"2026-07-13T16:35:00.886-04:00","eventName":"n8n.node.finished","message":"n8n.node.finished","payload":{"workflowId":"4060d0nwMZdXJrUS","workflowName":"alert","executionId":"486","nodeType":"n8n-nodes-base.code","nodeName":"Code in JavaScript1","nodeId":"50b098bd-b40a-4c90-b2d4-eb880777eaff"}}
{"__type":"$$EventMessageConfirm","confirm":"44cd8ada-4b38-42bb-bca6-687ec1b6e1a2","ts":"2026-07-13T16:35:00.886-04:00","source":{"id":"0","name":"eventBus"}}
{"__type":"$$EventMessageWorkflow","id":"beb3df12-2928-4ec6-80e9-3e2046b13b61","ts":"2026-07-13T16:35:00.886-04:00","eventName":"n8n.workflow.success","message":"n8n.workflow.success","payload":{"executionId":"486","success":true,"isManual":false,"mode":"webhook","workflowId":"4060d0nwMZdXJrUS","workflowName":"alert"}}
{"__type":"$$EventMessageConfirm","confirm":"beb3df12-2928-4ec6-80e9-3e2046b13b61","ts":"2026-07-13T16:35:00.886-04:00","source":{"id":"0","name":"eventBus"}}
{"__type":"$$EventMessageWorkflow","id":"3fc4f21f-89c1-4cbc-b715-7ba9bae86d36","ts":"2026-07-13T16:36:49.522-04:00","eventName":"n8n.workflow.started","message":"n8n.workflow.started","payload":{"executionId":"487","workflowId":"4060d0nwMZdXJrUS","isManual":false,"mode":"webhook","workflowName":"alert"}}
{"__type":"$$EventMessageConfirm","confirm":"3fc4f21f-89c1-4cbc-b715-7ba9bae86d36","ts":"2026-07-13T16:36:49.523-04:00","source":{"id":"0","name":"eventBus"}}
{"__type":"$$EventMessageAudit","id":"ef7bb01a-f9af-4a9d-8466-ca22fbe950d1","ts":"2026-07-13T16:36:49.524-04:00","eventName":"n8n.audit.workflow.executed","message":"n8n.audit.workflow.executed","payload":{"workflowId":"4060d0nwMZdXJrUS","workflowName":"alert","executionId":"487","source":"webhook"}}
{"__type":"$$EventMessageConfirm","confirm":"ef7bb01a-f9af-4a9d-8466-ca22fbe950d1","ts":"2026-07-13T16:36:49.524-04:00","source":{"id":"0","name":"eventBus"}}
{"__type":"$$EventMessageNode","id":"7a64d544-8af8-4b29-b286-88b74cef52ef","ts":"2026-07-13T16:36:49.527-04:00","eventName":"n8n.node.started","message":"n8n.node.started","payload":{"workflowId":"4060d0nwMZdXJrUS","workflowName":"alert","executionId":"487","nodeType":"n8n-nodes-base.webhook","nodeName":"Webhook","nodeId":"45b9a4be-0184-403c-83f3-41cbd14731c8"}}
{"__type":"$$EventMessageConfirm","confirm":"7a64d544-8af8-4b29-b286-88b74cef52ef","ts":"2026-07-13T16:36:49.527-04:00","source":{"id":"0","name":"eventBus"}}
{"__type":"$$EventMessageNode","id":"41ecd9f2-6c03-4089-b825-c231a090416e","ts":"2026-07-13T16:36:49.533-04:00","eventName":"n8n.node.finished","message":"n8n.node.finished","payload":{"workflowId":"4060d0nwMZdXJrUS","workflowName":"alert","executionId":"487","nodeType":"n8n-nodes-base.webhook","nodeName":"Webhook","nodeId":"45b9a4be-0184-403c-83f3-41cbd14731c8"}}
{"__type":"$$EventMessageConfirm","confirm":"41ecd9f2-6c03-4089-b825-c231a090416e","ts":"2026-07-13T16:36:49.534-04:00","source":{"id":"0","name":"eventBus"}}
{"__type":"$$EventMessageNode","id":"d2f0ef49-5887-47c7-aae1-d57de92c7040","ts":"2026-07-13T16:36:49.534-04:00","eventName":"n8n.node.started","message":"n8n.node.started","payload":{"workflowId":"4060d0nwMZdXJrUS","workflowName":"alert","executionId":"487","nodeType":"n8n-nodes-base.code","nodeName":"Code in JavaScript","nodeId":"847e0d93-8488-41ce-97de-68b297df2b47"}}
{"__type":"$$EventMessageConfirm","confirm":"d2f0ef49-5887-47c7-aae1-d57de92c7040","ts":"2026-07-13T16:36:49.534-04:00","source":{"id":"0","name":"eventBus"}}
{"__type":"$$EventMessageRunner","id":"2b93ac8b-be6f-4653-aa21-acd395e51c0b","ts":"2026-07-13T16:36:49.538-04:00","eventName":"n8n.runner.task.requested","message":"n8n.runner.task.requested","payload":{"taskId":"y93UrOoU","nodeId":"847e0d93-8488-41ce-97de-68b297df2b47","workflowId":"4060d0nwMZdXJrUS","executionId":"487"}}
{"__type":"$$EventMessageConfirm","confirm":"2b93ac8b-be6f-4653-aa21-acd395e51c0b","ts":"2026-07-13T16:36:49.538-04:00","source":{"id":"0","name":"eventBus"}}
{"__type":"$$EventMessageRunner","id":"ebc371fc-fffc-4e1b-b02f-caa803758be2","ts":"2026-07-13T16:36:49.548-04:00","eventName":"n8n.runner.response.received","message":"n8n.runner.response.received","payload":{"taskId":"y93UrOoU","nodeId":"847e0d93-8488-41ce-97de-68b297df2b47","workflowId":"4060d0nwMZdXJrUS","executionId":"487"}}
{"__type":"$$EventMessageConfirm","confirm":"ebc371fc-fffc-4e1b-b02f-caa803758be2","ts":"2026-07-13T16:36:49.548-04:00","source":{"id":"0","name":"eventBus"}}
{"__type":"$$EventMessageNode","id":"2ae477d3-dd15-4405-8ea8-f578173f0f7b","ts":"2026-07-13T16:36:49.548-04:00","eventName":"n8n.node.finished","message":"n8n.node.finished","payload":{"workflowId":"4060d0nwMZdXJrUS","workflowName":"alert","executionId":"487","nodeType":"n8n-nodes-base.code","nodeName":"Code in JavaScript","nodeId":"847e0d93-8488-41ce-97de-68b297df2b47"}}
{"__type":"$$EventMessageConfirm","confirm":"2ae477d3-dd15-4405-8ea8-f578173f0f7b","ts":"2026-07-13T16:36:49.548-04:00","source":{"id":"0","name":"eventBus"}}
{"__type":"$$EventMessageNode","id":"a7e70411-6c99-4032-86a1-a9e548e8efab","ts":"2026-07-13T16:36:49.549-04:00","eventName":"n8n.node.started","message":"n8n.node.started","payload":{"workflowId":"4060d0nwMZdXJrUS","workflowName":"alert","executionId":"487","nodeType":"n8n-nodes-base.if","nodeName":"If","nodeId":"a8f0bf21-8151-4783-a4a5-ac8e38d0da13"}}
{"__type":"$$EventMessageConfirm","confirm":"a7e70411-6c99-4032-86a1-a9e548e8efab","ts":"2026-07-13T16:36:49.549-04:00","source":{"id":"0","name":"eventBus"}}
{"__type":"$$EventMessageNode","id":"72794d77-4190-4572-9982-45402a50409c","ts":"2026-07-13T16:36:49.550-04:00","eventName":"n8n.node.finished","message":"n8n.node.finished","payload":{"workflowId":"4060d0nwMZdXJrUS","workflowName":"alert","executionId":"487","nodeType":"n8n-nodes-base.if","nodeName":"If","nodeId":"a8f0bf21-8151-4783-a4a5-ac8e38d0da13"}}
{"__type":"$$EventMessageConfirm","confirm":"72794d77-4190-4572-9982-45402a50409c","ts":"2026-07-13T16:36:49.550-04:00","source":{"id":"0","name":"eventBus"}}
{"__type":"$$EventMessageNode","id":"eeef9689-dda1-4ec3-81da-7f2b66db1143","ts":"2026-07-13T16:36:49.551-04:00","eventName":"n8n.node.started","message":"n8n.node.started","payload":{"workflowId":"4060d0nwMZdXJrUS","workflowName":"alert","executionId":"487","nodeType":"n8n-nodes-base.code","nodeName":"Code in JavaScript1","nodeId":"50b098bd-b40a-4c90-b2d4-eb880777eaff"}}
{"__type":"$$EventMessageConfirm","confirm":"eeef9689-dda1-4ec3-81da-7f2b66db1143","ts":"2026-07-13T16:36:49.551-04:00","source":{"id":"0","name":"eventBus"}}
{"__type":"$$EventMessageRunner","id":"26da4812-ac5b-430a-9eba-e23b6a1dddb4","ts":"2026-07-13T16:36:49.555-04:00","eventName":"n8n.runner.task.requested","message":"n8n.runner.task.requested","payload":{"taskId":"9bC9skM0","nodeId":"50b098bd-b40a-4c90-b2d4-eb880777eaff","workflowId":"4060d0nwMZdXJrUS","executionId":"487"}}
{"__type":"$$EventMessageConfirm","confirm":"26da4812-ac5b-430a-9eba-e23b6a1dddb4","ts":"2026-07-13T16:36:49.556-04:00","source":{"id":"0","name":"eventBus"}}
{"__type":"$$EventMessageRunner","id":"f2c2dd2a-075b-4443-a973-e15596431da8","ts":"2026-07-13T16:36:49.566-04:00","eventName":"n8n.runner.response.received","message":"n8n.runner.response.received","payload":{"taskId":"9bC9skM0","nodeId":"50b098bd-b40a-4c90-b2d4-eb880777eaff","workflowId":"4060d0nwMZdXJrUS","executionId":"487"}}
{"__type":"$$EventMessageConfirm","confirm":"f2c2dd2a-075b-4443-a973-e15596431da8","ts":"2026-07-13T16:36:49.566-04:00","source":{"id":"0","name":"eventBus"}}
{"__type":"$$EventMessageNode","id":"9b1d5a63-9c43-4040-b7fb-c724991c64b1","ts":"2026-07-13T16:36:49.567-04:00","eventName":"n8n.node.finished","message":"n8n.node.finished","payload":{"workflowId":"4060d0nwMZdXJrUS","workflowName":"alert","executionId":"487","nodeType":"n8n-nodes-base.code","nodeName":"Code in JavaScript1","nodeId":"50b098bd-b40a-4c90-b2d4-eb880777eaff"}}
{"__type":"$$EventMessageConfirm","confirm":"9b1d5a63-9c43-4040-b7fb-c724991c64b1","ts":"2026-07-13T16:36:49.567-04:00","source":{"id":"0","name":"eventBus"}}
{"__type":"$$EventMessageWorkflow","id":"ec66707b-5c61-4aa1-9638-a43d2105cda6","ts":"2026-07-13T16:36:49.567-04:00","eventName":"n8n.workflow.success","message":"n8n.workflow.success","payload":{"executionId":"487","success":true,"isManual":false,"mode":"webhook","workflowId":"4060d0nwMZdXJrUS","workflowName":"alert"}}
{"__type":"$$EventMessageConfirm","confirm":"ec66707b-5c61-4aa1-9638-a43d2105cda6","ts":"2026-07-13T16:36:49.567-04:00","source":{"id":"0","name":"eventBus"}}
{"__type":"$$EventMessageWorkflow","id":"3789c3f3-5d9d-4d74-9afb-fbcde12c915d","ts":"2026-07-13T16:39:17.650-04:00","eventName":"n8n.workflow.started","message":"n8n.workflow.started","payload":{"executionId":"488","workflowId":"csjSBc51yUkh2vRH","isManual":false,"mode":"webhook","workflowName":"fire"}}
{"__type":"$$EventMessageConfirm","confirm":"3789c3f3-5d9d-4d74-9afb-fbcde12c915d","ts":"2026-07-13T16:39:17.650-04:00","source":{"id":"0","name":"eventBus"}}
{"__type":"$$EventMessageAudit","id":"268102f4-aa40-4bef-b1b9-c1af2a5d802f","ts":"2026-07-13T16:39:17.651-04:00","eventName":"n8n.audit.workflow.executed","message":"n8n.audit.workflow.executed","payload":{"workflowId":"csjSBc51yUkh2vRH","workflowName":"fire","executionId":"488","source":"webhook"}}
{"__type":"$$EventMessageConfirm","confirm":"268102f4-aa40-4bef-b1b9-c1af2a5d802f","ts":"2026-07-13T16:39:17.651-04:00","source":{"id":"0","name":"eventBus"}}
{"__type":"$$EventMessageNode","id":"f9063a9d-e082-4ca9-83a0-600837fa4423","ts":"2026-07-13T16:39:17.653-04:00","eventName":"n8n.node.started","message":"n8n.node.started","payload":{"workflowId":"csjSBc51yUkh2vRH","workflowName":"fire","executionId":"488","nodeType":"n8n-nodes-base.webhook","nodeName":"Webhook","nodeId":"24e7bc53-ee06-4b53-b753-97a049b3327b"}}
{"__type":"$$EventMessageConfirm","confirm":"f9063a9d-e082-4ca9-83a0-600837fa4423","ts":"2026-07-13T16:39:17.653-04:00","source":{"id":"0","name":"eventBus"}}
{"__type":"$$EventMessageNode","id":"4c7e86b1-1c4f-4153-95e0-cc04fabeb294","ts":"2026-07-13T16:39:17.653-04:00","eventName":"n8n.node.finished","message":"n8n.node.finished","payload":{"workflowId":"csjSBc51yUkh2vRH","workflowName":"fire","executionId":"488","nodeType":"n8n-nodes-base.webhook","nodeName":"Webhook","nodeId":"24e7bc53-ee06-4b53-b753-97a049b3327b"}}
{"__type":"$$EventMessageConfirm","confirm":"4c7e86b1-1c4f-4153-95e0-cc04fabeb294","ts":"2026-07-13T16:39:17.653-04:00","source":{"id":"0","name":"eventBus"}}
{"__type":"$$EventMessageNode","id":"48357f87-5e96-4172-ac96-e91f6fb5738e","ts":"2026-07-13T16:39:17.654-04:00","eventName":"n8n.node.started","message":"n8n.node.started","payload":{"workflowId":"csjSBc51yUkh2vRH","workflowName":"fire","executionId":"488","nodeType":"n8n-nodes-base.code","nodeName":"Code in JavaScript","nodeId":"f271c744-c46c-4766-b045-ed1d8821c40d"}}
{"__type":"$$EventMessageConfirm","confirm":"48357f87-5e96-4172-ac96-e91f6fb5738e","ts":"2026-07-13T16:39:17.654-04:00","source":{"id":"0","name":"eventBus"}}
{"__type":"$$EventMessageRunner","id":"1b3c7b1b-d917-45bb-a7b8-7f1e30feb730","ts":"2026-07-13T16:39:17.660-04:00","eventName":"n8n.runner.task.requested","message":"n8n.runner.task.requested","payload":{"taskId":"qQ2vOqVx","nodeId":"f271c744-c46c-4766-b045-ed1d8821c40d","workflowId":"csjSBc51yUkh2vRH","executionId":"488"}}
{"__type":"$$EventMessageConfirm","confirm":"1b3c7b1b-d917-45bb-a7b8-7f1e30feb730","ts":"2026-07-13T16:39:17.661-04:00","source":{"id":"0","name":"eventBus"}}
{"__type":"$$EventMessageRunner","id":"fcfaae5a-6539-4864-a5d2-bea33fc641f1","ts":"2026-07-13T16:39:17.677-04:00","eventName":"n8n.runner.response.received","message":"n8n.runner.response.received","payload":{"taskId":"qQ2vOqVx","nodeId":"f271c744-c46c-4766-b045-ed1d8821c40d","workflowId":"csjSBc51yUkh2vRH","executionId":"488"}}
{"__type":"$$EventMessageConfirm","confirm":"fcfaae5a-6539-4864-a5d2-bea33fc641f1","ts":"2026-07-13T16:39:17.677-04:00","source":{"id":"0","name":"eventBus"}}
{"__type":"$$EventMessageNode","id":"dbcd411d-fae0-4dc8-9723-5554ac073b6b","ts":"2026-07-13T16:39:17.677-04:00","eventName":"n8n.node.finished","message":"n8n.node.finished","payload":{"workflowId":"csjSBc51yUkh2vRH","workflowName":"fire","executionId":"488","nodeType":"n8n-nodes-base.code","nodeName":"Code in JavaScript","nodeId":"f271c744-c46c-4766-b045-ed1d8821c40d"}}
{"__type":"$$EventMessageConfirm","confirm":"dbcd411d-fae0-4dc8-9723-5554ac073b6b","ts":"2026-07-13T16:39:17.678-04:00","source":{"id":"0","name":"eventBus"}}
{"__type":"$$EventMessageNode","id":"4bccaac3-0242-4cd8-9803-65e9085ebf0a","ts":"2026-07-13T16:39:17.678-04:00","eventName":"n8n.node.started","message":"n8n.node.started","payload":{"workflowId":"csjSBc51yUkh2vRH","workflowName":"fire","executionId":"488","nodeType":"n8n-nodes-base.code","nodeName":"Code in JavaScript1","nodeId":"3cd55fa9-d0e9-43ab-b0ba-fe5047c0e593"}}
{"__type":"$$EventMessageConfirm","confirm":"4bccaac3-0242-4cd8-9803-65e9085ebf0a","ts":"2026-07-13T16:39:17.678-04:00","source":{"id":"0","name":"eventBus"}}
{"__type":"$$EventMessageRunner","id":"c0bec88a-0959-4d25-8ef5-5d63b7711ea3","ts":"2026-07-13T16:39:17.681-04:00","eventName":"n8n.runner.task.requested","message":"n8n.runner.task.requested","payload":{"taskId":"cQivOhlc","nodeId":"3cd55fa9-d0e9-43ab-b0ba-fe5047c0e593","workflowId":"csjSBc51yUkh2vRH","executionId":"488"}}
{"__type":"$$EventMessageConfirm","confirm":"c0bec88a-0959-4d25-8ef5-5d63b7711ea3","ts":"2026-07-13T16:39:17.682-04:00","source":{"id":"0","name":"eventBus"}}
{"__type":"$$EventMessageRunner","id":"0792a780-0b46-4a31-8328-e9d801a797a6","ts":"2026-07-13T16:39:17.709-04:00","eventName":"n8n.runner.response.received","message":"n8n.runner.response.received","payload":{"taskId":"cQivOhlc","nodeId":"3cd55fa9-d0e9-43ab-b0ba-fe5047c0e593","workflowId":"csjSBc51yUkh2vRH","executionId":"488"}}
{"__type":"$$EventMessageConfirm","confirm":"0792a780-0b46-4a31-8328-e9d801a797a6","ts":"2026-07-13T16:39:17.710-04:00","source":{"id":"0","name":"eventBus"}}
{"__type":"$$EventMessageNode","id":"e2c5662e-975b-4e09-b785-b9196ef47fcb","ts":"2026-07-13T16:39:17.710-04:00","eventName":"n8n.node.finished","message":"n8n.node.finished","payload":{"workflowId":"csjSBc51yUkh2vRH","workflowName":"fire","executionId":"488","nodeType":"n8n-nodes-base.code","nodeName":"Code in JavaScript1","nodeId":"3cd55fa9-d0e9-43ab-b0ba-fe5047c0e593"}}
{"__type":"$$EventMessageConfirm","confirm":"e2c5662e-975b-4e09-b785-b9196ef47fcb","ts":"2026-07-13T16:39:17.711-04:00","source":{"id":"0","name":"eventBus"}}
{"__type":"$$EventMessageWorkflow","id":"76b60ba5-3402-4a50-9dba-1fbd97d36e3f","ts":"2026-07-13T16:39:17.712-04:00","eventName":"n8n.workflow.success","message":"n8n.workflow.success","payload":{"executionId":"488","success":true,"isManual":false,"mode":"webhook","workflowId":"csjSBc51yUkh2vRH","workflowName":"fire"}}
{"__type":"$$EventMessageConfirm","confirm":"76b60ba5-3402-4a50-9dba-1fbd97d36e3f","ts":"2026-07-13T16:39:17.712-04:00","source":{"id":"0","name":"eventBus"}}
{"__type":"$$EventMessageWorkflow","id":"d5a4cd91-a715-4440-a0aa-3e36729737d1","ts":"2026-07-13T16:39:17.803-04:00","eventName":"n8n.workflow.started","message":"n8n.workflow.started","payload":{"executionId":"489","workflowId":"4060d0nwMZdXJrUS","isManual":false,"mode":"webhook","workflowName":"alert"}}
{"__type":"$$EventMessageConfirm","confirm":"d5a4cd91-a715-4440-a0aa-3e36729737d1","ts":"2026-07-13T16:39:17.803-04:00","source":{"id":"0","name":"eventBus"}}
{"__type":"$$EventMessageAudit","id":"c5d7659a-30c3-46cf-8ed0-a2b64fb5a572","ts":"2026-07-13T16:39:17.804-04:00","eventName":"n8n.audit.workflow.executed","message":"n8n.audit.workflow.executed","payload":{"workflowId":"4060d0nwMZdXJrUS","workflowName":"alert","executionId":"489","source":"webhook"}}
{"__type":"$$EventMessageConfirm","confirm":"c5d7659a-30c3-46cf-8ed0-a2b64fb5a572","ts":"2026-07-13T16:39:17.804-04:00","source":{"id":"0","name":"eventBus"}}
{"__type":"$$EventMessageNode","id":"43a57f24-a2a3-4c1e-9b0b-12c766f55884","ts":"2026-07-13T16:39:17.805-04:00","eventName":"n8n.node.started","message":"n8n.node.started","payload":{"workflowId":"4060d0nwMZdXJrUS","workflowName":"alert","executionId":"489","nodeType":"n8n-nodes-base.webhook","nodeName":"Webhook","nodeId":"45b9a4be-0184-403c-83f3-41cbd14731c8"}}
{"__type":"$$EventMessageConfirm","confirm":"43a57f24-a2a3-4c1e-9b0b-12c766f55884","ts":"2026-07-13T16:39:17.806-04:00","source":{"id":"0","name":"eventBus"}}
{"__type":"$$EventMessageNode","id":"94a4330e-bbd6-4f2a-8b74-33e2889aba16","ts":"2026-07-13T16:39:17.806-04:00","eventName":"n8n.node.finished","message":"n8n.node.finished","payload":{"workflowId":"4060d0nwMZdXJrUS","workflowName":"alert","executionId":"489","nodeType":"n8n-nodes-base.webhook","nodeName":"Webhook","nodeId":"45b9a4be-0184-403c-83f3-41cbd14731c8"}}
{"__type":"$$EventMessageConfirm","confirm":"94a4330e-bbd6-4f2a-8b74-33e2889aba16","ts":"2026-07-13T16:39:17.806-04:00","source":{"id":"0","name":"eventBus"}}
{"__type":"$$EventMessageNode","id":"3e42d033-d338-42f8-8f3c-f2a9bec1bc94","ts":"2026-07-13T16:39:17.807-04:00","eventName":"n8n.node.started","message":"n8n.node.started","payload":{"workflowId":"4060d0nwMZdXJrUS","workflowName":"alert","executionId":"489","nodeType":"n8n-nodes-base.code","nodeName":"Code in JavaScript","nodeId":"847e0d93-8488-41ce-97de-68b297df2b47"}}
{"__type":"$$EventMessageConfirm","confirm":"3e42d033-d338-42f8-8f3c-f2a9bec1bc94","ts":"2026-07-13T16:39:17.807-04:00","source":{"id":"0","name":"eventBus"}}
{"__type":"$$EventMessageRunner","id":"396f65b2-44e1-402a-b7f4-70d2b966e681","ts":"2026-07-13T16:39:17.810-04:00","eventName":"n8n.runner.task.requested","message":"n8n.runner.task.requested","payload":{"taskId":"advfnfSw","nodeId":"847e0d93-8488-41ce-97de-68b297df2b47","workflowId":"4060d0nwMZdXJrUS","executionId":"489"}}
{"__type":"$$EventMessageConfirm","confirm":"396f65b2-44e1-402a-b7f4-70d2b966e681","ts":"2026-07-13T16:39:17.811-04:00","source":{"id":"0","name":"eventBus"}}
{"__type":"$$EventMessageRunner","id":"51e141b3-ee92-4ded-9117-41ed28558633","ts":"2026-07-13T16:39:17.821-04:00","eventName":"n8n.runner.response.received","message":"n8n.runner.response.received","payload":{"taskId":"advfnfSw","nodeId":"847e0d93-8488-41ce-97de-68b297df2b47","workflowId":"4060d0nwMZdXJrUS","executionId":"489"}}
{"__type":"$$EventMessageConfirm","confirm":"51e141b3-ee92-4ded-9117-41ed28558633","ts":"2026-07-13T16:39:17.821-04:00","source":{"id":"0","name":"eventBus"}}
{"__type":"$$EventMessageNode","id":"998d586e-05c5-4224-9918-ea1640fbba84","ts":"2026-07-13T16:39:17.821-04:00","eventName":"n8n.node.finished","message":"n8n.node.finished","payload":{"workflowId":"4060d0nwMZdXJrUS","workflowName":"alert","executionId":"489","nodeType":"n8n-nodes-base.code","nodeName":"Code in JavaScript","nodeId":"847e0d93-8488-41ce-97de-68b297df2b47"}}
{"__type":"$$EventMessageConfirm","confirm":"998d586e-05c5-4224-9918-ea1640fbba84","ts":"2026-07-13T16:39:17.821-04:00","source":{"id":"0","name":"eventBus"}}
{"__type":"$$EventMessageNode","id":"dc5cd78d-03b0-41fe-81a2-816d9016af8b","ts":"2026-07-13T16:39:17.821-04:00","eventName":"n8n.node.started","message":"n8n.node.started","payload":{"workflowId":"4060d0nwMZdXJrUS","workflowName":"alert","executionId":"489","nodeType":"n8n-nodes-base.if","nodeName":"If","nodeId":"a8f0bf21-8151-4783-a4a5-ac8e38d0da13"}}
{"__type":"$$EventMessageConfirm","confirm":"dc5cd78d-03b0-41fe-81a2-816d9016af8b","ts":"2026-07-13T16:39:17.821-04:00","source":{"id":"0","name":"eventBus"}}
{"__type":"$$EventMessageNode","id":"53230e2c-43a5-4982-9488-76dde1771eec","ts":"2026-07-13T16:39:17.823-04:00","eventName":"n8n.node.finished","message":"n8n.node.finished","payload":{"workflowId":"4060d0nwMZdXJrUS","workflowName":"alert","executionId":"489","nodeType":"n8n-nodes-base.if","nodeName":"If","nodeId":"a8f0bf21-8151-4783-a4a5-ac8e38d0da13"}}
{"__type":"$$EventMessageConfirm","confirm":"53230e2c-43a5-4982-9488-76dde1771eec","ts":"2026-07-13T16:39:17.823-04:00","source":{"id":"0","name":"eventBus"}}
{"__type":"$$EventMessageNode","id":"c9a6e438-ff4f-4104-9a3c-16f5ea54228f","ts":"2026-07-13T16:39:17.824-04:00","eventName":"n8n.node.started","message":"n8n.node.started","payload":{"workflowId":"4060d0nwMZdXJrUS","workflowName":"alert","executionId":"489","nodeType":"n8n-nodes-base.code","nodeName":"Code in JavaScript1","nodeId":"50b098bd-b40a-4c90-b2d4-eb880777eaff"}}
{"__type":"$$EventMessageConfirm","confirm":"c9a6e438-ff4f-4104-9a3c-16f5ea54228f","ts":"2026-07-13T16:39:17.824-04:00","source":{"id":"0","name":"eventBus"}}
{"__type":"$$EventMessageRunner","id":"49212835-bef2-42b6-8f4c-dee33afc7536","ts":"2026-07-13T16:39:17.825-04:00","eventName":"n8n.runner.task.requested","message":"n8n.runner.task.requested","payload":{"taskId":"M985FY6x","nodeId":"50b098bd-b40a-4c90-b2d4-eb880777eaff","workflowId":"4060d0nwMZdXJrUS","executionId":"489"}}
{"__type":"$$EventMessageConfirm","confirm":"49212835-bef2-42b6-8f4c-dee33afc7536","ts":"2026-07-13T16:39:17.825-04:00","source":{"id":"0","name":"eventBus"}}
{"__type":"$$EventMessageRunner","id":"8e8bcb23-a72e-4284-9f03-c79487dd6e33","ts":"2026-07-13T16:39:17.840-04:00","eventName":"n8n.runner.response.received","message":"n8n.runner.response.received","payload":{"taskId":"M985FY6x","nodeId":"50b098bd-b40a-4c90-b2d4-eb880777eaff","workflowId":"4060d0nwMZdXJrUS","executionId":"489"}}
{"__type":"$$EventMessageConfirm","confirm":"8e8bcb23-a72e-4284-9f03-c79487dd6e33","ts":"2026-07-13T16:39:17.840-04:00","source":{"id":"0","name":"eventBus"}}
{"__type":"$$EventMessageNode","id":"e65a7d55-4dd2-44ce-86b1-c60bc3e64829","ts":"2026-07-13T16:39:17.841-04:00","eventName":"n8n.node.finished","message":"n8n.node.finished","payload":{"workflowId":"4060d0nwMZdXJrUS","workflowName":"alert","executionId":"489","nodeType":"n8n-nodes-base.code","nodeName":"Code in JavaScript1","nodeId":"50b098bd-b40a-4c90-b2d4-eb880777eaff"}}
{"__type":"$$EventMessageConfirm","confirm":"e65a7d55-4dd2-44ce-86b1-c60bc3e64829","ts":"2026-07-13T16:39:17.841-04:00","source":{"id":"0","name":"eventBus"}}
{"__type":"$$EventMessageWorkflow","id":"3acd9cbb-7a77-4b2d-ab16-255bcdc50536","ts":"2026-07-13T16:39:17.841-04:00","eventName":"n8n.workflow.success","message":"n8n.workflow.success","payload":{"executionId":"489","success":true,"isManual":false,"mode":"webhook","workflowId":"4060d0nwMZdXJrUS","workflowName":"alert"}}
{"__type":"$$EventMessageConfirm","confirm":"3acd9cbb-7a77-4b2d-ab16-255bcdc50536","ts":"2026-07-13T16:39:17.841-04:00","source":{"id":"0","name":"eventBus"}}
{"__type":"$$EventMessageWorkflow","id":"783103e2-3f68-4b64-9d9a-1490de90de03","ts":"2026-07-13T16:40:27.136-04:00","eventName":"n8n.workflow.started","message":"n8n.workflow.started","payload":{"executionId":"490","workflowId":"csjSBc51yUkh2vRH","isManual":false,"mode":"webhook","workflowName":"fire"}}
{"__type":"$$EventMessageConfirm","confirm":"783103e2-3f68-4b64-9d9a-1490de90de03","ts":"2026-07-13T16:40:27.136-04:00","source":{"id":"0","name":"eventBus"}}
{"__type":"$$EventMessageAudit","id":"3cc7cbd1-b5b1-4718-a818-74f96a586fdb","ts":"2026-07-13T16:40:27.137-04:00","eventName":"n8n.audit.workflow.executed","message":"n8n.audit.workflow.executed","payload":{"workflowId":"csjSBc51yUkh2vRH","workflowName":"fire","executionId":"490","source":"webhook"}}
{"__type":"$$EventMessageConfirm","confirm":"3cc7cbd1-b5b1-4718-a818-74f96a586fdb","ts":"2026-07-13T16:40:27.137-04:00","source":{"id":"0","name":"eventBus"}}
{"__type":"$$EventMessageNode","id":"617a50a3-42fc-43ea-8b81-7bbd5d8a4194","ts":"2026-07-13T16:40:27.138-04:00","eventName":"n8n.node.started","message":"n8n.node.started","payload":{"workflowId":"csjSBc51yUkh2vRH","workflowName":"fire","executionId":"490","nodeType":"n8n-nodes-base.webhook","nodeName":"Webhook","nodeId":"24e7bc53-ee06-4b53-b753-97a049b3327b"}}
{"__type":"$$EventMessageConfirm","confirm":"617a50a3-42fc-43ea-8b81-7bbd5d8a4194","ts":"2026-07-13T16:40:27.138-04:00","source":{"id":"0","name":"eventBus"}}
{"__type":"$$EventMessageNode","id":"e3a7d66d-9d44-4f3a-b742-7cebc45a23c0","ts":"2026-07-13T16:40:27.138-04:00","eventName":"n8n.node.finished","message":"n8n.node.finished","payload":{"workflowId":"csjSBc51yUkh2vRH","workflowName":"fire","executionId":"490","nodeType":"n8n-nodes-base.webhook","nodeName":"Webhook","nodeId":"24e7bc53-ee06-4b53-b753-97a049b3327b"}}
{"__type":"$$EventMessageConfirm","confirm":"e3a7d66d-9d44-4f3a-b742-7cebc45a23c0","ts":"2026-07-13T16:40:27.138-04:00","source":{"id":"0","name":"eventBus"}}
{"__type":"$$EventMessageNode","id":"a8445f44-2ade-4956-98f0-439c8dd1871c","ts":"2026-07-13T16:40:27.138-04:00","eventName":"n8n.node.started","message":"n8n.node.started","payload":{"workflowId":"csjSBc51yUkh2vRH","workflowName":"fire","executionId":"490","nodeType":"n8n-nodes-base.code","nodeName":"Code in JavaScript","nodeId":"f271c744-c46c-4766-b045-ed1d8821c40d"}}
{"__type":"$$EventMessageConfirm","confirm":"a8445f44-2ade-4956-98f0-439c8dd1871c","ts":"2026-07-13T16:40:27.138-04:00","source":{"id":"0","name":"eventBus"}}
{"__type":"$$EventMessageRunner","id":"1fa6917c-e0fb-4c39-815f-daa0248576f0","ts":"2026-07-13T16:40:27.140-04:00","eventName":"n8n.runner.task.requested","message":"n8n.runner.task.requested","payload":{"taskId":"-S5zlU4P","nodeId":"f271c744-c46c-4766-b045-ed1d8821c40d","workflowId":"csjSBc51yUkh2vRH","executionId":"490"}}
{"__type":"$$EventMessageConfirm","confirm":"1fa6917c-e0fb-4c39-815f-daa0248576f0","ts":"2026-07-13T16:40:27.140-04:00","source":{"id":"0","name":"eventBus"}}
{"__type":"$$EventMessageRunner","id":"cd6d7dd4-d63d-41bd-afe1-7f783a4cfc23","ts":"2026-07-13T16:40:27.150-04:00","eventName":"n8n.runner.response.received","message":"n8n.runner.response.received","payload":{"taskId":"-S5zlU4P","nodeId":"f271c744-c46c-4766-b045-ed1d8821c40d","workflowId":"csjSBc51yUkh2vRH","executionId":"490"}}
{"__type":"$$EventMessageConfirm","confirm":"cd6d7dd4-d63d-41bd-afe1-7f783a4cfc23","ts":"2026-07-13T16:40:27.151-04:00","source":{"id":"0","name":"eventBus"}}
{"__type":"$$EventMessageNode","id":"d340b9f3-0e5a-4486-92e9-a377878c4cdd","ts":"2026-07-13T16:40:27.152-04:00","eventName":"n8n.node.finished","message":"n8n.node.finished","payload":{"workflowId":"csjSBc51yUkh2vRH","workflowName":"fire","executionId":"490","nodeType":"n8n-nodes-base.code","nodeName":"Code in JavaScript","nodeId":"f271c744-c46c-4766-b045-ed1d8821c40d"}}
{"__type":"$$EventMessageConfirm","confirm":"d340b9f3-0e5a-4486-92e9-a377878c4cdd","ts":"2026-07-13T16:40:27.152-04:00","source":{"id":"0","name":"eventBus"}}
{"__type":"$$EventMessageNode","id":"3792858b-2dc4-4da4-9b9f-fd8def3c47cb","ts":"2026-07-13T16:40:27.152-04:00","eventName":"n8n.node.started","message":"n8n.node.started","payload":{"workflowId":"csjSBc51yUkh2vRH","workflowName":"fire","executionId":"490","nodeType":"n8n-nodes-base.code","nodeName":"Code in JavaScript1","nodeId":"3cd55fa9-d0e9-43ab-b0ba-fe5047c0e593"}}
{"__type":"$$EventMessageConfirm","confirm":"3792858b-2dc4-4da4-9b9f-fd8def3c47cb","ts":"2026-07-13T16:40:27.152-04:00","source":{"id":"0","name":"eventBus"}}
{"__type":"$$EventMessageRunner","id":"f41b30eb-26ce-431d-86de-3c3d746917ea","ts":"2026-07-13T16:40:27.158-04:00","eventName":"n8n.runner.task.requested","message":"n8n.runner.task.requested","payload":{"taskId":"9b2Im7qK","nodeId":"3cd55fa9-d0e9-43ab-b0ba-fe5047c0e593","workflowId":"csjSBc51yUkh2vRH","executionId":"490"}}
{"__type":"$$EventMessageConfirm","confirm":"f41b30eb-26ce-431d-86de-3c3d746917ea","ts":"2026-07-13T16:40:27.158-04:00","source":{"id":"0","name":"eventBus"}}
{"__type":"$$EventMessageRunner","id":"38874f2d-a2cb-4d6b-aff8-4bc721e8b020","ts":"2026-07-13T16:40:27.179-04:00","eventName":"n8n.runner.response.received","message":"n8n.runner.response.received","payload":{"taskId":"9b2Im7qK","nodeId":"3cd55fa9-d0e9-43ab-b0ba-fe5047c0e593","workflowId":"csjSBc51yUkh2vRH","executionId":"490"}}
{"__type":"$$EventMessageConfirm","confirm":"38874f2d-a2cb-4d6b-aff8-4bc721e8b020","ts":"2026-07-13T16:40:27.179-04:00","source":{"id":"0","name":"eventBus"}}
{"__type":"$$EventMessageNode","id":"00494634-27ce-4d61-882c-d17376d8e5c6","ts":"2026-07-13T16:40:27.180-04:00","eventName":"n8n.node.finished","message":"n8n.node.finished","payload":{"workflowId":"csjSBc51yUkh2vRH","workflowName":"fire","executionId":"490","nodeType":"n8n-nodes-base.code","nodeName":"Code in JavaScript1","nodeId":"3cd55fa9-d0e9-43ab-b0ba-fe5047c0e593"}}
{"__type":"$$EventMessageConfirm","confirm":"00494634-27ce-4d61-882c-d17376d8e5c6","ts":"2026-07-13T16:40:27.180-04:00","source":{"id":"0","name":"eventBus"}}
{"__type":"$$EventMessageWorkflow","id":"3c288023-849f-4461-97df-6432a413f94b","ts":"2026-07-13T16:40:27.180-04:00","eventName":"n8n.workflow.success","message":"n8n.workflow.success","payload":{"executionId":"490","success":true,"isManual":false,"mode":"webhook","workflowId":"csjSBc51yUkh2vRH","workflowName":"fire"}}
{"__type":"$$EventMessageConfirm","confirm":"3c288023-849f-4461-97df-6432a413f94b","ts":"2026-07-13T16:40:27.181-04:00","source":{"id":"0","name":"eventBus"}}
{"__type":"$$EventMessageWorkflow","id":"8688cabb-2a06-49bf-8e44-ac264e73ba6b","ts":"2026-07-13T16:40:27.278-04:00","eventName":"n8n.workflow.started","message":"n8n.workflow.started","payload":{"executionId":"491","workflowId":"4060d0nwMZdXJrUS","isManual":false,"mode":"webhook","workflowName":"alert"}}
{"__type":"$$EventMessageConfirm","confirm":"8688cabb-2a06-49bf-8e44-ac264e73ba6b","ts":"2026-07-13T16:40:27.278-04:00","source":{"id":"0","name":"eventBus"}}
{"__type":"$$EventMessageAudit","id":"fcdb5eab-da09-4551-916d-f4e46b8ee80e","ts":"2026-07-13T16:40:27.279-04:00","eventName":"n8n.audit.workflow.executed","message":"n8n.audit.workflow.executed","payload":{"workflowId":"4060d0nwMZdXJrUS","workflowName":"alert","executionId":"491","source":"webhook"}}
{"__type":"$$EventMessageConfirm","confirm":"fcdb5eab-da09-4551-916d-f4e46b8ee80e","ts":"2026-07-13T16:40:27.279-04:00","source":{"id":"0","name":"eventBus"}}
{"__type":"$$EventMessageNode","id":"ab2f649d-89f5-4a4d-9a82-4db81d3d461b","ts":"2026-07-13T16:40:27.280-04:00","eventName":"n8n.node.started","message":"n8n.node.started","payload":{"workflowId":"4060d0nwMZdXJrUS","workflowName":"alert","executionId":"491","nodeType":"n8n-nodes-base.webhook","nodeName":"Webhook","nodeId":"45b9a4be-0184-403c-83f3-41cbd14731c8"}}
{"__type":"$$EventMessageConfirm","confirm":"ab2f649d-89f5-4a4d-9a82-4db81d3d461b","ts":"2026-07-13T16:40:27.280-04:00","source":{"id":"0","name":"eventBus"}}
{"__type":"$$EventMessageNode","id":"455d67ae-b8fd-4ca5-83e6-73a60f105971","ts":"2026-07-13T16:40:27.280-04:00","eventName":"n8n.node.finished","message":"n8n.node.finished","payload":{"workflowId":"4060d0nwMZdXJrUS","workflowName":"alert","executionId":"491","nodeType":"n8n-nodes-base.webhook","nodeName":"Webhook","nodeId":"45b9a4be-0184-403c-83f3-41cbd14731c8"}}
{"__type":"$$EventMessageConfirm","confirm":"455d67ae-b8fd-4ca5-83e6-73a60f105971","ts":"2026-07-13T16:40:27.280-04:00","source":{"id":"0","name":"eventBus"}}
{"__type":"$$EventMessageNode","id":"15af62ea-e757-43b5-907a-a01c9962c8cb","ts":"2026-07-13T16:40:27.280-04:00","eventName":"n8n.node.started","message":"n8n.node.started","payload":{"workflowId":"4060d0nwMZdXJrUS","workflowName":"alert","executionId":"491","nodeType":"n8n-nodes-base.code","nodeName":"Code in JavaScript","nodeId":"847e0d93-8488-41ce-97de-68b297df2b47"}}
{"__type":"$$EventMessageConfirm","confirm":"15af62ea-e757-43b5-907a-a01c9962c8cb","ts":"2026-07-13T16:40:27.280-04:00","source":{"id":"0","name":"eventBus"}}
{"__type":"$$EventMessageRunner","id":"9a106450-81ac-4657-9f92-990a266f6f6d","ts":"2026-07-13T16:40:27.283-04:00","eventName":"n8n.runner.task.requested","message":"n8n.runner.task.requested","payload":{"taskId":"hpkYM0vq","nodeId":"847e0d93-8488-41ce-97de-68b297df2b47","workflowId":"4060d0nwMZdXJrUS","executionId":"491"}}
{"__type":"$$EventMessageConfirm","confirm":"9a106450-81ac-4657-9f92-990a266f6f6d","ts":"2026-07-13T16:40:27.283-04:00","source":{"id":"0","name":"eventBus"}}
{"__type":"$$EventMessageRunner","id":"8b2887d9-986d-4fc7-853b-c80634723f1d","ts":"2026-07-13T16:40:27.293-04:00","eventName":"n8n.runner.response.received","message":"n8n.runner.response.received","payload":{"taskId":"hpkYM0vq","nodeId":"847e0d93-8488-41ce-97de-68b297df2b47","workflowId":"4060d0nwMZdXJrUS","executionId":"491"}}
{"__type":"$$EventMessageConfirm","confirm":"8b2887d9-986d-4fc7-853b-c80634723f1d","ts":"2026-07-13T16:40:27.293-04:00","source":{"id":"0","name":"eventBus"}}
{"__type":"$$EventMessageNode","id":"244d39a3-cb07-403b-9381-2052a5fc16fd","ts":"2026-07-13T16:40:27.294-04:00","eventName":"n8n.node.finished","message":"n8n.node.finished","payload":{"workflowId":"4060d0nwMZdXJrUS","workflowName":"alert","executionId":"491","nodeType":"n8n-nodes-base.code","nodeName":"Code in JavaScript","nodeId":"847e0d93-8488-41ce-97de-68b297df2b47"}}
{"__type":"$$EventMessageConfirm","confirm":"244d39a3-cb07-403b-9381-2052a5fc16fd","ts":"2026-07-13T16:40:27.294-04:00","source":{"id":"0","name":"eventBus"}}
{"__type":"$$EventMessageNode","id":"1c76d17f-a5f8-49d8-a20c-eda0f3920e29","ts":"2026-07-13T16:40:27.294-04:00","eventName":"n8n.node.started","message":"n8n.node.started","payload":{"workflowId":"4060d0nwMZdXJrUS","workflowName":"alert","executionId":"491","nodeType":"n8n-nodes-base.if","nodeName":"If","nodeId":"a8f0bf21-8151-4783-a4a5-ac8e38d0da13"}}
{"__type":"$$EventMessageConfirm","confirm":"1c76d17f-a5f8-49d8-a20c-eda0f3920e29","ts":"2026-07-13T16:40:27.294-04:00","source":{"id":"0","name":"eventBus"}}
{"__type":"$$EventMessageNode","id":"fa6242eb-2c67-475b-9c2c-53eeb03b9c19","ts":"2026-07-13T16:40:27.296-04:00","eventName":"n8n.node.finished","message":"n8n.node.finished","payload":{"workflowId":"4060d0nwMZdXJrUS","workflowName":"alert","executionId":"491","nodeType":"n8n-nodes-base.if","nodeName":"If","nodeId":"a8f0bf21-8151-4783-a4a5-ac8e38d0da13"}}
{"__type":"$$EventMessageConfirm","confirm":"fa6242eb-2c67-475b-9c2c-53eeb03b9c19","ts":"2026-07-13T16:40:27.297-04:00","source":{"id":"0","name":"eventBus"}}
{"__type":"$$EventMessageNode","id":"59643afe-91dc-4a48-92e2-8175cacd0cb2","ts":"2026-07-13T16:40:27.297-04:00","eventName":"n8n.node.started","message":"n8n.node.started","payload":{"workflowId":"4060d0nwMZdXJrUS","workflowName":"alert","executionId":"491","nodeType":"n8n-nodes-base.code","nodeName":"Code in JavaScript1","nodeId":"50b098bd-b40a-4c90-b2d4-eb880777eaff"}}
{"__type":"$$EventMessageConfirm","confirm":"59643afe-91dc-4a48-92e2-8175cacd0cb2","ts":"2026-07-13T16:40:27.297-04:00","source":{"id":"0","name":"eventBus"}}
{"__type":"$$EventMessageRunner","id":"4298c78a-b67b-4036-ad64-25c760f7d143","ts":"2026-07-13T16:40:27.301-04:00","eventName":"n8n.runner.task.requested","message":"n8n.runner.task.requested","payload":{"taskId":"Adizjvuw","nodeId":"50b098bd-b40a-4c90-b2d4-eb880777eaff","workflowId":"4060d0nwMZdXJrUS","executionId":"491"}}
{"__type":"$$EventMessageConfirm","confirm":"4298c78a-b67b-4036-ad64-25c760f7d143","ts":"2026-07-13T16:40:27.302-04:00","source":{"id":"0","name":"eventBus"}}
{"__type":"$$EventMessageRunner","id":"7a75b472-7042-4f49-b635-665735ec75b7","ts":"2026-07-13T16:40:27.308-04:00","eventName":"n8n.runner.response.received","message":"n8n.runner.response.received","payload":{"taskId":"Adizjvuw","nodeId":"50b098bd-b40a-4c90-b2d4-eb880777eaff","workflowId":"4060d0nwMZdXJrUS","executionId":"491"}}
{"__type":"$$EventMessageConfirm","confirm":"7a75b472-7042-4f49-b635-665735ec75b7","ts":"2026-07-13T16:40:27.308-04:00","source":{"id":"0","name":"eventBus"}}
{"__type":"$$EventMessageNode","id":"ee9d2798-957c-4560-8e67-7fa9e19a4302","ts":"2026-07-13T16:40:27.308-04:00","eventName":"n8n.node.finished","message":"n8n.node.finished","payload":{"workflowId":"4060d0nwMZdXJrUS","workflowName":"alert","executionId":"491","nodeType":"n8n-nodes-base.code","nodeName":"Code in JavaScript1","nodeId":"50b098bd-b40a-4c90-b2d4-eb880777eaff"}}
{"__type":"$$EventMessageConfirm","confirm":"ee9d2798-957c-4560-8e67-7fa9e19a4302","ts":"2026-07-13T16:40:27.308-04:00","source":{"id":"0","name":"eventBus"}}
{"__type":"$$EventMessageWorkflow","id":"5422dcd3-a8b1-49ed-a31b-922df6879e93","ts":"2026-07-13T16:40:27.308-04:00","eventName":"n8n.workflow.success","message":"n8n.workflow.success","payload":{"executionId":"491","success":true,"isManual":false,"mode":"webhook","workflowId":"4060d0nwMZdXJrUS","workflowName":"alert"}}
{"__type":"$$EventMessageConfirm","confirm":"5422dcd3-a8b1-49ed-a31b-922df6879e93","ts":"2026-07-13T16:40:27.308-04:00","source":{"id":"0","name":"eventBus"}}
{"__type":"$$EventMessageWorkflow","id":"96c31835-ca1f-4648-add6-fbe40c0bee02","ts":"2026-07-13T16:41:33.977-04:00","eventName":"n8n.workflow.started","message":"n8n.workflow.started","payload":{"executionId":"492","workflowId":"csjSBc51yUkh2vRH","isManual":false,"mode":"webhook","workflowName":"fire"}}
{"__type":"$$EventMessageConfirm","confirm":"96c31835-ca1f-4648-add6-fbe40c0bee02","ts":"2026-07-13T16:41:33.977-04:00","source":{"id":"0","name":"eventBus"}}
{"__type":"$$EventMessageAudit","id":"f9542da9-4882-4572-8869-1f660a707f77","ts":"2026-07-13T16:41:33.978-04:00","eventName":"n8n.audit.workflow.executed","message":"n8n.audit.workflow.executed","payload":{"workflowId":"csjSBc51yUkh2vRH","workflowName":"fire","executionId":"492","source":"webhook"}}
{"__type":"$$EventMessageConfirm","confirm":"f9542da9-4882-4572-8869-1f660a707f77","ts":"2026-07-13T16:41:33.978-04:00","source":{"id":"0","name":"eventBus"}}
{"__type":"$$EventMessageNode","id":"8c79043d-ea32-47b5-822c-603eb2627d63","ts":"2026-07-13T16:41:33.981-04:00","eventName":"n8n.node.started","message":"n8n.node.started","payload":{"workflowId":"csjSBc51yUkh2vRH","workflowName":"fire","executionId":"492","nodeType":"n8n-nodes-base.webhook","nodeName":"Webhook","nodeId":"24e7bc53-ee06-4b53-b753-97a049b3327b"}}
{"__type":"$$EventMessageConfirm","confirm":"8c79043d-ea32-47b5-822c-603eb2627d63","ts":"2026-07-13T16:41:33.981-04:00","source":{"id":"0","name":"eventBus"}}
{"__type":"$$EventMessageNode","id":"05f2c939-bb86-4f0a-8c10-f3cb8f3cb09d","ts":"2026-07-13T16:41:33.982-04:00","eventName":"n8n.node.finished","message":"n8n.node.finished","payload":{"workflowId":"csjSBc51yUkh2vRH","workflowName":"fire","executionId":"492","nodeType":"n8n-nodes-base.webhook","nodeName":"Webhook","nodeId":"24e7bc53-ee06-4b53-b753-97a049b3327b"}}
{"__type":"$$EventMessageConfirm","confirm":"05f2c939-bb86-4f0a-8c10-f3cb8f3cb09d","ts":"2026-07-13T16:41:33.982-04:00","source":{"id":"0","name":"eventBus"}}
{"__type":"$$EventMessageNode","id":"ec983f87-c812-411d-b120-f3c4e31478af","ts":"2026-07-13T16:41:33.982-04:00","eventName":"n8n.node.started","message":"n8n.node.started","payload":{"workflowId":"csjSBc51yUkh2vRH","workflowName":"fire","executionId":"492","nodeType":"n8n-nodes-base.code","nodeName":"Code in JavaScript","nodeId":"f271c744-c46c-4766-b045-ed1d8821c40d"}}
{"__type":"$$EventMessageConfirm","confirm":"ec983f87-c812-411d-b120-f3c4e31478af","ts":"2026-07-13T16:41:33.982-04:00","source":{"id":"0","name":"eventBus"}}
{"__type":"$$EventMessageRunner","id":"96cfaf2d-7838-42fb-a804-0dd5f3dc29b9","ts":"2026-07-13T16:41:33.988-04:00","eventName":"n8n.runner.task.requested","message":"n8n.runner.task.requested","payload":{"taskId":"gC-H019N","nodeId":"f271c744-c46c-4766-b045-ed1d8821c40d","workflowId":"csjSBc51yUkh2vRH","executionId":"492"}}
{"__type":"$$EventMessageConfirm","confirm":"96cfaf2d-7838-42fb-a804-0dd5f3dc29b9","ts":"2026-07-13T16:41:33.988-04:00","source":{"id":"0","name":"eventBus"}}
{"__type":"$$EventMessageRunner","id":"10aa3f97-8ff9-4c7e-b65b-634bac75e3f7","ts":"2026-07-13T16:41:34.004-04:00","eventName":"n8n.runner.response.received","message":"n8n.runner.response.received","payload":{"taskId":"gC-H019N","nodeId":"f271c744-c46c-4766-b045-ed1d8821c40d","workflowId":"csjSBc51yUkh2vRH","executionId":"492"}}
{"__type":"$$EventMessageConfirm","confirm":"10aa3f97-8ff9-4c7e-b65b-634bac75e3f7","ts":"2026-07-13T16:41:34.004-04:00","source":{"id":"0","name":"eventBus"}}
{"__type":"$$EventMessageNode","id":"bc0a9ef5-b652-413f-861a-21eedbab3b75","ts":"2026-07-13T16:41:34.005-04:00","eventName":"n8n.node.finished","message":"n8n.node.finished","payload":{"workflowId":"csjSBc51yUkh2vRH","workflowName":"fire","executionId":"492","nodeType":"n8n-nodes-base.code","nodeName":"Code in JavaScript","nodeId":"f271c744-c46c-4766-b045-ed1d8821c40d"}}
{"__type":"$$EventMessageConfirm","confirm":"bc0a9ef5-b652-413f-861a-21eedbab3b75","ts":"2026-07-13T16:41:34.005-04:00","source":{"id":"0","name":"eventBus"}}
{"__type":"$$EventMessageNode","id":"cc89cae8-9ff6-4c12-af50-11780ed93b0a","ts":"2026-07-13T16:41:34.005-04:00","eventName":"n8n.node.started","message":"n8n.node.started","payload":{"workflowId":"csjSBc51yUkh2vRH","workflowName":"fire","executionId":"492","nodeType":"n8n-nodes-base.code","nodeName":"Code in JavaScript1","nodeId":"3cd55fa9-d0e9-43ab-b0ba-fe5047c0e593"}}
{"__type":"$$EventMessageConfirm","confirm":"cc89cae8-9ff6-4c12-af50-11780ed93b0a","ts":"2026-07-13T16:41:34.005-04:00","source":{"id":"0","name":"eventBus"}}
{"__type":"$$EventMessageRunner","id":"15d688ee-5c87-4683-bfbb-6bef7dab4d8f","ts":"2026-07-13T16:41:34.009-04:00","eventName":"n8n.runner.task.requested","message":"n8n.runner.task.requested","payload":{"taskId":"B9AyAQiY","nodeId":"3cd55fa9-d0e9-43ab-b0ba-fe5047c0e593","workflowId":"csjSBc51yUkh2vRH","executionId":"492"}}
{"__type":"$$EventMessageConfirm","confirm":"15d688ee-5c87-4683-bfbb-6bef7dab4d8f","ts":"2026-07-13T16:41:34.009-04:00","source":{"id":"0","name":"eventBus"}}
{"__type":"$$EventMessageRunner","id":"0e2b7670-a131-43b5-9d0d-8ae4ba1ae9d9","ts":"2026-07-13T16:41:34.044-04:00","eventName":"n8n.runner.response.received","message":"n8n.runner.response.received","payload":{"taskId":"B9AyAQiY","nodeId":"3cd55fa9-d0e9-43ab-b0ba-fe5047c0e593","workflowId":"csjSBc51yUkh2vRH","executionId":"492"}}
{"__type":"$$EventMessageConfirm","confirm":"0e2b7670-a131-43b5-9d0d-8ae4ba1ae9d9","ts":"2026-07-13T16:41:34.044-04:00","source":{"id":"0","name":"eventBus"}}
{"__type":"$$EventMessageNode","id":"3b796e85-cb63-455f-b363-820597806dfc","ts":"2026-07-13T16:41:34.044-04:00","eventName":"n8n.node.finished","message":"n8n.node.finished","payload":{"workflowId":"csjSBc51yUkh2vRH","workflowName":"fire","executionId":"492","nodeType":"n8n-nodes-base.code","nodeName":"Code in JavaScript1","nodeId":"3cd55fa9-d0e9-43ab-b0ba-fe5047c0e593"}}
{"__type":"$$EventMessageConfirm","confirm":"3b796e85-cb63-455f-b363-820597806dfc","ts":"2026-07-13T16:41:34.045-04:00","source":{"id":"0","name":"eventBus"}}
{"__type":"$$EventMessageWorkflow","id":"9f3e00c8-9565-4774-9ce2-b525c3c89b1a","ts":"2026-07-13T16:41:34.045-04:00","eventName":"n8n.workflow.success","message":"n8n.workflow.success","payload":{"executionId":"492","success":true,"isManual":false,"mode":"webhook","workflowId":"csjSBc51yUkh2vRH","workflowName":"fire"}}
{"__type":"$$EventMessageConfirm","confirm":"9f3e00c8-9565-4774-9ce2-b525c3c89b1a","ts":"2026-07-13T16:41:34.045-04:00","source":{"id":"0","name":"eventBus"}}
{"__type":"$$EventMessageWorkflow","id":"a5265a3d-2762-4a74-8e65-33f962ae4cf7","ts":"2026-07-13T16:41:34.144-04:00","eventName":"n8n.workflow.started","message":"n8n.workflow.started","payload":{"executionId":"493","workflowId":"4060d0nwMZdXJrUS","isManual":false,"mode":"webhook","workflowName":"alert"}}
{"__type":"$$EventMessageConfirm","confirm":"a5265a3d-2762-4a74-8e65-33f962ae4cf7","ts":"2026-07-13T16:41:34.144-04:00","source":{"id":"0","name":"eventBus"}}
{"__type":"$$EventMessageAudit","id":"2ba16e66-8201-4d3c-9862-47e3dcdee897","ts":"2026-07-13T16:41:34.145-04:00","eventName":"n8n.audit.workflow.executed","message":"n8n.audit.workflow.executed","payload":{"workflowId":"4060d0nwMZdXJrUS","workflowName":"alert","executionId":"493","source":"webhook"}}
{"__type":"$$EventMessageConfirm","confirm":"2ba16e66-8201-4d3c-9862-47e3dcdee897","ts":"2026-07-13T16:41:34.145-04:00","source":{"id":"0","name":"eventBus"}}
{"__type":"$$EventMessageNode","id":"37f29c6c-7b6b-4158-a40b-be2abcdedce6","ts":"2026-07-13T16:41:34.146-04:00","eventName":"n8n.node.started","message":"n8n.node.started","payload":{"workflowId":"4060d0nwMZdXJrUS","workflowName":"alert","executionId":"493","nodeType":"n8n-nodes-base.webhook","nodeName":"Webhook","nodeId":"45b9a4be-0184-403c-83f3-41cbd14731c8"}}
{"__type":"$$EventMessageConfirm","confirm":"37f29c6c-7b6b-4158-a40b-be2abcdedce6","ts":"2026-07-13T16:41:34.146-04:00","source":{"id":"0","name":"eventBus"}}
{"__type":"$$EventMessageNode","id":"9dbfa2f0-9813-491c-ab1d-be6ca9656623","ts":"2026-07-13T16:41:34.146-04:00","eventName":"n8n.node.finished","message":"n8n.node.finished","payload":{"workflowId":"4060d0nwMZdXJrUS","workflowName":"alert","executionId":"493","nodeType":"n8n-nodes-base.webhook","nodeName":"Webhook","nodeId":"45b9a4be-0184-403c-83f3-41cbd14731c8"}}
{"__type":"$$EventMessageConfirm","confirm":"9dbfa2f0-9813-491c-ab1d-be6ca9656623","ts":"2026-07-13T16:41:34.146-04:00","source":{"id":"0","name":"eventBus"}}
{"__type":"$$EventMessageNode","id":"d7ae9095-764a-4bc3-94a2-8a31db65ba54","ts":"2026-07-13T16:41:34.146-04:00","eventName":"n8n.node.started","message":"n8n.node.started","payload":{"workflowId":"4060d0nwMZdXJrUS","workflowName":"alert","executionId":"493","nodeType":"n8n-nodes-base.code","nodeName":"Code in JavaScript","nodeId":"847e0d93-8488-41ce-97de-68b297df2b47"}}
{"__type":"$$EventMessageConfirm","confirm":"d7ae9095-764a-4bc3-94a2-8a31db65ba54","ts":"2026-07-13T16:41:34.146-04:00","source":{"id":"0","name":"eventBus"}}
{"__type":"$$EventMessageRunner","id":"aec53ec8-104e-45f6-96a4-b3dabaa56bee","ts":"2026-07-13T16:41:34.154-04:00","eventName":"n8n.runner.task.requested","message":"n8n.runner.task.requested","payload":{"taskId":"FETdZhuU","nodeId":"847e0d93-8488-41ce-97de-68b297df2b47","workflowId":"4060d0nwMZdXJrUS","executionId":"493"}}
{"__type":"$$EventMessageConfirm","confirm":"aec53ec8-104e-45f6-96a4-b3dabaa56bee","ts":"2026-07-13T16:41:34.154-04:00","source":{"id":"0","name":"eventBus"}}
{"__type":"$$EventMessageRunner","id":"ba2ca67a-b2d0-4324-8081-1e4ab9139570","ts":"2026-07-13T16:41:34.162-04:00","eventName":"n8n.runner.response.received","message":"n8n.runner.response.received","payload":{"taskId":"FETdZhuU","nodeId":"847e0d93-8488-41ce-97de-68b297df2b47","workflowId":"4060d0nwMZdXJrUS","executionId":"493"}}
{"__type":"$$EventMessageConfirm","confirm":"ba2ca67a-b2d0-4324-8081-1e4ab9139570","ts":"2026-07-13T16:41:34.162-04:00","source":{"id":"0","name":"eventBus"}}
{"__type":"$$EventMessageNode","id":"30040011-277f-4e47-b488-3d2dd19222fd","ts":"2026-07-13T16:41:34.163-04:00","eventName":"n8n.node.finished","message":"n8n.node.finished","payload":{"workflowId":"4060d0nwMZdXJrUS","workflowName":"alert","executionId":"493","nodeType":"n8n-nodes-base.code","nodeName":"Code in JavaScript","nodeId":"847e0d93-8488-41ce-97de-68b297df2b47"}}
{"__type":"$$EventMessageConfirm","confirm":"30040011-277f-4e47-b488-3d2dd19222fd","ts":"2026-07-13T16:41:34.163-04:00","source":{"id":"0","name":"eventBus"}}
{"__type":"$$EventMessageNode","id":"476c64c9-c326-4efa-a969-c064b9944490","ts":"2026-07-13T16:41:34.163-04:00","eventName":"n8n.node.started","message":"n8n.node.started","payload":{"workflowId":"4060d0nwMZdXJrUS","workflowName":"alert","executionId":"493","nodeType":"n8n-nodes-base.if","nodeName":"If","nodeId":"a8f0bf21-8151-4783-a4a5-ac8e38d0da13"}}
{"__type":"$$EventMessageConfirm","confirm":"476c64c9-c326-4efa-a969-c064b9944490","ts":"2026-07-13T16:41:34.163-04:00","source":{"id":"0","name":"eventBus"}}
{"__type":"$$EventMessageNode","id":"0928f5dc-efc5-42fc-aee2-dfcbe75b5b8a","ts":"2026-07-13T16:41:34.165-04:00","eventName":"n8n.node.finished","message":"n8n.node.finished","payload":{"workflowId":"4060d0nwMZdXJrUS","workflowName":"alert","executionId":"493","nodeType":"n8n-nodes-base.if","nodeName":"If","nodeId":"a8f0bf21-8151-4783-a4a5-ac8e38d0da13"}}
{"__type":"$$EventMessageConfirm","confirm":"0928f5dc-efc5-42fc-aee2-dfcbe75b5b8a","ts":"2026-07-13T16:41:34.165-04:00","source":{"id":"0","name":"eventBus"}}
{"__type":"$$EventMessageNode","id":"346a8720-a81d-4924-a986-52fea1f507d5","ts":"2026-07-13T16:41:34.165-04:00","eventName":"n8n.node.started","message":"n8n.node.started","payload":{"workflowId":"4060d0nwMZdXJrUS","workflowName":"alert","executionId":"493","nodeType":"n8n-nodes-base.code","nodeName":"Code in JavaScript1","nodeId":"50b098bd-b40a-4c90-b2d4-eb880777eaff"}}
{"__type":"$$EventMessageConfirm","confirm":"346a8720-a81d-4924-a986-52fea1f507d5","ts":"2026-07-13T16:41:34.165-04:00","source":{"id":"0","name":"eventBus"}}
{"__type":"$$EventMessageRunner","id":"8efb6a86-1b70-46af-b6cf-47c95731b972","ts":"2026-07-13T16:41:34.167-04:00","eventName":"n8n.runner.task.requested","message":"n8n.runner.task.requested","payload":{"taskId":"gwrFnDbz","nodeId":"50b098bd-b40a-4c90-b2d4-eb880777eaff","workflowId":"4060d0nwMZdXJrUS","executionId":"493"}}
{"__type":"$$EventMessageConfirm","confirm":"8efb6a86-1b70-46af-b6cf-47c95731b972","ts":"2026-07-13T16:41:34.167-04:00","source":{"id":"0","name":"eventBus"}}
{"__type":"$$EventMessageRunner","id":"171811c2-a0ed-4ff7-82ab-e416120b4240","ts":"2026-07-13T16:41:34.176-04:00","eventName":"n8n.runner.response.received","message":"n8n.runner.response.received","payload":{"taskId":"gwrFnDbz","nodeId":"50b098bd-b40a-4c90-b2d4-eb880777eaff","workflowId":"4060d0nwMZdXJrUS","executionId":"493"}}
{"__type":"$$EventMessageConfirm","confirm":"171811c2-a0ed-4ff7-82ab-e416120b4240","ts":"2026-07-13T16:41:34.177-04:00","source":{"id":"0","name":"eventBus"}}
{"__type":"$$EventMessageNode","id":"324ff5f0-626c-4a36-ac7d-54e9006f991d","ts":"2026-07-13T16:41:34.177-04:00","eventName":"n8n.node.finished","message":"n8n.node.finished","payload":{"workflowId":"4060d0nwMZdXJrUS","workflowName":"alert","executionId":"493","nodeType":"n8n-nodes-base.code","nodeName":"Code in JavaScript1","nodeId":"50b098bd-b40a-4c90-b2d4-eb880777eaff"}}
{"__type":"$$EventMessageConfirm","confirm":"324ff5f0-626c-4a36-ac7d-54e9006f991d","ts":"2026-07-13T16:41:34.177-04:00","source":{"id":"0","name":"eventBus"}}
{"__type":"$$EventMessageWorkflow","id":"f875abfd-f47a-484e-ae3b-9297689060cb","ts":"2026-07-13T16:41:34.177-04:00","eventName":"n8n.workflow.success","message":"n8n.workflow.success","payload":{"executionId":"493","success":true,"isManual":false,"mode":"webhook","workflowId":"4060d0nwMZdXJrUS","workflowName":"alert"}}
{"__type":"$$EventMessageConfirm","confirm":"f875abfd-f47a-484e-ae3b-9297689060cb","ts":"2026-07-13T16:41:34.177-04:00","source":{"id":"0","name":"eventBus"}}
{"__type":"$$EventMessageWorkflow","id":"8d2a8156-72a6-4463-b529-e128319c3953","ts":"2026-07-13T16:42:47.608-04:00","eventName":"n8n.workflow.started","message":"n8n.workflow.started","payload":{"executionId":"494","workflowId":"csjSBc51yUkh2vRH","isManual":false,"mode":"webhook","workflowName":"fire"}}
{"__type":"$$EventMessageConfirm","confirm":"8d2a8156-72a6-4463-b529-e128319c3953","ts":"2026-07-13T16:42:47.609-04:00","source":{"id":"0","name":"eventBus"}}
{"__type":"$$EventMessageAudit","id":"0deef740-a4fd-4e99-800e-509aba0550cf","ts":"2026-07-13T16:42:47.614-04:00","eventName":"n8n.audit.workflow.executed","message":"n8n.audit.workflow.executed","payload":{"workflowId":"csjSBc51yUkh2vRH","workflowName":"fire","executionId":"494","source":"webhook"}}
{"__type":"$$EventMessageConfirm","confirm":"0deef740-a4fd-4e99-800e-509aba0550cf","ts":"2026-07-13T16:42:47.618-04:00","source":{"id":"0","name":"eventBus"}}
{"__type":"$$EventMessageNode","id":"87c0dd85-64ee-4a6c-8341-df618e1f8595","ts":"2026-07-13T16:42:47.620-04:00","eventName":"n8n.node.started","message":"n8n.node.started","payload":{"workflowId":"csjSBc51yUkh2vRH","workflowName":"fire","executionId":"494","nodeType":"n8n-nodes-base.webhook","nodeName":"Webhook","nodeId":"24e7bc53-ee06-4b53-b753-97a049b3327b"}}
{"__type":"$$EventMessageConfirm","confirm":"87c0dd85-64ee-4a6c-8341-df618e1f8595","ts":"2026-07-13T16:42:47.620-04:00","source":{"id":"0","name":"eventBus"}}
{"__type":"$$EventMessageNode","id":"e0860698-1f62-4dbc-b488-dad8d74c8729","ts":"2026-07-13T16:42:47.620-04:00","eventName":"n8n.node.finished","message":"n8n.node.finished","payload":{"workflowId":"csjSBc51yUkh2vRH","workflowName":"fire","executionId":"494","nodeType":"n8n-nodes-base.webhook","nodeName":"Webhook","nodeId":"24e7bc53-ee06-4b53-b753-97a049b3327b"}}
{"__type":"$$EventMessageConfirm","confirm":"e0860698-1f62-4dbc-b488-dad8d74c8729","ts":"2026-07-13T16:42:47.620-04:00","source":{"id":"0","name":"eventBus"}}
{"__type":"$$EventMessageNode","id":"8211d315-2f72-4698-a3e5-97833421e8b7","ts":"2026-07-13T16:42:47.621-04:00","eventName":"n8n.node.started","message":"n8n.node.started","payload":{"workflowId":"csjSBc51yUkh2vRH","workflowName":"fire","executionId":"494","nodeType":"n8n-nodes-base.code","nodeName":"Code in JavaScript","nodeId":"f271c744-c46c-4766-b045-ed1d8821c40d"}}
{"__type":"$$EventMessageConfirm","confirm":"8211d315-2f72-4698-a3e5-97833421e8b7","ts":"2026-07-13T16:42:47.621-04:00","source":{"id":"0","name":"eventBus"}}
{"__type":"$$EventMessageRunner","id":"ffbf4155-4cc2-4223-b400-0120da9f7f00","ts":"2026-07-13T16:42:47.623-04:00","eventName":"n8n.runner.task.requested","message":"n8n.runner.task.requested","payload":{"taskId":"WKtVTIrd","nodeId":"f271c744-c46c-4766-b045-ed1d8821c40d","workflowId":"csjSBc51yUkh2vRH","executionId":"494"}}
{"__type":"$$EventMessageConfirm","confirm":"ffbf4155-4cc2-4223-b400-0120da9f7f00","ts":"2026-07-13T16:42:47.623-04:00","source":{"id":"0","name":"eventBus"}}
{"__type":"$$EventMessageRunner","id":"596fce53-c349-40cf-962c-d41c6134a4c3","ts":"2026-07-13T16:42:47.633-04:00","eventName":"n8n.runner.response.received","message":"n8n.runner.response.received","payload":{"taskId":"WKtVTIrd","nodeId":"f271c744-c46c-4766-b045-ed1d8821c40d","workflowId":"csjSBc51yUkh2vRH","executionId":"494"}}
{"__type":"$$EventMessageConfirm","confirm":"596fce53-c349-40cf-962c-d41c6134a4c3","ts":"2026-07-13T16:42:47.633-04:00","source":{"id":"0","name":"eventBus"}}
{"__type":"$$EventMessageNode","id":"f98d9d57-a669-4f3d-878c-ce1abfe10294","ts":"2026-07-13T16:42:47.633-04:00","eventName":"n8n.node.finished","message":"n8n.node.finished","payload":{"workflowId":"csjSBc51yUkh2vRH","workflowName":"fire","executionId":"494","nodeType":"n8n-nodes-base.code","nodeName":"Code in JavaScript","nodeId":"f271c744-c46c-4766-b045-ed1d8821c40d"}}
{"__type":"$$EventMessageConfirm","confirm":"f98d9d57-a669-4f3d-878c-ce1abfe10294","ts":"2026-07-13T16:42:47.633-04:00","source":{"id":"0","name":"eventBus"}}
{"__type":"$$EventMessageNode","id":"8243eab5-464a-4de9-ab4a-4a6d52a04384","ts":"2026-07-13T16:42:47.633-04:00","eventName":"n8n.node.started","message":"n8n.node.started","payload":{"workflowId":"csjSBc51yUkh2vRH","workflowName":"fire","executionId":"494","nodeType":"n8n-nodes-base.code","nodeName":"Code in JavaScript1","nodeId":"3cd55fa9-d0e9-43ab-b0ba-fe5047c0e593"}}
{"__type":"$$EventMessageConfirm","confirm":"8243eab5-464a-4de9-ab4a-4a6d52a04384","ts":"2026-07-13T16:42:47.634-04:00","source":{"id":"0","name":"eventBus"}}
{"__type":"$$EventMessageRunner","id":"cabcdb37-8309-441b-bb16-2b79d12959db","ts":"2026-07-13T16:42:47.647-04:00","eventName":"n8n.runner.task.requested","message":"n8n.runner.task.requested","payload":{"taskId":"bs-8-qED","nodeId":"3cd55fa9-d0e9-43ab-b0ba-fe5047c0e593","workflowId":"csjSBc51yUkh2vRH","executionId":"494"}}
{"__type":"$$EventMessageConfirm","confirm":"cabcdb37-8309-441b-bb16-2b79d12959db","ts":"2026-07-13T16:42:47.647-04:00","source":{"id":"0","name":"eventBus"}}
{"__type":"$$EventMessageRunner","id":"38b8c780-eb16-4861-8440-be83008c4305","ts":"2026-07-13T16:42:47.721-04:00","eventName":"n8n.runner.response.received","message":"n8n.runner.response.received","payload":{"taskId":"bs-8-qED","nodeId":"3cd55fa9-d0e9-43ab-b0ba-fe5047c0e593","workflowId":"csjSBc51yUkh2vRH","executionId":"494"}}
{"__type":"$$EventMessageConfirm","confirm":"38b8c780-eb16-4861-8440-be83008c4305","ts":"2026-07-13T16:42:47.721-04:00","source":{"id":"0","name":"eventBus"}}
{"__type":"$$EventMessageNode","id":"723ff09b-6bec-415d-997e-5b67638ec383","ts":"2026-07-13T16:42:47.722-04:00","eventName":"n8n.node.finished","message":"n8n.node.finished","payload":{"workflowId":"csjSBc51yUkh2vRH","workflowName":"fire","executionId":"494","nodeType":"n8n-nodes-base.code","nodeName":"Code in JavaScript1","nodeId":"3cd55fa9-d0e9-43ab-b0ba-fe5047c0e593"}}
{"__type":"$$EventMessageConfirm","confirm":"723ff09b-6bec-415d-997e-5b67638ec383","ts":"2026-07-13T16:42:47.722-04:00","source":{"id":"0","name":"eventBus"}}
{"__type":"$$EventMessageWorkflow","id":"f8ff9189-fbc6-411e-ba7b-6c200f5caa8e","ts":"2026-07-13T16:42:47.723-04:00","eventName":"n8n.workflow.success","message":"n8n.workflow.success","payload":{"executionId":"494","success":true,"isManual":false,"mode":"webhook","workflowId":"csjSBc51yUkh2vRH","workflowName":"fire"}}
{"__type":"$$EventMessageConfirm","confirm":"f8ff9189-fbc6-411e-ba7b-6c200f5caa8e","ts":"2026-07-13T16:42:47.723-04:00","source":{"id":"0","name":"eventBus"}}
{"__type":"$$EventMessageWorkflow","id":"6205de15-29b3-461e-b676-5b6179dc7d59","ts":"2026-07-13T16:42:47.988-04:00","eventName":"n8n.workflow.started","message":"n8n.workflow.started","payload":{"executionId":"495","workflowId":"4060d0nwMZdXJrUS","isManual":false,"mode":"webhook","workflowName":"alert"}}
{"__type":"$$EventMessageConfirm","confirm":"6205de15-29b3-461e-b676-5b6179dc7d59","ts":"2026-07-13T16:42:47.988-04:00","source":{"id":"0","name":"eventBus"}}
{"__type":"$$EventMessageAudit","id":"c4d550a5-305b-4fcd-a1bc-e147fab9e103","ts":"2026-07-13T16:42:47.989-04:00","eventName":"n8n.audit.workflow.executed","message":"n8n.audit.workflow.executed","payload":{"workflowId":"4060d0nwMZdXJrUS","workflowName":"alert","executionId":"495","source":"webhook"}}
{"__type":"$$EventMessageConfirm","confirm":"c4d550a5-305b-4fcd-a1bc-e147fab9e103","ts":"2026-07-13T16:42:47.989-04:00","source":{"id":"0","name":"eventBus"}}
{"__type":"$$EventMessageNode","id":"013efba1-0b25-429f-b442-e75dc4b5a7ae","ts":"2026-07-13T16:42:47.991-04:00","eventName":"n8n.node.started","message":"n8n.node.started","payload":{"workflowId":"4060d0nwMZdXJrUS","workflowName":"alert","executionId":"495","nodeType":"n8n-nodes-base.webhook","nodeName":"Webhook","nodeId":"45b9a4be-0184-403c-83f3-41cbd14731c8"}}
{"__type":"$$EventMessageConfirm","confirm":"013efba1-0b25-429f-b442-e75dc4b5a7ae","ts":"2026-07-13T16:42:47.991-04:00","source":{"id":"0","name":"eventBus"}}
{"__type":"$$EventMessageNode","id":"47492a52-ffdc-4e95-a0c6-ba1298dbd18b","ts":"2026-07-13T16:42:47.992-04:00","eventName":"n8n.node.finished","message":"n8n.node.finished","payload":{"workflowId":"4060d0nwMZdXJrUS","workflowName":"alert","executionId":"495","nodeType":"n8n-nodes-base.webhook","nodeName":"Webhook","nodeId":"45b9a4be-0184-403c-83f3-41cbd14731c8"}}
{"__type":"$$EventMessageConfirm","confirm":"47492a52-ffdc-4e95-a0c6-ba1298dbd18b","ts":"2026-07-13T16:42:47.992-04:00","source":{"id":"0","name":"eventBus"}}
{"__type":"$$EventMessageNode","id":"aac3fdc5-ae70-45bb-b0df-6eedd1522bfb","ts":"2026-07-13T16:42:47.992-04:00","eventName":"n8n.node.started","message":"n8n.node.started","payload":{"workflowId":"4060d0nwMZdXJrUS","workflowName":"alert","executionId":"495","nodeType":"n8n-nodes-base.code","nodeName":"Code in JavaScript","nodeId":"847e0d93-8488-41ce-97de-68b297df2b47"}}
{"__type":"$$EventMessageConfirm","confirm":"aac3fdc5-ae70-45bb-b0df-6eedd1522bfb","ts":"2026-07-13T16:42:47.992-04:00","source":{"id":"0","name":"eventBus"}}
{"__type":"$$EventMessageRunner","id":"f8305c84-2050-4d50-8b48-7c6d7ddccf2a","ts":"2026-07-13T16:42:48.004-04:00","eventName":"n8n.runner.task.requested","message":"n8n.runner.task.requested","payload":{"taskId":"WXHgaygo","nodeId":"847e0d93-8488-41ce-97de-68b297df2b47","workflowId":"4060d0nwMZdXJrUS","executionId":"495"}}
{"__type":"$$EventMessageConfirm","confirm":"f8305c84-2050-4d50-8b48-7c6d7ddccf2a","ts":"2026-07-13T16:42:48.004-04:00","source":{"id":"0","name":"eventBus"}}
{"__type":"$$EventMessageRunner","id":"0b48fc80-a600-4b27-81b5-89dd706b04f6","ts":"2026-07-13T16:42:48.022-04:00","eventName":"n8n.runner.response.received","message":"n8n.runner.response.received","payload":{"taskId":"WXHgaygo","nodeId":"847e0d93-8488-41ce-97de-68b297df2b47","workflowId":"4060d0nwMZdXJrUS","executionId":"495"}}
{"__type":"$$EventMessageConfirm","confirm":"0b48fc80-a600-4b27-81b5-89dd706b04f6","ts":"2026-07-13T16:42:48.022-04:00","source":{"id":"0","name":"eventBus"}}
{"__type":"$$EventMessageNode","id":"72abf9cd-08bd-49c2-b633-a470cc902050","ts":"2026-07-13T16:42:48.022-04:00","eventName":"n8n.node.finished","message":"n8n.node.finished","payload":{"workflowId":"4060d0nwMZdXJrUS","workflowName":"alert","executionId":"495","nodeType":"n8n-nodes-base.code","nodeName":"Code in JavaScript","nodeId":"847e0d93-8488-41ce-97de-68b297df2b47"}}
{"__type":"$$EventMessageConfirm","confirm":"72abf9cd-08bd-49c2-b633-a470cc902050","ts":"2026-07-13T16:42:48.023-04:00","source":{"id":"0","name":"eventBus"}}
{"__type":"$$EventMessageNode","id":"363f3c57-aaff-496b-8a8f-35f51b272823","ts":"2026-07-13T16:42:48.023-04:00","eventName":"n8n.node.started","message":"n8n.node.started","payload":{"workflowId":"4060d0nwMZdXJrUS","workflowName":"alert","executionId":"495","nodeType":"n8n-nodes-base.if","nodeName":"If","nodeId":"a8f0bf21-8151-4783-a4a5-ac8e38d0da13"}}
{"__type":"$$EventMessageConfirm","confirm":"363f3c57-aaff-496b-8a8f-35f51b272823","ts":"2026-07-13T16:42:48.023-04:00","source":{"id":"0","name":"eventBus"}}
{"__type":"$$EventMessageNode","id":"b85900c7-2971-445f-97df-3cf93874ae3f","ts":"2026-07-13T16:42:48.025-04:00","eventName":"n8n.node.finished","message":"n8n.node.finished","payload":{"workflowId":"4060d0nwMZdXJrUS","workflowName":"alert","executionId":"495","nodeType":"n8n-nodes-base.if","nodeName":"If","nodeId":"a8f0bf21-8151-4783-a4a5-ac8e38d0da13"}}
{"__type":"$$EventMessageConfirm","confirm":"b85900c7-2971-445f-97df-3cf93874ae3f","ts":"2026-07-13T16:42:48.025-04:00","source":{"id":"0","name":"eventBus"}}
{"__type":"$$EventMessageNode","id":"107dbb35-1bb2-4f7e-9f2b-58387a037d73","ts":"2026-07-13T16:42:48.025-04:00","eventName":"n8n.node.started","message":"n8n.node.started","payload":{"workflowId":"4060d0nwMZdXJrUS","workflowName":"alert","executionId":"495","nodeType":"n8n-nodes-base.code","nodeName":"Code in JavaScript1","nodeId":"50b098bd-b40a-4c90-b2d4-eb880777eaff"}}
{"__type":"$$EventMessageConfirm","confirm":"107dbb35-1bb2-4f7e-9f2b-58387a037d73","ts":"2026-07-13T16:42:48.025-04:00","source":{"id":"0","name":"eventBus"}}
{"__type":"$$EventMessageRunner","id":"f8cea02d-8692-4539-9d58-de07df5519ed","ts":"2026-07-13T16:42:48.030-04:00","eventName":"n8n.runner.task.requested","message":"n8n.runner.task.requested","payload":{"taskId":"wJ5U-DXu","nodeId":"50b098bd-b40a-4c90-b2d4-eb880777eaff","workflowId":"4060d0nwMZdXJrUS","executionId":"495"}}
{"__type":"$$EventMessageConfirm","confirm":"f8cea02d-8692-4539-9d58-de07df5519ed","ts":"2026-07-13T16:42:48.030-04:00","source":{"id":"0","name":"eventBus"}}
{"__type":"$$EventMessageRunner","id":"b8474756-4bd0-44bb-a3c1-959fbcab871f","ts":"2026-07-13T16:42:48.054-04:00","eventName":"n8n.runner.response.received","message":"n8n.runner.response.received","payload":{"taskId":"wJ5U-DXu","nodeId":"50b098bd-b40a-4c90-b2d4-eb880777eaff","workflowId":"4060d0nwMZdXJrUS","executionId":"495"}}
{"__type":"$$EventMessageConfirm","confirm":"b8474756-4bd0-44bb-a3c1-959fbcab871f","ts":"2026-07-13T16:42:48.055-04:00","source":{"id":"0","name":"eventBus"}}
{"__type":"$$EventMessageNode","id":"0dbae872-4e18-4975-b687-9ab65f19f23e","ts":"2026-07-13T16:42:48.055-04:00","eventName":"n8n.node.finished","message":"n8n.node.finished","payload":{"workflowId":"4060d0nwMZdXJrUS","workflowName":"alert","executionId":"495","nodeType":"n8n-nodes-base.code","nodeName":"Code in JavaScript1","nodeId":"50b098bd-b40a-4c90-b2d4-eb880777eaff"}}
{"__type":"$$EventMessageConfirm","confirm":"0dbae872-4e18-4975-b687-9ab65f19f23e","ts":"2026-07-13T16:42:48.055-04:00","source":{"id":"0","name":"eventBus"}}
{"__type":"$$EventMessageWorkflow","id":"46d6d3a7-caf1-473e-be18-d1f8254a6e74","ts":"2026-07-13T16:42:48.055-04:00","eventName":"n8n.workflow.success","message":"n8n.workflow.success","payload":{"executionId":"495","success":true,"isManual":false,"mode":"webhook","workflowId":"4060d0nwMZdXJrUS","workflowName":"alert"}}
{"__type":"$$EventMessageConfirm","confirm":"46d6d3a7-caf1-473e-be18-d1f8254a6e74","ts":"2026-07-13T16:42:48.055-04:00","source":{"id":"0","name":"eventBus"}}
{"__type":"$$EventMessageWorkflow","id":"52e22ac7-9afa-44ca-8948-dc0649540962","ts":"2026-07-13T16:44:02.226-04:00","eventName":"n8n.workflow.started","message":"n8n.workflow.started","payload":{"executionId":"496","workflowId":"4060d0nwMZdXJrUS","isManual":false,"mode":"webhook","workflowName":"alert"}}
{"__type":"$$EventMessageConfirm","confirm":"52e22ac7-9afa-44ca-8948-dc0649540962","ts":"2026-07-13T16:44:02.226-04:00","source":{"id":"0","name":"eventBus"}}
{"__type":"$$EventMessageAudit","id":"af98f222-b7b5-462c-8af2-38c70995069f","ts":"2026-07-13T16:44:02.228-04:00","eventName":"n8n.audit.workflow.executed","message":"n8n.audit.workflow.executed","payload":{"workflowId":"4060d0nwMZdXJrUS","workflowName":"alert","executionId":"496","source":"webhook"}}
{"__type":"$$EventMessageConfirm","confirm":"af98f222-b7b5-462c-8af2-38c70995069f","ts":"2026-07-13T16:44:02.228-04:00","source":{"id":"0","name":"eventBus"}}
{"__type":"$$EventMessageNode","id":"9d2e0371-118c-42e8-bb66-e061ea75d9d6","ts":"2026-07-13T16:44:02.229-04:00","eventName":"n8n.node.started","message":"n8n.node.started","payload":{"workflowId":"4060d0nwMZdXJrUS","workflowName":"alert","executionId":"496","nodeType":"n8n-nodes-base.webhook","nodeName":"Webhook","nodeId":"45b9a4be-0184-403c-83f3-41cbd14731c8"}}
{"__type":"$$EventMessageConfirm","confirm":"9d2e0371-118c-42e8-bb66-e061ea75d9d6","ts":"2026-07-13T16:44:02.229-04:00","source":{"id":"0","name":"eventBus"}}
{"__type":"$$EventMessageNode","id":"a9d05cb2-5a71-44c0-a0b8-4417df34cad6","ts":"2026-07-13T16:44:02.229-04:00","eventName":"n8n.node.finished","message":"n8n.node.finished","payload":{"workflowId":"4060d0nwMZdXJrUS","workflowName":"alert","executionId":"496","nodeType":"n8n-nodes-base.webhook","nodeName":"Webhook","nodeId":"45b9a4be-0184-403c-83f3-41cbd14731c8"}}
{"__type":"$$EventMessageConfirm","confirm":"a9d05cb2-5a71-44c0-a0b8-4417df34cad6","ts":"2026-07-13T16:44:02.230-04:00","source":{"id":"0","name":"eventBus"}}
{"__type":"$$EventMessageNode","id":"d9d1c831-02ec-40d1-af39-c0121f226069","ts":"2026-07-13T16:44:02.230-04:00","eventName":"n8n.node.started","message":"n8n.node.started","payload":{"workflowId":"4060d0nwMZdXJrUS","workflowName":"alert","executionId":"496","nodeType":"n8n-nodes-base.code","nodeName":"Code in JavaScript","nodeId":"847e0d93-8488-41ce-97de-68b297df2b47"}}
{"__type":"$$EventMessageConfirm","confirm":"d9d1c831-02ec-40d1-af39-c0121f226069","ts":"2026-07-13T16:44:02.230-04:00","source":{"id":"0","name":"eventBus"}}
{"__type":"$$EventMessageRunner","id":"33371a5a-981f-46bd-afa4-3528d3339f1d","ts":"2026-07-13T16:44:02.232-04:00","eventName":"n8n.runner.task.requested","message":"n8n.runner.task.requested","payload":{"taskId":"-OQ8U68J","nodeId":"847e0d93-8488-41ce-97de-68b297df2b47","workflowId":"4060d0nwMZdXJrUS","executionId":"496"}}
{"__type":"$$EventMessageConfirm","confirm":"33371a5a-981f-46bd-afa4-3528d3339f1d","ts":"2026-07-13T16:44:02.232-04:00","source":{"id":"0","name":"eventBus"}}
{"__type":"$$EventMessageRunner","id":"d1a29ca4-69d2-4268-9be8-e141f5664ea4","ts":"2026-07-13T16:44:02.240-04:00","eventName":"n8n.runner.response.received","message":"n8n.runner.response.received","payload":{"taskId":"-OQ8U68J","nodeId":"847e0d93-8488-41ce-97de-68b297df2b47","workflowId":"4060d0nwMZdXJrUS","executionId":"496"}}
{"__type":"$$EventMessageConfirm","confirm":"d1a29ca4-69d2-4268-9be8-e141f5664ea4","ts":"2026-07-13T16:44:02.241-04:00","source":{"id":"0","name":"eventBus"}}
{"__type":"$$EventMessageNode","id":"502ea31a-5940-4d8e-866e-e1389ab146fb","ts":"2026-07-13T16:44:02.241-04:00","eventName":"n8n.node.finished","message":"n8n.node.finished","payload":{"workflowId":"4060d0nwMZdXJrUS","workflowName":"alert","executionId":"496","nodeType":"n8n-nodes-base.code","nodeName":"Code in JavaScript","nodeId":"847e0d93-8488-41ce-97de-68b297df2b47"}}
{"__type":"$$EventMessageConfirm","confirm":"502ea31a-5940-4d8e-866e-e1389ab146fb","ts":"2026-07-13T16:44:02.241-04:00","source":{"id":"0","name":"eventBus"}}
{"__type":"$$EventMessageNode","id":"21e34b05-6dc4-4a46-b114-a14bdcc8fdba","ts":"2026-07-13T16:44:02.241-04:00","eventName":"n8n.node.started","message":"n8n.node.started","payload":{"workflowId":"4060d0nwMZdXJrUS","workflowName":"alert","executionId":"496","nodeType":"n8n-nodes-base.if","nodeName":"If","nodeId":"a8f0bf21-8151-4783-a4a5-ac8e38d0da13"}}
{"__type":"$$EventMessageConfirm","confirm":"21e34b05-6dc4-4a46-b114-a14bdcc8fdba","ts":"2026-07-13T16:44:02.241-04:00","source":{"id":"0","name":"eventBus"}}
{"__type":"$$EventMessageNode","id":"68c1f254-a98f-440b-b688-caf579b3a84e","ts":"2026-07-13T16:44:02.243-04:00","eventName":"n8n.node.finished","message":"n8n.node.finished","payload":{"workflowId":"4060d0nwMZdXJrUS","workflowName":"alert","executionId":"496","nodeType":"n8n-nodes-base.if","nodeName":"If","nodeId":"a8f0bf21-8151-4783-a4a5-ac8e38d0da13"}}
{"__type":"$$EventMessageConfirm","confirm":"68c1f254-a98f-440b-b688-caf579b3a84e","ts":"2026-07-13T16:44:02.243-04:00","source":{"id":"0","name":"eventBus"}}
{"__type":"$$EventMessageNode","id":"8f345792-5f38-4ffb-87a8-faebdd5b293c","ts":"2026-07-13T16:44:02.247-04:00","eventName":"n8n.node.started","message":"n8n.node.started","payload":{"workflowId":"4060d0nwMZdXJrUS","workflowName":"alert","executionId":"496","nodeType":"n8n-nodes-base.code","nodeName":"Code in JavaScript2","nodeId":"6269d19a-dac3-4618-b12a-14bc32900427"}}
{"__type":"$$EventMessageConfirm","confirm":"8f345792-5f38-4ffb-87a8-faebdd5b293c","ts":"2026-07-13T16:44:02.247-04:00","source":{"id":"0","name":"eventBus"}}
{"__type":"$$EventMessageRunner","id":"c15436f1-2ab6-46e2-990a-db0c4f393191","ts":"2026-07-13T16:44:02.249-04:00","eventName":"n8n.runner.task.requested","message":"n8n.runner.task.requested","payload":{"taskId":"dkc5Omxa","nodeId":"6269d19a-dac3-4618-b12a-14bc32900427","workflowId":"4060d0nwMZdXJrUS","executionId":"496"}}
{"__type":"$$EventMessageConfirm","confirm":"c15436f1-2ab6-46e2-990a-db0c4f393191","ts":"2026-07-13T16:44:02.249-04:00","source":{"id":"0","name":"eventBus"}}
{"__type":"$$EventMessageRunner","id":"df1f95f3-1aec-4b91-8955-96d956ce0c74","ts":"2026-07-13T16:44:02.258-04:00","eventName":"n8n.runner.response.received","message":"n8n.runner.response.received","payload":{"taskId":"dkc5Omxa","nodeId":"6269d19a-dac3-4618-b12a-14bc32900427","workflowId":"4060d0nwMZdXJrUS","executionId":"496"}}
{"__type":"$$EventMessageConfirm","confirm":"df1f95f3-1aec-4b91-8955-96d956ce0c74","ts":"2026-07-13T16:44:02.258-04:00","source":{"id":"0","name":"eventBus"}}
{"__type":"$$EventMessageNode","id":"c7b5273f-e7a9-4335-85e8-e23038728cdd","ts":"2026-07-13T16:44:02.259-04:00","eventName":"n8n.node.finished","message":"n8n.node.finished","payload":{"workflowId":"4060d0nwMZdXJrUS","workflowName":"alert","executionId":"496","nodeType":"n8n-nodes-base.code","nodeName":"Code in JavaScript2","nodeId":"6269d19a-dac3-4618-b12a-14bc32900427"}}
{"__type":"$$EventMessageConfirm","confirm":"c7b5273f-e7a9-4335-85e8-e23038728cdd","ts":"2026-07-13T16:44:02.259-04:00","source":{"id":"0","name":"eventBus"}}
{"__type":"$$EventMessageWorkflow","id":"37e5dab9-a136-4db8-a7b9-00d539142c42","ts":"2026-07-13T16:44:02.260-04:00","eventName":"n8n.workflow.success","message":"n8n.workflow.success","payload":{"executionId":"496","success":true,"isManual":false,"mode":"webhook","workflowId":"4060d0nwMZdXJrUS","workflowName":"alert"}}
{"__type":"$$EventMessageConfirm","confirm":"37e5dab9-a136-4db8-a7b9-00d539142c42","ts":"2026-07-13T16:44:02.260-04:00","source":{"id":"0","name":"eventBus"}}
{"__type":"$$EventMessageWorkflow","id":"559a68bf-206d-48c6-bc67-2a617823d1b2","ts":"2026-07-13T16:45:14.177-04:00","eventName":"n8n.workflow.started","message":"n8n.workflow.started","payload":{"executionId":"497","workflowId":"5VBKbuuujEvgdIGs","isManual":false,"mode":"webhook","workflowName":"power"}}
{"__type":"$$EventMessageConfirm","confirm":"559a68bf-206d-48c6-bc67-2a617823d1b2","ts":"2026-07-13T16:45:14.178-04:00","source":{"id":"0","name":"eventBus"}}
{"__type":"$$EventMessageAudit","id":"3f25ee78-7e36-426b-b84f-63cf300568fb","ts":"2026-07-13T16:45:14.179-04:00","eventName":"n8n.audit.workflow.executed","message":"n8n.audit.workflow.executed","payload":{"workflowId":"5VBKbuuujEvgdIGs","workflowName":"power","executionId":"497","source":"webhook"}}
{"__type":"$$EventMessageConfirm","confirm":"3f25ee78-7e36-426b-b84f-63cf300568fb","ts":"2026-07-13T16:45:14.179-04:00","source":{"id":"0","name":"eventBus"}}
{"__type":"$$EventMessageNode","id":"2093e68c-7b81-4a06-b834-ddf5bf39c794","ts":"2026-07-13T16:45:14.180-04:00","eventName":"n8n.node.started","message":"n8n.node.started","payload":{"workflowId":"5VBKbuuujEvgdIGs","workflowName":"power","executionId":"497","nodeType":"n8n-nodes-base.webhook","nodeName":"Webhook","nodeId":"d2f68568-3d63-4615-8950-d51b3313419d"}}
{"__type":"$$EventMessageConfirm","confirm":"2093e68c-7b81-4a06-b834-ddf5bf39c794","ts":"2026-07-13T16:45:14.180-04:00","source":{"id":"0","name":"eventBus"}}
{"__type":"$$EventMessageNode","id":"19c6df0c-2276-41a4-b490-29f9abd4ed75","ts":"2026-07-13T16:45:14.180-04:00","eventName":"n8n.node.finished","message":"n8n.node.finished","payload":{"workflowId":"5VBKbuuujEvgdIGs","workflowName":"power","executionId":"497","nodeType":"n8n-nodes-base.webhook","nodeName":"Webhook","nodeId":"d2f68568-3d63-4615-8950-d51b3313419d"}}
{"__type":"$$EventMessageConfirm","confirm":"19c6df0c-2276-41a4-b490-29f9abd4ed75","ts":"2026-07-13T16:45:14.181-04:00","source":{"id":"0","name":"eventBus"}}
{"__type":"$$EventMessageNode","id":"7a854fef-1b3c-4d0e-abdd-22037e52394a","ts":"2026-07-13T16:45:14.181-04:00","eventName":"n8n.node.started","message":"n8n.node.started","payload":{"workflowId":"5VBKbuuujEvgdIGs","workflowName":"power","executionId":"497","nodeType":"n8n-nodes-base.code","nodeName":"Code in JavaScript","nodeId":"60178211-232e-4f7a-8bd9-97a66e5b9ec0"}}
{"__type":"$$EventMessageConfirm","confirm":"7a854fef-1b3c-4d0e-abdd-22037e52394a","ts":"2026-07-13T16:45:14.181-04:00","source":{"id":"0","name":"eventBus"}}
{"__type":"$$EventMessageRunner","id":"9457763d-0404-44f4-b309-a146669d7ac9","ts":"2026-07-13T16:45:14.184-04:00","eventName":"n8n.runner.task.requested","message":"n8n.runner.task.requested","payload":{"taskId":"cMWGXkGy","nodeId":"60178211-232e-4f7a-8bd9-97a66e5b9ec0","workflowId":"5VBKbuuujEvgdIGs","executionId":"497"}}
{"__type":"$$EventMessageConfirm","confirm":"9457763d-0404-44f4-b309-a146669d7ac9","ts":"2026-07-13T16:45:14.184-04:00","source":{"id":"0","name":"eventBus"}}
{"__type":"$$EventMessageRunner","id":"b5c93c8e-9294-4e15-9f60-971f96eb525d","ts":"2026-07-13T16:45:14.200-04:00","eventName":"n8n.runner.response.received","message":"n8n.runner.response.received","payload":{"taskId":"cMWGXkGy","nodeId":"60178211-232e-4f7a-8bd9-97a66e5b9ec0","workflowId":"5VBKbuuujEvgdIGs","executionId":"497"}}
{"__type":"$$EventMessageConfirm","confirm":"b5c93c8e-9294-4e15-9f60-971f96eb525d","ts":"2026-07-13T16:45:14.200-04:00","source":{"id":"0","name":"eventBus"}}
{"__type":"$$EventMessageNode","id":"bca9382c-78cd-4226-b3b2-fe66c433147f","ts":"2026-07-13T16:45:14.200-04:00","eventName":"n8n.node.finished","message":"n8n.node.finished","payload":{"workflowId":"5VBKbuuujEvgdIGs","workflowName":"power","executionId":"497","nodeType":"n8n-nodes-base.code","nodeName":"Code in JavaScript","nodeId":"60178211-232e-4f7a-8bd9-97a66e5b9ec0"}}
{"__type":"$$EventMessageConfirm","confirm":"bca9382c-78cd-4226-b3b2-fe66c433147f","ts":"2026-07-13T16:45:14.201-04:00","source":{"id":"0","name":"eventBus"}}
{"__type":"$$EventMessageNode","id":"ffb475b8-4b1b-46f4-bf36-8547f6792b17","ts":"2026-07-13T16:45:14.201-04:00","eventName":"n8n.node.started","message":"n8n.node.started","payload":{"workflowId":"5VBKbuuujEvgdIGs","workflowName":"power","executionId":"497","nodeType":"n8n-nodes-base.code","nodeName":"Code in JavaScript1","nodeId":"21ac27dd-d85f-45cb-b48f-eb6a3465a56b"}}
{"__type":"$$EventMessageConfirm","confirm":"ffb475b8-4b1b-46f4-bf36-8547f6792b17","ts":"2026-07-13T16:45:14.201-04:00","source":{"id":"0","name":"eventBus"}}
{"__type":"$$EventMessageRunner","id":"8b2e3329-ac0e-4d5b-a12f-48737c531e3e","ts":"2026-07-13T16:45:14.205-04:00","eventName":"n8n.runner.task.requested","message":"n8n.runner.task.requested","payload":{"taskId":"dtt4GoCU","nodeId":"21ac27dd-d85f-45cb-b48f-eb6a3465a56b","workflowId":"5VBKbuuujEvgdIGs","executionId":"497"}}
{"__type":"$$EventMessageConfirm","confirm":"8b2e3329-ac0e-4d5b-a12f-48737c531e3e","ts":"2026-07-13T16:45:14.205-04:00","source":{"id":"0","name":"eventBus"}}
{"__type":"$$EventMessageRunner","id":"ed5424e5-0819-4757-b2cd-11a77e89475a","ts":"2026-07-13T16:45:14.248-04:00","eventName":"n8n.runner.response.received","message":"n8n.runner.response.received","payload":{"taskId":"dtt4GoCU","nodeId":"21ac27dd-d85f-45cb-b48f-eb6a3465a56b","workflowId":"5VBKbuuujEvgdIGs","executionId":"497"}}
{"__type":"$$EventMessageConfirm","confirm":"ed5424e5-0819-4757-b2cd-11a77e89475a","ts":"2026-07-13T16:45:14.251-04:00","source":{"id":"0","name":"eventBus"}}
{"__type":"$$EventMessageNode","id":"9eea217b-e472-4b22-b9b3-d98af75fe3d2","ts":"2026-07-13T16:45:14.253-04:00","eventName":"n8n.node.finished","message":"n8n.node.finished","payload":{"workflowId":"5VBKbuuujEvgdIGs","workflowName":"power","executionId":"497","nodeType":"n8n-nodes-base.code","nodeName":"Code in JavaScript1","nodeId":"21ac27dd-d85f-45cb-b48f-eb6a3465a56b"}}
{"__type":"$$EventMessageConfirm","confirm":"9eea217b-e472-4b22-b9b3-d98af75fe3d2","ts":"2026-07-13T16:45:14.253-04:00","source":{"id":"0","name":"eventBus"}}
{"__type":"$$EventMessageWorkflow","id":"b9f76587-7a8f-43a9-99d6-3c8bef36ca2c","ts":"2026-07-13T16:45:14.254-04:00","eventName":"n8n.workflow.success","message":"n8n.workflow.success","payload":{"executionId":"497","success":true,"isManual":false,"mode":"webhook","workflowId":"5VBKbuuujEvgdIGs","workflowName":"power"}}
{"__type":"$$EventMessageConfirm","confirm":"b9f76587-7a8f-43a9-99d6-3c8bef36ca2c","ts":"2026-07-13T16:45:14.254-04:00","source":{"id":"0","name":"eventBus"}}
{"__type":"$$EventMessageWorkflow","id":"f0da9350-6438-4365-8cf0-1e4b708bf9ea","ts":"2026-07-13T16:45:14.376-04:00","eventName":"n8n.workflow.started","message":"n8n.workflow.started","payload":{"executionId":"498","workflowId":"HyiO9yqvE2q5kmov","isManual":false,"mode":"webhook","workflowName":"hvac"}}
{"__type":"$$EventMessageConfirm","confirm":"f0da9350-6438-4365-8cf0-1e4b708bf9ea","ts":"2026-07-13T16:45:14.376-04:00","source":{"id":"0","name":"eventBus"}}
{"__type":"$$EventMessageAudit","id":"950d2415-0ef4-4346-9614-c8ed2d6b1949","ts":"2026-07-13T16:45:14.377-04:00","eventName":"n8n.audit.workflow.executed","message":"n8n.audit.workflow.executed","payload":{"workflowId":"HyiO9yqvE2q5kmov","workflowName":"hvac","executionId":"498","source":"webhook"}}
{"__type":"$$EventMessageConfirm","confirm":"950d2415-0ef4-4346-9614-c8ed2d6b1949","ts":"2026-07-13T16:45:14.377-04:00","source":{"id":"0","name":"eventBus"}}
{"__type":"$$EventMessageNode","id":"27c60a83-a5fe-40ec-8f84-fe985119bf5e","ts":"2026-07-13T16:45:14.378-04:00","eventName":"n8n.node.started","message":"n8n.node.started","payload":{"workflowId":"HyiO9yqvE2q5kmov","workflowName":"hvac","executionId":"498","nodeType":"n8n-nodes-base.webhook","nodeName":"Webhook","nodeId":"21c4bb7e-a362-421b-819b-e396631df92a"}}
{"__type":"$$EventMessageConfirm","confirm":"27c60a83-a5fe-40ec-8f84-fe985119bf5e","ts":"2026-07-13T16:45:14.379-04:00","source":{"id":"0","name":"eventBus"}}
{"__type":"$$EventMessageNode","id":"a36e42dc-fda4-4180-b847-18ef57049c69","ts":"2026-07-13T16:45:14.379-04:00","eventName":"n8n.node.finished","message":"n8n.node.finished","payload":{"workflowId":"HyiO9yqvE2q5kmov","workflowName":"hvac","executionId":"498","nodeType":"n8n-nodes-base.webhook","nodeName":"Webhook","nodeId":"21c4bb7e-a362-421b-819b-e396631df92a"}}
{"__type":"$$EventMessageConfirm","confirm":"a36e42dc-fda4-4180-b847-18ef57049c69","ts":"2026-07-13T16:45:14.379-04:00","source":{"id":"0","name":"eventBus"}}
{"__type":"$$EventMessageNode","id":"88e39664-2ff2-4cbd-8fec-d04ebed4a550","ts":"2026-07-13T16:45:14.379-04:00","eventName":"n8n.node.started","message":"n8n.node.started","payload":{"workflowId":"HyiO9yqvE2q5kmov","workflowName":"hvac","executionId":"498","nodeType":"n8n-nodes-base.code","nodeName":"Code in JavaScript","nodeId":"7f58ebee-2d23-411d-b5ed-d749b73e6774"}}
{"__type":"$$EventMessageConfirm","confirm":"88e39664-2ff2-4cbd-8fec-d04ebed4a550","ts":"2026-07-13T16:45:14.379-04:00","source":{"id":"0","name":"eventBus"}}
{"__type":"$$EventMessageRunner","id":"af8a97ff-71d5-4d59-9709-053679254b87","ts":"2026-07-13T16:45:14.381-04:00","eventName":"n8n.runner.task.requested","message":"n8n.runner.task.requested","payload":{"taskId":"a-G1ogfC","nodeId":"7f58ebee-2d23-411d-b5ed-d749b73e6774","workflowId":"HyiO9yqvE2q5kmov","executionId":"498"}}
{"__type":"$$EventMessageConfirm","confirm":"af8a97ff-71d5-4d59-9709-053679254b87","ts":"2026-07-13T16:45:14.382-04:00","source":{"id":"0","name":"eventBus"}}
{"__type":"$$EventMessageRunner","id":"5f2ab105-28dc-4175-a448-2b74018568d3","ts":"2026-07-13T16:45:14.393-04:00","eventName":"n8n.runner.response.received","message":"n8n.runner.response.received","payload":{"taskId":"a-G1ogfC","nodeId":"7f58ebee-2d23-411d-b5ed-d749b73e6774","workflowId":"HyiO9yqvE2q5kmov","executionId":"498"}}
{"__type":"$$EventMessageConfirm","confirm":"5f2ab105-28dc-4175-a448-2b74018568d3","ts":"2026-07-13T16:45:14.393-04:00","source":{"id":"0","name":"eventBus"}}
{"__type":"$$EventMessageNode","id":"c1b9633f-a783-417b-a75e-ee5af91b95df","ts":"2026-07-13T16:45:14.393-04:00","eventName":"n8n.node.finished","message":"n8n.node.finished","payload":{"workflowId":"HyiO9yqvE2q5kmov","workflowName":"hvac","executionId":"498","nodeType":"n8n-nodes-base.code","nodeName":"Code in JavaScript","nodeId":"7f58ebee-2d23-411d-b5ed-d749b73e6774"}}
{"__type":"$$EventMessageConfirm","confirm":"c1b9633f-a783-417b-a75e-ee5af91b95df","ts":"2026-07-13T16:45:14.394-04:00","source":{"id":"0","name":"eventBus"}}
{"__type":"$$EventMessageNode","id":"056e7507-5d77-43ae-8cad-825b9c4b3975","ts":"2026-07-13T16:45:14.394-04:00","eventName":"n8n.node.started","message":"n8n.node.started","payload":{"workflowId":"HyiO9yqvE2q5kmov","workflowName":"hvac","executionId":"498","nodeType":"n8n-nodes-base.code","nodeName":"Code in JavaScript1","nodeId":"60f93297-09f2-4aac-9a87-0874737aa293"}}
{"__type":"$$EventMessageConfirm","confirm":"056e7507-5d77-43ae-8cad-825b9c4b3975","ts":"2026-07-13T16:45:14.394-04:00","source":{"id":"0","name":"eventBus"}}
{"__type":"$$EventMessageRunner","id":"2b991cd4-7eb9-40e1-a43d-43b053a31571","ts":"2026-07-13T16:45:14.398-04:00","eventName":"n8n.runner.task.requested","message":"n8n.runner.task.requested","payload":{"taskId":"9PT5zrAL","nodeId":"60f93297-09f2-4aac-9a87-0874737aa293","workflowId":"HyiO9yqvE2q5kmov","executionId":"498"}}
{"__type":"$$EventMessageConfirm","confirm":"2b991cd4-7eb9-40e1-a43d-43b053a31571","ts":"2026-07-13T16:45:14.398-04:00","source":{"id":"0","name":"eventBus"}}
{"__type":"$$EventMessageRunner","id":"9ecf8eaf-88d5-4a8b-8c3a-26088dcb6167","ts":"2026-07-13T16:45:14.432-04:00","eventName":"n8n.runner.response.received","message":"n8n.runner.response.received","payload":{"taskId":"9PT5zrAL","nodeId":"60f93297-09f2-4aac-9a87-0874737aa293","workflowId":"HyiO9yqvE2q5kmov","executionId":"498"}}
{"__type":"$$EventMessageConfirm","confirm":"9ecf8eaf-88d5-4a8b-8c3a-26088dcb6167","ts":"2026-07-13T16:45:14.433-04:00","source":{"id":"0","name":"eventBus"}}
{"__type":"$$EventMessageNode","id":"24b02af9-f82c-4748-8f9a-7a80357190cc","ts":"2026-07-13T16:45:14.433-04:00","eventName":"n8n.node.finished","message":"n8n.node.finished","payload":{"workflowId":"HyiO9yqvE2q5kmov","workflowName":"hvac","executionId":"498","nodeType":"n8n-nodes-base.code","nodeName":"Code in JavaScript1","nodeId":"60f93297-09f2-4aac-9a87-0874737aa293"}}
{"__type":"$$EventMessageConfirm","confirm":"24b02af9-f82c-4748-8f9a-7a80357190cc","ts":"2026-07-13T16:45:14.434-04:00","source":{"id":"0","name":"eventBus"}}
{"__type":"$$EventMessageWorkflow","id":"4450322c-5893-456b-aaed-d415b8906d99","ts":"2026-07-13T16:45:14.434-04:00","eventName":"n8n.workflow.success","message":"n8n.workflow.success","payload":{"executionId":"498","success":true,"isManual":false,"mode":"webhook","workflowId":"HyiO9yqvE2q5kmov","workflowName":"hvac"}}
{"__type":"$$EventMessageConfirm","confirm":"4450322c-5893-456b-aaed-d415b8906d99","ts":"2026-07-13T16:45:14.434-04:00","source":{"id":"0","name":"eventBus"}}
{"__type":"$$EventMessageWorkflow","id":"431e61c3-912e-4931-937c-0f74613fb522","ts":"2026-07-13T16:45:14.545-04:00","eventName":"n8n.workflow.started","message":"n8n.workflow.started","payload":{"executionId":"499","workflowId":"4060d0nwMZdXJrUS","isManual":false,"mode":"webhook","workflowName":"alert"}}
{"__type":"$$EventMessageConfirm","confirm":"431e61c3-912e-4931-937c-0f74613fb522","ts":"2026-07-13T16:45:14.545-04:00","source":{"id":"0","name":"eventBus"}}
{"__type":"$$EventMessageAudit","id":"87ce4b2c-4cf0-4853-a728-9546ffe65ae1","ts":"2026-07-13T16:45:14.546-04:00","eventName":"n8n.audit.workflow.executed","message":"n8n.audit.workflow.executed","payload":{"workflowId":"4060d0nwMZdXJrUS","workflowName":"alert","executionId":"499","source":"webhook"}}
{"__type":"$$EventMessageConfirm","confirm":"87ce4b2c-4cf0-4853-a728-9546ffe65ae1","ts":"2026-07-13T16:45:14.546-04:00","source":{"id":"0","name":"eventBus"}}
{"__type":"$$EventMessageNode","id":"39cb0d7d-7f2c-45f3-81aa-93eb163f2e30","ts":"2026-07-13T16:45:14.547-04:00","eventName":"n8n.node.started","message":"n8n.node.started","payload":{"workflowId":"4060d0nwMZdXJrUS","workflowName":"alert","executionId":"499","nodeType":"n8n-nodes-base.webhook","nodeName":"Webhook","nodeId":"45b9a4be-0184-403c-83f3-41cbd14731c8"}}
{"__type":"$$EventMessageConfirm","confirm":"39cb0d7d-7f2c-45f3-81aa-93eb163f2e30","ts":"2026-07-13T16:45:14.548-04:00","source":{"id":"0","name":"eventBus"}}
{"__type":"$$EventMessageNode","id":"77c983ea-d189-4593-a0b2-42c7d07781d7","ts":"2026-07-13T16:45:14.548-04:00","eventName":"n8n.node.finished","message":"n8n.node.finished","payload":{"workflowId":"4060d0nwMZdXJrUS","workflowName":"alert","executionId":"499","nodeType":"n8n-nodes-base.webhook","nodeName":"Webhook","nodeId":"45b9a4be-0184-403c-83f3-41cbd14731c8"}}
{"__type":"$$EventMessageConfirm","confirm":"77c983ea-d189-4593-a0b2-42c7d07781d7","ts":"2026-07-13T16:45:14.548-04:00","source":{"id":"0","name":"eventBus"}}
{"__type":"$$EventMessageNode","id":"1aa60660-9333-4a59-af35-46e10d2afe11","ts":"2026-07-13T16:45:14.548-04:00","eventName":"n8n.node.started","message":"n8n.node.started","payload":{"workflowId":"4060d0nwMZdXJrUS","workflowName":"alert","executionId":"499","nodeType":"n8n-nodes-base.code","nodeName":"Code in JavaScript","nodeId":"847e0d93-8488-41ce-97de-68b297df2b47"}}
{"__type":"$$EventMessageConfirm","confirm":"1aa60660-9333-4a59-af35-46e10d2afe11","ts":"2026-07-13T16:45:14.548-04:00","source":{"id":"0","name":"eventBus"}}
{"__type":"$$EventMessageRunner","id":"0890e297-c697-433d-b1d0-23a23bc128f9","ts":"2026-07-13T16:45:14.550-04:00","eventName":"n8n.runner.task.requested","message":"n8n.runner.task.requested","payload":{"taskId":"Bflz5Bcm","nodeId":"847e0d93-8488-41ce-97de-68b297df2b47","workflowId":"4060d0nwMZdXJrUS","executionId":"499"}}
{"__type":"$$EventMessageConfirm","confirm":"0890e297-c697-433d-b1d0-23a23bc128f9","ts":"2026-07-13T16:45:14.551-04:00","source":{"id":"0","name":"eventBus"}}
{"__type":"$$EventMessageRunner","id":"c2cb18cd-1f40-4d9f-b5b1-61433a5deb59","ts":"2026-07-13T16:45:14.560-04:00","eventName":"n8n.runner.response.received","message":"n8n.runner.response.received","payload":{"taskId":"Bflz5Bcm","nodeId":"847e0d93-8488-41ce-97de-68b297df2b47","workflowId":"4060d0nwMZdXJrUS","executionId":"499"}}
{"__type":"$$EventMessageConfirm","confirm":"c2cb18cd-1f40-4d9f-b5b1-61433a5deb59","ts":"2026-07-13T16:45:14.560-04:00","source":{"id":"0","name":"eventBus"}}
{"__type":"$$EventMessageNode","id":"31ca3b61-79a3-49bd-9c07-fd5835c468b6","ts":"2026-07-13T16:45:14.561-04:00","eventName":"n8n.node.finished","message":"n8n.node.finished","payload":{"workflowId":"4060d0nwMZdXJrUS","workflowName":"alert","executionId":"499","nodeType":"n8n-nodes-base.code","nodeName":"Code in JavaScript","nodeId":"847e0d93-8488-41ce-97de-68b297df2b47"}}
{"__type":"$$EventMessageConfirm","confirm":"31ca3b61-79a3-49bd-9c07-fd5835c468b6","ts":"2026-07-13T16:45:14.561-04:00","source":{"id":"0","name":"eventBus"}}
{"__type":"$$EventMessageNode","id":"8383ba86-2f09-4aa0-841e-0dcd8172aa4d","ts":"2026-07-13T16:45:14.561-04:00","eventName":"n8n.node.started","message":"n8n.node.started","payload":{"workflowId":"4060d0nwMZdXJrUS","workflowName":"alert","executionId":"499","nodeType":"n8n-nodes-base.if","nodeName":"If","nodeId":"a8f0bf21-8151-4783-a4a5-ac8e38d0da13"}}
{"__type":"$$EventMessageConfirm","confirm":"8383ba86-2f09-4aa0-841e-0dcd8172aa4d","ts":"2026-07-13T16:45:14.561-04:00","source":{"id":"0","name":"eventBus"}}
{"__type":"$$EventMessageNode","id":"18b60dfb-f8d4-497e-bb1e-68fa24c646e0","ts":"2026-07-13T16:45:14.563-04:00","eventName":"n8n.node.finished","message":"n8n.node.finished","payload":{"workflowId":"4060d0nwMZdXJrUS","workflowName":"alert","executionId":"499","nodeType":"n8n-nodes-base.if","nodeName":"If","nodeId":"a8f0bf21-8151-4783-a4a5-ac8e38d0da13"}}
{"__type":"$$EventMessageConfirm","confirm":"18b60dfb-f8d4-497e-bb1e-68fa24c646e0","ts":"2026-07-13T16:45:14.563-04:00","source":{"id":"0","name":"eventBus"}}
{"__type":"$$EventMessageNode","id":"c10968b1-7064-4645-b596-210a2daf2321","ts":"2026-07-13T16:45:14.563-04:00","eventName":"n8n.node.started","message":"n8n.node.started","payload":{"workflowId":"4060d0nwMZdXJrUS","workflowName":"alert","executionId":"499","nodeType":"n8n-nodes-base.code","nodeName":"Code in JavaScript1","nodeId":"50b098bd-b40a-4c90-b2d4-eb880777eaff"}}
{"__type":"$$EventMessageConfirm","confirm":"c10968b1-7064-4645-b596-210a2daf2321","ts":"2026-07-13T16:45:14.563-04:00","source":{"id":"0","name":"eventBus"}}
{"__type":"$$EventMessageRunner","id":"8298e9b1-8bf5-4a46-aac6-bd8edd57118b","ts":"2026-07-13T16:45:14.566-04:00","eventName":"n8n.runner.task.requested","message":"n8n.runner.task.requested","payload":{"taskId":"aFUDX8Mr","nodeId":"50b098bd-b40a-4c90-b2d4-eb880777eaff","workflowId":"4060d0nwMZdXJrUS","executionId":"499"}}
{"__type":"$$EventMessageConfirm","confirm":"8298e9b1-8bf5-4a46-aac6-bd8edd57118b","ts":"2026-07-13T16:45:14.566-04:00","source":{"id":"0","name":"eventBus"}}
{"__type":"$$EventMessageRunner","id":"4da21920-74a8-4b20-bdb1-78394d596aa2","ts":"2026-07-13T16:45:14.581-04:00","eventName":"n8n.runner.response.received","message":"n8n.runner.response.received","payload":{"taskId":"aFUDX8Mr","nodeId":"50b098bd-b40a-4c90-b2d4-eb880777eaff","workflowId":"4060d0nwMZdXJrUS","executionId":"499"}}
{"__type":"$$EventMessageConfirm","confirm":"4da21920-74a8-4b20-bdb1-78394d596aa2","ts":"2026-07-13T16:45:14.581-04:00","source":{"id":"0","name":"eventBus"}}
{"__type":"$$EventMessageNode","id":"331a7f82-5457-4494-bdfc-ea962c178743","ts":"2026-07-13T16:45:14.582-04:00","eventName":"n8n.node.finished","message":"n8n.node.finished","payload":{"workflowId":"4060d0nwMZdXJrUS","workflowName":"alert","executionId":"499","nodeType":"n8n-nodes-base.code","nodeName":"Code in JavaScript1","nodeId":"50b098bd-b40a-4c90-b2d4-eb880777eaff"}}
{"__type":"$$EventMessageConfirm","confirm":"331a7f82-5457-4494-bdfc-ea962c178743","ts":"2026-07-13T16:45:14.582-04:00","source":{"id":"0","name":"eventBus"}}
{"__type":"$$EventMessageWorkflow","id":"631428c4-acde-4fab-95fd-77abe74e42ed","ts":"2026-07-13T16:45:14.582-04:00","eventName":"n8n.workflow.success","message":"n8n.workflow.success","payload":{"executionId":"499","success":true,"isManual":false,"mode":"webhook","workflowId":"4060d0nwMZdXJrUS","workflowName":"alert"}}
{"__type":"$$EventMessageConfirm","confirm":"631428c4-acde-4fab-95fd-77abe74e42ed","ts":"2026-07-13T16:45:14.582-04:00","source":{"id":"0","name":"eventBus"}}
{"__type":"$$EventMessageWorkflow","id":"0b13cba1-6271-4919-9671-9f2a9a9ad238","ts":"2026-07-13T16:48:00.442-04:00","eventName":"n8n.workflow.started","message":"n8n.workflow.started","payload":{"executionId":"500","workflowId":"5VBKbuuujEvgdIGs","isManual":false,"mode":"webhook","workflowName":"power"}}
{"__type":"$$EventMessageConfirm","confirm":"0b13cba1-6271-4919-9671-9f2a9a9ad238","ts":"2026-07-13T16:48:00.442-04:00","source":{"id":"0","name":"eventBus"}}
{"__type":"$$EventMessageAudit","id":"84c26e66-64f6-4a87-aaa4-5da1db1d6a1f","ts":"2026-07-13T16:48:00.442-04:00","eventName":"n8n.audit.workflow.executed","message":"n8n.audit.workflow.executed","payload":{"workflowId":"5VBKbuuujEvgdIGs","workflowName":"power","executionId":"500","source":"webhook"}}
{"__type":"$$EventMessageConfirm","confirm":"84c26e66-64f6-4a87-aaa4-5da1db1d6a1f","ts":"2026-07-13T16:48:00.442-04:00","source":{"id":"0","name":"eventBus"}}
{"__type":"$$EventMessageNode","id":"c53d1fa7-4a1e-4fa9-accd-6c73171aa8d7","ts":"2026-07-13T16:48:00.444-04:00","eventName":"n8n.node.started","message":"n8n.node.started","payload":{"workflowId":"5VBKbuuujEvgdIGs","workflowName":"power","executionId":"500","nodeType":"n8n-nodes-base.webhook","nodeName":"Webhook","nodeId":"d2f68568-3d63-4615-8950-d51b3313419d"}}
{"__type":"$$EventMessageConfirm","confirm":"c53d1fa7-4a1e-4fa9-accd-6c73171aa8d7","ts":"2026-07-13T16:48:00.444-04:00","source":{"id":"0","name":"eventBus"}}
{"__type":"$$EventMessageNode","id":"a1d24343-2e57-402c-9954-7af794f83a8c","ts":"2026-07-13T16:48:00.444-04:00","eventName":"n8n.node.finished","message":"n8n.node.finished","payload":{"workflowId":"5VBKbuuujEvgdIGs","workflowName":"power","executionId":"500","nodeType":"n8n-nodes-base.webhook","nodeName":"Webhook","nodeId":"d2f68568-3d63-4615-8950-d51b3313419d"}}
{"__type":"$$EventMessageConfirm","confirm":"a1d24343-2e57-402c-9954-7af794f83a8c","ts":"2026-07-13T16:48:00.444-04:00","source":{"id":"0","name":"eventBus"}}
{"__type":"$$EventMessageNode","id":"f34625dd-12d4-41be-ba56-7bd9007bfe30","ts":"2026-07-13T16:48:00.444-04:00","eventName":"n8n.node.started","message":"n8n.node.started","payload":{"workflowId":"5VBKbuuujEvgdIGs","workflowName":"power","executionId":"500","nodeType":"n8n-nodes-base.code","nodeName":"Code in JavaScript","nodeId":"60178211-232e-4f7a-8bd9-97a66e5b9ec0"}}
{"__type":"$$EventMessageConfirm","confirm":"f34625dd-12d4-41be-ba56-7bd9007bfe30","ts":"2026-07-13T16:48:00.445-04:00","source":{"id":"0","name":"eventBus"}}
{"__type":"$$EventMessageRunner","id":"7bae87b1-7c32-4db0-bba3-ffc108dd9c54","ts":"2026-07-13T16:48:00.448-04:00","eventName":"n8n.runner.task.requested","message":"n8n.runner.task.requested","payload":{"taskId":"hA9oGFD8","nodeId":"60178211-232e-4f7a-8bd9-97a66e5b9ec0","workflowId":"5VBKbuuujEvgdIGs","executionId":"500"}}
{"__type":"$$EventMessageConfirm","confirm":"7bae87b1-7c32-4db0-bba3-ffc108dd9c54","ts":"2026-07-13T16:48:00.448-04:00","source":{"id":"0","name":"eventBus"}}
{"__type":"$$EventMessageRunner","id":"0350ca7e-8b73-4a28-bc68-6a551dc64c00","ts":"2026-07-13T16:48:00.457-04:00","eventName":"n8n.runner.response.received","message":"n8n.runner.response.received","payload":{"taskId":"hA9oGFD8","nodeId":"60178211-232e-4f7a-8bd9-97a66e5b9ec0","workflowId":"5VBKbuuujEvgdIGs","executionId":"500"}}
{"__type":"$$EventMessageConfirm","confirm":"0350ca7e-8b73-4a28-bc68-6a551dc64c00","ts":"2026-07-13T16:48:00.457-04:00","source":{"id":"0","name":"eventBus"}}
{"__type":"$$EventMessageNode","id":"fc8b2cf9-9bed-406c-80b8-95868fdbcc39","ts":"2026-07-13T16:48:00.458-04:00","eventName":"n8n.node.finished","message":"n8n.node.finished","payload":{"workflowId":"5VBKbuuujEvgdIGs","workflowName":"power","executionId":"500","nodeType":"n8n-nodes-base.code","nodeName":"Code in JavaScript","nodeId":"60178211-232e-4f7a-8bd9-97a66e5b9ec0"}}
{"__type":"$$EventMessageConfirm","confirm":"fc8b2cf9-9bed-406c-80b8-95868fdbcc39","ts":"2026-07-13T16:48:00.458-04:00","source":{"id":"0","name":"eventBus"}}
{"__type":"$$EventMessageNode","id":"1bba17a8-85a9-4fb5-a108-5b0be4a136ee","ts":"2026-07-13T16:48:00.458-04:00","eventName":"n8n.node.started","message":"n8n.node.started","payload":{"workflowId":"5VBKbuuujEvgdIGs","workflowName":"power","executionId":"500","nodeType":"n8n-nodes-base.code","nodeName":"Code in JavaScript1","nodeId":"21ac27dd-d85f-45cb-b48f-eb6a3465a56b"}}
{"__type":"$$EventMessageConfirm","confirm":"1bba17a8-85a9-4fb5-a108-5b0be4a136ee","ts":"2026-07-13T16:48:00.458-04:00","source":{"id":"0","name":"eventBus"}}
{"__type":"$$EventMessageRunner","id":"b6b3d0b3-60bc-4925-b003-83c70ef1df32","ts":"2026-07-13T16:48:00.462-04:00","eventName":"n8n.runner.task.requested","message":"n8n.runner.task.requested","payload":{"taskId":"J-4OI-7q","nodeId":"21ac27dd-d85f-45cb-b48f-eb6a3465a56b","workflowId":"5VBKbuuujEvgdIGs","executionId":"500"}}
{"__type":"$$EventMessageConfirm","confirm":"b6b3d0b3-60bc-4925-b003-83c70ef1df32","ts":"2026-07-13T16:48:00.462-04:00","source":{"id":"0","name":"eventBus"}}
{"__type":"$$EventMessageRunner","id":"349e5bd8-0d4f-4bdd-ba15-a58e30414018","ts":"2026-07-13T16:48:00.484-04:00","eventName":"n8n.runner.response.received","message":"n8n.runner.response.received","payload":{"taskId":"J-4OI-7q","nodeId":"21ac27dd-d85f-45cb-b48f-eb6a3465a56b","workflowId":"5VBKbuuujEvgdIGs","executionId":"500"}}
{"__type":"$$EventMessageConfirm","confirm":"349e5bd8-0d4f-4bdd-ba15-a58e30414018","ts":"2026-07-13T16:48:00.484-04:00","source":{"id":"0","name":"eventBus"}}
{"__type":"$$EventMessageNode","id":"24323705-81c1-40ec-9a0b-52f1d703b207","ts":"2026-07-13T16:48:00.484-04:00","eventName":"n8n.node.finished","message":"n8n.node.finished","payload":{"workflowId":"5VBKbuuujEvgdIGs","workflowName":"power","executionId":"500","nodeType":"n8n-nodes-base.code","nodeName":"Code in JavaScript1","nodeId":"21ac27dd-d85f-45cb-b48f-eb6a3465a56b"}}
{"__type":"$$EventMessageConfirm","confirm":"24323705-81c1-40ec-9a0b-52f1d703b207","ts":"2026-07-13T16:48:00.484-04:00","source":{"id":"0","name":"eventBus"}}
{"__type":"$$EventMessageWorkflow","id":"b11a375f-0c17-4b61-94a3-7503c31a7a8d","ts":"2026-07-13T16:48:00.485-04:00","eventName":"n8n.workflow.success","message":"n8n.workflow.success","payload":{"executionId":"500","success":true,"isManual":false,"mode":"webhook","workflowId":"5VBKbuuujEvgdIGs","workflowName":"power"}}
{"__type":"$$EventMessageConfirm","confirm":"b11a375f-0c17-4b61-94a3-7503c31a7a8d","ts":"2026-07-13T16:48:00.485-04:00","source":{"id":"0","name":"eventBus"}}
{"__type":"$$EventMessageWorkflow","id":"4e5bed1b-7518-4cf2-9af7-14a9a128221d","ts":"2026-07-13T16:48:00.572-04:00","eventName":"n8n.workflow.started","message":"n8n.workflow.started","payload":{"executionId":"501","workflowId":"HyiO9yqvE2q5kmov","isManual":false,"mode":"webhook","workflowName":"hvac"}}
{"__type":"$$EventMessageConfirm","confirm":"4e5bed1b-7518-4cf2-9af7-14a9a128221d","ts":"2026-07-13T16:48:00.573-04:00","source":{"id":"0","name":"eventBus"}}
{"__type":"$$EventMessageAudit","id":"267f0a2e-1e14-4d3a-80f2-96ff8b99e676","ts":"2026-07-13T16:48:00.573-04:00","eventName":"n8n.audit.workflow.executed","message":"n8n.audit.workflow.executed","payload":{"workflowId":"HyiO9yqvE2q5kmov","workflowName":"hvac","executionId":"501","source":"webhook"}}
{"__type":"$$EventMessageConfirm","confirm":"267f0a2e-1e14-4d3a-80f2-96ff8b99e676","ts":"2026-07-13T16:48:00.574-04:00","source":{"id":"0","name":"eventBus"}}
{"__type":"$$EventMessageNode","id":"d8a81166-1826-4019-8dba-45d52ded897c","ts":"2026-07-13T16:48:00.575-04:00","eventName":"n8n.node.started","message":"n8n.node.started","payload":{"workflowId":"HyiO9yqvE2q5kmov","workflowName":"hvac","executionId":"501","nodeType":"n8n-nodes-base.webhook","nodeName":"Webhook","nodeId":"21c4bb7e-a362-421b-819b-e396631df92a"}}
{"__type":"$$EventMessageConfirm","confirm":"d8a81166-1826-4019-8dba-45d52ded897c","ts":"2026-07-13T16:48:00.575-04:00","source":{"id":"0","name":"eventBus"}}
{"__type":"$$EventMessageNode","id":"427cf87f-0350-46f8-a11d-9d233b1b1cc3","ts":"2026-07-13T16:48:00.576-04:00","eventName":"n8n.node.finished","message":"n8n.node.finished","payload":{"workflowId":"HyiO9yqvE2q5kmov","workflowName":"hvac","executionId":"501","nodeType":"n8n-nodes-base.webhook","nodeName":"Webhook","nodeId":"21c4bb7e-a362-421b-819b-e396631df92a"}}
{"__type":"$$EventMessageConfirm","confirm":"427cf87f-0350-46f8-a11d-9d233b1b1cc3","ts":"2026-07-13T16:48:00.576-04:00","source":{"id":"0","name":"eventBus"}}
{"__type":"$$EventMessageNode","id":"0ee15e27-243f-47a7-a168-8b549525d320","ts":"2026-07-13T16:48:00.576-04:00","eventName":"n8n.node.started","message":"n8n.node.started","payload":{"workflowId":"HyiO9yqvE2q5kmov","workflowName":"hvac","executionId":"501","nodeType":"n8n-nodes-base.code","nodeName":"Code in JavaScript","nodeId":"7f58ebee-2d23-411d-b5ed-d749b73e6774"}}
{"__type":"$$EventMessageConfirm","confirm":"0ee15e27-243f-47a7-a168-8b549525d320","ts":"2026-07-13T16:48:00.576-04:00","source":{"id":"0","name":"eventBus"}}
{"__type":"$$EventMessageRunner","id":"12d62643-9af2-49cd-91b8-ee7377a56894","ts":"2026-07-13T16:48:00.578-04:00","eventName":"n8n.runner.task.requested","message":"n8n.runner.task.requested","payload":{"taskId":"FY1m-7Ck","nodeId":"7f58ebee-2d23-411d-b5ed-d749b73e6774","workflowId":"HyiO9yqvE2q5kmov","executionId":"501"}}
{"__type":"$$EventMessageConfirm","confirm":"12d62643-9af2-49cd-91b8-ee7377a56894","ts":"2026-07-13T16:48:00.578-04:00","source":{"id":"0","name":"eventBus"}}
{"__type":"$$EventMessageRunner","id":"6dcfa154-e9bf-4ab3-bbf9-e8a54b7d413d","ts":"2026-07-13T16:48:00.587-04:00","eventName":"n8n.runner.response.received","message":"n8n.runner.response.received","payload":{"taskId":"FY1m-7Ck","nodeId":"7f58ebee-2d23-411d-b5ed-d749b73e6774","workflowId":"HyiO9yqvE2q5kmov","executionId":"501"}}
{"__type":"$$EventMessageConfirm","confirm":"6dcfa154-e9bf-4ab3-bbf9-e8a54b7d413d","ts":"2026-07-13T16:48:00.587-04:00","source":{"id":"0","name":"eventBus"}}
{"__type":"$$EventMessageNode","id":"698f5071-93ec-4a1d-b693-42aded2ef49c","ts":"2026-07-13T16:48:00.587-04:00","eventName":"n8n.node.finished","message":"n8n.node.finished","payload":{"workflowId":"HyiO9yqvE2q5kmov","workflowName":"hvac","executionId":"501","nodeType":"n8n-nodes-base.code","nodeName":"Code in JavaScript","nodeId":"7f58ebee-2d23-411d-b5ed-d749b73e6774"}}
{"__type":"$$EventMessageConfirm","confirm":"698f5071-93ec-4a1d-b693-42aded2ef49c","ts":"2026-07-13T16:48:00.588-04:00","source":{"id":"0","name":"eventBus"}}
{"__type":"$$EventMessageNode","id":"afbff414-e2bc-48e6-8f9a-c36465892fb4","ts":"2026-07-13T16:48:00.588-04:00","eventName":"n8n.node.started","message":"n8n.node.started","payload":{"workflowId":"HyiO9yqvE2q5kmov","workflowName":"hvac","executionId":"501","nodeType":"n8n-nodes-base.code","nodeName":"Code in JavaScript1","nodeId":"60f93297-09f2-4aac-9a87-0874737aa293"}}
{"__type":"$$EventMessageConfirm","confirm":"afbff414-e2bc-48e6-8f9a-c36465892fb4","ts":"2026-07-13T16:48:00.588-04:00","source":{"id":"0","name":"eventBus"}}
{"__type":"$$EventMessageRunner","id":"e8186e63-a8e3-4acd-bd26-a069f23794b0","ts":"2026-07-13T16:48:00.591-04:00","eventName":"n8n.runner.task.requested","message":"n8n.runner.task.requested","payload":{"taskId":"NWEl_n5P","nodeId":"60f93297-09f2-4aac-9a87-0874737aa293","workflowId":"HyiO9yqvE2q5kmov","executionId":"501"}}
{"__type":"$$EventMessageConfirm","confirm":"e8186e63-a8e3-4acd-bd26-a069f23794b0","ts":"2026-07-13T16:48:00.591-04:00","source":{"id":"0","name":"eventBus"}}
{"__type":"$$EventMessageRunner","id":"ce770aa5-1c48-4538-8850-553e968b8552","ts":"2026-07-13T16:48:00.607-04:00","eventName":"n8n.runner.response.received","message":"n8n.runner.response.received","payload":{"taskId":"NWEl_n5P","nodeId":"60f93297-09f2-4aac-9a87-0874737aa293","workflowId":"HyiO9yqvE2q5kmov","executionId":"501"}}
{"__type":"$$EventMessageConfirm","confirm":"ce770aa5-1c48-4538-8850-553e968b8552","ts":"2026-07-13T16:48:00.608-04:00","source":{"id":"0","name":"eventBus"}}
{"__type":"$$EventMessageNode","id":"c7b54b6e-3b2e-4f5b-b045-5084fa494bc5","ts":"2026-07-13T16:48:00.608-04:00","eventName":"n8n.node.finished","message":"n8n.node.finished","payload":{"workflowId":"HyiO9yqvE2q5kmov","workflowName":"hvac","executionId":"501","nodeType":"n8n-nodes-base.code","nodeName":"Code in JavaScript1","nodeId":"60f93297-09f2-4aac-9a87-0874737aa293"}}
{"__type":"$$EventMessageConfirm","confirm":"c7b54b6e-3b2e-4f5b-b045-5084fa494bc5","ts":"2026-07-13T16:48:00.608-04:00","source":{"id":"0","name":"eventBus"}}
{"__type":"$$EventMessageWorkflow","id":"bf241edc-dc0c-41fa-81bf-93e9809a94b6","ts":"2026-07-13T16:48:00.608-04:00","eventName":"n8n.workflow.success","message":"n8n.workflow.success","payload":{"executionId":"501","success":true,"isManual":false,"mode":"webhook","workflowId":"HyiO9yqvE2q5kmov","workflowName":"hvac"}}
{"__type":"$$EventMessageConfirm","confirm":"bf241edc-dc0c-41fa-81bf-93e9809a94b6","ts":"2026-07-13T16:48:00.608-04:00","source":{"id":"0","name":"eventBus"}}
{"__type":"$$EventMessageWorkflow","id":"9ef72eae-02a5-4ca5-bab0-b4be2269e5da","ts":"2026-07-13T16:48:00.699-04:00","eventName":"n8n.workflow.started","message":"n8n.workflow.started","payload":{"executionId":"502","workflowId":"4060d0nwMZdXJrUS","isManual":false,"mode":"webhook","workflowName":"alert"}}
{"__type":"$$EventMessageConfirm","confirm":"9ef72eae-02a5-4ca5-bab0-b4be2269e5da","ts":"2026-07-13T16:48:00.699-04:00","source":{"id":"0","name":"eventBus"}}
{"__type":"$$EventMessageAudit","id":"909a9b2e-6101-49f5-acb7-d06b45444f28","ts":"2026-07-13T16:48:00.700-04:00","eventName":"n8n.audit.workflow.executed","message":"n8n.audit.workflow.executed","payload":{"workflowId":"4060d0nwMZdXJrUS","workflowName":"alert","executionId":"502","source":"webhook"}}
{"__type":"$$EventMessageConfirm","confirm":"909a9b2e-6101-49f5-acb7-d06b45444f28","ts":"2026-07-13T16:48:00.700-04:00","source":{"id":"0","name":"eventBus"}}
{"__type":"$$EventMessageNode","id":"3bb598b7-db7e-4038-967a-28caa179eb48","ts":"2026-07-13T16:48:00.701-04:00","eventName":"n8n.node.started","message":"n8n.node.started","payload":{"workflowId":"4060d0nwMZdXJrUS","workflowName":"alert","executionId":"502","nodeType":"n8n-nodes-base.webhook","nodeName":"Webhook","nodeId":"45b9a4be-0184-403c-83f3-41cbd14731c8"}}
{"__type":"$$EventMessageConfirm","confirm":"3bb598b7-db7e-4038-967a-28caa179eb48","ts":"2026-07-13T16:48:00.701-04:00","source":{"id":"0","name":"eventBus"}}
{"__type":"$$EventMessageNode","id":"4e18c4d6-8c93-4758-87ba-c7f52b9c9e47","ts":"2026-07-13T16:48:00.701-04:00","eventName":"n8n.node.finished","message":"n8n.node.finished","payload":{"workflowId":"4060d0nwMZdXJrUS","workflowName":"alert","executionId":"502","nodeType":"n8n-nodes-base.webhook","nodeName":"Webhook","nodeId":"45b9a4be-0184-403c-83f3-41cbd14731c8"}}
{"__type":"$$EventMessageConfirm","confirm":"4e18c4d6-8c93-4758-87ba-c7f52b9c9e47","ts":"2026-07-13T16:48:00.701-04:00","source":{"id":"0","name":"eventBus"}}
{"__type":"$$EventMessageNode","id":"b024b024-a94a-4265-8d73-941dd83c6308","ts":"2026-07-13T16:48:00.701-04:00","eventName":"n8n.node.started","message":"n8n.node.started","payload":{"workflowId":"4060d0nwMZdXJrUS","workflowName":"alert","executionId":"502","nodeType":"n8n-nodes-base.code","nodeName":"Code in JavaScript","nodeId":"847e0d93-8488-41ce-97de-68b297df2b47"}}
{"__type":"$$EventMessageConfirm","confirm":"b024b024-a94a-4265-8d73-941dd83c6308","ts":"2026-07-13T16:48:00.701-04:00","source":{"id":"0","name":"eventBus"}}
{"__type":"$$EventMessageRunner","id":"bc208024-5e0d-45de-9910-48a904e0edb0","ts":"2026-07-13T16:48:00.703-04:00","eventName":"n8n.runner.task.requested","message":"n8n.runner.task.requested","payload":{"taskId":"-nikvnPc","nodeId":"847e0d93-8488-41ce-97de-68b297df2b47","workflowId":"4060d0nwMZdXJrUS","executionId":"502"}}
{"__type":"$$EventMessageConfirm","confirm":"bc208024-5e0d-45de-9910-48a904e0edb0","ts":"2026-07-13T16:48:00.703-04:00","source":{"id":"0","name":"eventBus"}}
{"__type":"$$EventMessageRunner","id":"b96ae3a6-ee61-4a6b-8366-83b400974e86","ts":"2026-07-13T16:48:00.711-04:00","eventName":"n8n.runner.response.received","message":"n8n.runner.response.received","payload":{"taskId":"-nikvnPc","nodeId":"847e0d93-8488-41ce-97de-68b297df2b47","workflowId":"4060d0nwMZdXJrUS","executionId":"502"}}
{"__type":"$$EventMessageConfirm","confirm":"b96ae3a6-ee61-4a6b-8366-83b400974e86","ts":"2026-07-13T16:48:00.711-04:00","source":{"id":"0","name":"eventBus"}}
{"__type":"$$EventMessageNode","id":"ee0447ef-3022-49c0-8a5c-df20a6ccbd59","ts":"2026-07-13T16:48:00.712-04:00","eventName":"n8n.node.finished","message":"n8n.node.finished","payload":{"workflowId":"4060d0nwMZdXJrUS","workflowName":"alert","executionId":"502","nodeType":"n8n-nodes-base.code","nodeName":"Code in JavaScript","nodeId":"847e0d93-8488-41ce-97de-68b297df2b47"}}
{"__type":"$$EventMessageConfirm","confirm":"ee0447ef-3022-49c0-8a5c-df20a6ccbd59","ts":"2026-07-13T16:48:00.712-04:00","source":{"id":"0","name":"eventBus"}}
{"__type":"$$EventMessageNode","id":"25996684-3c1a-4f85-8bf8-f955fd1e5ad7","ts":"2026-07-13T16:48:00.712-04:00","eventName":"n8n.node.started","message":"n8n.node.started","payload":{"workflowId":"4060d0nwMZdXJrUS","workflowName":"alert","executionId":"502","nodeType":"n8n-nodes-base.if","nodeName":"If","nodeId":"a8f0bf21-8151-4783-a4a5-ac8e38d0da13"}}
{"__type":"$$EventMessageConfirm","confirm":"25996684-3c1a-4f85-8bf8-f955fd1e5ad7","ts":"2026-07-13T16:48:00.712-04:00","source":{"id":"0","name":"eventBus"}}
{"__type":"$$EventMessageNode","id":"2dcdf85c-1484-4509-be28-cff187124135","ts":"2026-07-13T16:48:00.713-04:00","eventName":"n8n.node.finished","message":"n8n.node.finished","payload":{"workflowId":"4060d0nwMZdXJrUS","workflowName":"alert","executionId":"502","nodeType":"n8n-nodes-base.if","nodeName":"If","nodeId":"a8f0bf21-8151-4783-a4a5-ac8e38d0da13"}}
{"__type":"$$EventMessageConfirm","confirm":"2dcdf85c-1484-4509-be28-cff187124135","ts":"2026-07-13T16:48:00.713-04:00","source":{"id":"0","name":"eventBus"}}
{"__type":"$$EventMessageNode","id":"52837c3c-0cb1-448f-a70b-650fe51294a5","ts":"2026-07-13T16:48:00.713-04:00","eventName":"n8n.node.started","message":"n8n.node.started","payload":{"workflowId":"4060d0nwMZdXJrUS","workflowName":"alert","executionId":"502","nodeType":"n8n-nodes-base.code","nodeName":"Code in JavaScript1","nodeId":"50b098bd-b40a-4c90-b2d4-eb880777eaff"}}
{"__type":"$$EventMessageConfirm","confirm":"52837c3c-0cb1-448f-a70b-650fe51294a5","ts":"2026-07-13T16:48:00.713-04:00","source":{"id":"0","name":"eventBus"}}
{"__type":"$$EventMessageRunner","id":"6a0c4a08-12ac-40b5-b6e4-be3c203754cc","ts":"2026-07-13T16:48:00.715-04:00","eventName":"n8n.runner.task.requested","message":"n8n.runner.task.requested","payload":{"taskId":"lenPDh8U","nodeId":"50b098bd-b40a-4c90-b2d4-eb880777eaff","workflowId":"4060d0nwMZdXJrUS","executionId":"502"}}
{"__type":"$$EventMessageConfirm","confirm":"6a0c4a08-12ac-40b5-b6e4-be3c203754cc","ts":"2026-07-13T16:48:00.715-04:00","source":{"id":"0","name":"eventBus"}}
{"__type":"$$EventMessageRunner","id":"a2b3ef64-ea9f-47c7-805f-7cdd930ac0c1","ts":"2026-07-13T16:48:00.725-04:00","eventName":"n8n.runner.response.received","message":"n8n.runner.response.received","payload":{"taskId":"lenPDh8U","nodeId":"50b098bd-b40a-4c90-b2d4-eb880777eaff","workflowId":"4060d0nwMZdXJrUS","executionId":"502"}}
{"__type":"$$EventMessageConfirm","confirm":"a2b3ef64-ea9f-47c7-805f-7cdd930ac0c1","ts":"2026-07-13T16:48:00.725-04:00","source":{"id":"0","name":"eventBus"}}
{"__type":"$$EventMessageNode","id":"b192f7e8-5baf-47b2-85dc-77cb30b36b82","ts":"2026-07-13T16:48:00.726-04:00","eventName":"n8n.node.finished","message":"n8n.node.finished","payload":{"workflowId":"4060d0nwMZdXJrUS","workflowName":"alert","executionId":"502","nodeType":"n8n-nodes-base.code","nodeName":"Code in JavaScript1","nodeId":"50b098bd-b40a-4c90-b2d4-eb880777eaff"}}
{"__type":"$$EventMessageConfirm","confirm":"b192f7e8-5baf-47b2-85dc-77cb30b36b82","ts":"2026-07-13T16:48:00.726-04:00","source":{"id":"0","name":"eventBus"}}
{"__type":"$$EventMessageWorkflow","id":"6a16d880-105b-40ff-ba32-5049643de294","ts":"2026-07-13T16:48:00.726-04:00","eventName":"n8n.workflow.success","message":"n8n.workflow.success","payload":{"executionId":"502","success":true,"isManual":false,"mode":"webhook","workflowId":"4060d0nwMZdXJrUS","workflowName":"alert"}}
{"__type":"$$EventMessageConfirm","confirm":"6a16d880-105b-40ff-ba32-5049643de294","ts":"2026-07-13T16:48:00.726-04:00","source":{"id":"0","name":"eventBus"}}
{"__type":"$$EventMessageWorkflow","id":"c4ea6c75-31ad-4148-8088-de43862becd0","ts":"2026-07-13T16:50:29.100-04:00","eventName":"n8n.workflow.started","message":"n8n.workflow.started","payload":{"executionId":"503","workflowId":"4060d0nwMZdXJrUS","isManual":false,"mode":"webhook","workflowName":"alert"}}
{"__type":"$$EventMessageConfirm","confirm":"c4ea6c75-31ad-4148-8088-de43862becd0","ts":"2026-07-13T16:50:29.100-04:00","source":{"id":"0","name":"eventBus"}}
{"__type":"$$EventMessageAudit","id":"5fb44671-bb31-4c6b-a2be-5572d458aa0a","ts":"2026-07-13T16:50:29.102-04:00","eventName":"n8n.audit.workflow.executed","message":"n8n.audit.workflow.executed","payload":{"workflowId":"4060d0nwMZdXJrUS","workflowName":"alert","executionId":"503","source":"webhook"}}
{"__type":"$$EventMessageConfirm","confirm":"5fb44671-bb31-4c6b-a2be-5572d458aa0a","ts":"2026-07-13T16:50:29.102-04:00","source":{"id":"0","name":"eventBus"}}
{"__type":"$$EventMessageNode","id":"fae868c8-b525-4691-91e1-2e901b49148d","ts":"2026-07-13T16:50:29.103-04:00","eventName":"n8n.node.started","message":"n8n.node.started","payload":{"workflowId":"4060d0nwMZdXJrUS","workflowName":"alert","executionId":"503","nodeType":"n8n-nodes-base.webhook","nodeName":"Webhook","nodeId":"45b9a4be-0184-403c-83f3-41cbd14731c8"}}
{"__type":"$$EventMessageConfirm","confirm":"fae868c8-b525-4691-91e1-2e901b49148d","ts":"2026-07-13T16:50:29.104-04:00","source":{"id":"0","name":"eventBus"}}
{"__type":"$$EventMessageNode","id":"d5683a6f-8475-4fe2-851b-7fd6d05428dd","ts":"2026-07-13T16:50:29.104-04:00","eventName":"n8n.node.finished","message":"n8n.node.finished","payload":{"workflowId":"4060d0nwMZdXJrUS","workflowName":"alert","executionId":"503","nodeType":"n8n-nodes-base.webhook","nodeName":"Webhook","nodeId":"45b9a4be-0184-403c-83f3-41cbd14731c8"}}
{"__type":"$$EventMessageConfirm","confirm":"d5683a6f-8475-4fe2-851b-7fd6d05428dd","ts":"2026-07-13T16:50:29.104-04:00","source":{"id":"0","name":"eventBus"}}
{"__type":"$$EventMessageNode","id":"d0e7de13-d1ad-423a-a3d2-6299b00d9ffb","ts":"2026-07-13T16:50:29.104-04:00","eventName":"n8n.node.started","message":"n8n.node.started","payload":{"workflowId":"4060d0nwMZdXJrUS","workflowName":"alert","executionId":"503","nodeType":"n8n-nodes-base.code","nodeName":"Code in JavaScript","nodeId":"847e0d93-8488-41ce-97de-68b297df2b47"}}
{"__type":"$$EventMessageConfirm","confirm":"d0e7de13-d1ad-423a-a3d2-6299b00d9ffb","ts":"2026-07-13T16:50:29.105-04:00","source":{"id":"0","name":"eventBus"}}
{"__type":"$$EventMessageRunner","id":"adb68abe-d1ce-40c7-bd0a-c57dcbd94f01","ts":"2026-07-13T16:50:29.113-04:00","eventName":"n8n.runner.task.requested","message":"n8n.runner.task.requested","payload":{"taskId":"ev43u_2u","nodeId":"847e0d93-8488-41ce-97de-68b297df2b47","workflowId":"4060d0nwMZdXJrUS","executionId":"503"}}
{"__type":"$$EventMessageConfirm","confirm":"adb68abe-d1ce-40c7-bd0a-c57dcbd94f01","ts":"2026-07-13T16:50:29.114-04:00","source":{"id":"0","name":"eventBus"}}
{"__type":"$$EventMessageRunner","id":"b2908f59-3e76-498b-acc5-65ecf2d5d4cd","ts":"2026-07-13T16:50:29.127-04:00","eventName":"n8n.runner.response.received","message":"n8n.runner.response.received","payload":{"taskId":"ev43u_2u","nodeId":"847e0d93-8488-41ce-97de-68b297df2b47","workflowId":"4060d0nwMZdXJrUS","executionId":"503"}}
{"__type":"$$EventMessageConfirm","confirm":"b2908f59-3e76-498b-acc5-65ecf2d5d4cd","ts":"2026-07-13T16:50:29.127-04:00","source":{"id":"0","name":"eventBus"}}
{"__type":"$$EventMessageNode","id":"e164ec47-bcec-4808-9998-3f47f807f535","ts":"2026-07-13T16:50:29.128-04:00","eventName":"n8n.node.finished","message":"n8n.node.finished","payload":{"workflowId":"4060d0nwMZdXJrUS","workflowName":"alert","executionId":"503","nodeType":"n8n-nodes-base.code","nodeName":"Code in JavaScript","nodeId":"847e0d93-8488-41ce-97de-68b297df2b47"}}
{"__type":"$$EventMessageConfirm","confirm":"e164ec47-bcec-4808-9998-3f47f807f535","ts":"2026-07-13T16:50:29.128-04:00","source":{"id":"0","name":"eventBus"}}
{"__type":"$$EventMessageNode","id":"c7ded874-a6c7-4fe7-b62a-70f3bb39cd9a","ts":"2026-07-13T16:50:29.128-04:00","eventName":"n8n.node.started","message":"n8n.node.started","payload":{"workflowId":"4060d0nwMZdXJrUS","workflowName":"alert","executionId":"503","nodeType":"n8n-nodes-base.if","nodeName":"If","nodeId":"a8f0bf21-8151-4783-a4a5-ac8e38d0da13"}}
{"__type":"$$EventMessageConfirm","confirm":"c7ded874-a6c7-4fe7-b62a-70f3bb39cd9a","ts":"2026-07-13T16:50:29.128-04:00","source":{"id":"0","name":"eventBus"}}
{"__type":"$$EventMessageNode","id":"a38d01a1-6d7c-46b8-99c9-e8f99946b048","ts":"2026-07-13T16:50:29.130-04:00","eventName":"n8n.node.finished","message":"n8n.node.finished","payload":{"workflowId":"4060d0nwMZdXJrUS","workflowName":"alert","executionId":"503","nodeType":"n8n-nodes-base.if","nodeName":"If","nodeId":"a8f0bf21-8151-4783-a4a5-ac8e38d0da13"}}
{"__type":"$$EventMessageConfirm","confirm":"a38d01a1-6d7c-46b8-99c9-e8f99946b048","ts":"2026-07-13T16:50:29.130-04:00","source":{"id":"0","name":"eventBus"}}
{"__type":"$$EventMessageNode","id":"0879dd29-a9fc-4afc-9dc0-7e694e226f9b","ts":"2026-07-13T16:50:29.130-04:00","eventName":"n8n.node.started","message":"n8n.node.started","payload":{"workflowId":"4060d0nwMZdXJrUS","workflowName":"alert","executionId":"503","nodeType":"n8n-nodes-base.code","nodeName":"Code in JavaScript2","nodeId":"6269d19a-dac3-4618-b12a-14bc32900427"}}
{"__type":"$$EventMessageConfirm","confirm":"0879dd29-a9fc-4afc-9dc0-7e694e226f9b","ts":"2026-07-13T16:50:29.130-04:00","source":{"id":"0","name":"eventBus"}}
{"__type":"$$EventMessageRunner","id":"03e90276-4830-40d9-bdac-1411b6d3900f","ts":"2026-07-13T16:50:29.132-04:00","eventName":"n8n.runner.task.requested","message":"n8n.runner.task.requested","payload":{"taskId":"WTYQaMzT","nodeId":"6269d19a-dac3-4618-b12a-14bc32900427","workflowId":"4060d0nwMZdXJrUS","executionId":"503"}}
{"__type":"$$EventMessageConfirm","confirm":"03e90276-4830-40d9-bdac-1411b6d3900f","ts":"2026-07-13T16:50:29.133-04:00","source":{"id":"0","name":"eventBus"}}
{"__type":"$$EventMessageRunner","id":"7957a0ef-faee-41e9-8dc3-0a3c57c67e7e","ts":"2026-07-13T16:50:29.142-04:00","eventName":"n8n.runner.response.received","message":"n8n.runner.response.received","payload":{"taskId":"WTYQaMzT","nodeId":"6269d19a-dac3-4618-b12a-14bc32900427","workflowId":"4060d0nwMZdXJrUS","executionId":"503"}}
{"__type":"$$EventMessageConfirm","confirm":"7957a0ef-faee-41e9-8dc3-0a3c57c67e7e","ts":"2026-07-13T16:50:29.142-04:00","source":{"id":"0","name":"eventBus"}}
{"__type":"$$EventMessageNode","id":"4564d42d-1724-4701-bf90-c2a174f2bd27","ts":"2026-07-13T16:50:29.142-04:00","eventName":"n8n.node.finished","message":"n8n.node.finished","payload":{"workflowId":"4060d0nwMZdXJrUS","workflowName":"alert","executionId":"503","nodeType":"n8n-nodes-base.code","nodeName":"Code in JavaScript2","nodeId":"6269d19a-dac3-4618-b12a-14bc32900427"}}
{"__type":"$$EventMessageConfirm","confirm":"4564d42d-1724-4701-bf90-c2a174f2bd27","ts":"2026-07-13T16:50:29.142-04:00","source":{"id":"0","name":"eventBus"}}
{"__type":"$$EventMessageWorkflow","id":"5b8fc731-4d81-4cef-81eb-6261883251d3","ts":"2026-07-13T16:50:29.143-04:00","eventName":"n8n.workflow.success","message":"n8n.workflow.success","payload":{"executionId":"503","success":true,"isManual":false,"mode":"webhook","workflowId":"4060d0nwMZdXJrUS","workflowName":"alert"}}
{"__type":"$$EventMessageConfirm","confirm":"5b8fc731-4d81-4cef-81eb-6261883251d3","ts":"2026-07-13T16:50:29.143-04:00","source":{"id":"0","name":"eventBus"}}
{"__type":"$$EventMessageWorkflow","id":"abab103f-5c63-4391-b52a-a11a82bce786","ts":"2026-07-13T16:51:28.627-04:00","eventName":"n8n.workflow.started","message":"n8n.workflow.started","payload":{"executionId":"504","workflowId":"4060d0nwMZdXJrUS","isManual":false,"mode":"webhook","workflowName":"alert"}}
{"__type":"$$EventMessageConfirm","confirm":"abab103f-5c63-4391-b52a-a11a82bce786","ts":"2026-07-13T16:51:28.628-04:00","source":{"id":"0","name":"eventBus"}}
{"__type":"$$EventMessageAudit","id":"6e15890d-6443-4a0d-90c1-8b62092d0a9e","ts":"2026-07-13T16:51:28.629-04:00","eventName":"n8n.audit.workflow.executed","message":"n8n.audit.workflow.executed","payload":{"workflowId":"4060d0nwMZdXJrUS","workflowName":"alert","executionId":"504","source":"webhook"}}
{"__type":"$$EventMessageConfirm","confirm":"6e15890d-6443-4a0d-90c1-8b62092d0a9e","ts":"2026-07-13T16:51:28.629-04:00","source":{"id":"0","name":"eventBus"}}
{"__type":"$$EventMessageNode","id":"b778328f-0291-4532-b7a3-3a91f5269770","ts":"2026-07-13T16:51:28.630-04:00","eventName":"n8n.node.started","message":"n8n.node.started","payload":{"workflowId":"4060d0nwMZdXJrUS","workflowName":"alert","executionId":"504","nodeType":"n8n-nodes-base.webhook","nodeName":"Webhook","nodeId":"45b9a4be-0184-403c-83f3-41cbd14731c8"}}
{"__type":"$$EventMessageConfirm","confirm":"b778328f-0291-4532-b7a3-3a91f5269770","ts":"2026-07-13T16:51:28.631-04:00","source":{"id":"0","name":"eventBus"}}
{"__type":"$$EventMessageNode","id":"d0508204-9841-4b75-800b-8466806f2708","ts":"2026-07-13T16:51:28.631-04:00","eventName":"n8n.node.finished","message":"n8n.node.finished","payload":{"workflowId":"4060d0nwMZdXJrUS","workflowName":"alert","executionId":"504","nodeType":"n8n-nodes-base.webhook","nodeName":"Webhook","nodeId":"45b9a4be-0184-403c-83f3-41cbd14731c8"}}
{"__type":"$$EventMessageConfirm","confirm":"d0508204-9841-4b75-800b-8466806f2708","ts":"2026-07-13T16:51:28.631-04:00","source":{"id":"0","name":"eventBus"}}
{"__type":"$$EventMessageNode","id":"f78c01fa-9820-4080-b103-e8e9c4126c40","ts":"2026-07-13T16:51:28.631-04:00","eventName":"n8n.node.started","message":"n8n.node.started","payload":{"workflowId":"4060d0nwMZdXJrUS","workflowName":"alert","executionId":"504","nodeType":"n8n-nodes-base.code","nodeName":"Code in JavaScript","nodeId":"847e0d93-8488-41ce-97de-68b297df2b47"}}
{"__type":"$$EventMessageConfirm","confirm":"f78c01fa-9820-4080-b103-e8e9c4126c40","ts":"2026-07-13T16:51:28.632-04:00","source":{"id":"0","name":"eventBus"}}
{"__type":"$$EventMessageRunner","id":"768f4c63-e42f-4ffa-9781-f269de818095","ts":"2026-07-13T16:51:28.638-04:00","eventName":"n8n.runner.task.requested","message":"n8n.runner.task.requested","payload":{"taskId":"lZMqyVnC","nodeId":"847e0d93-8488-41ce-97de-68b297df2b47","workflowId":"4060d0nwMZdXJrUS","executionId":"504"}}
{"__type":"$$EventMessageConfirm","confirm":"768f4c63-e42f-4ffa-9781-f269de818095","ts":"2026-07-13T16:51:28.638-04:00","source":{"id":"0","name":"eventBus"}}
{"__type":"$$EventMessageRunner","id":"1c210ea5-9bb7-4b33-815d-eb8fa86eaf97","ts":"2026-07-13T16:51:28.648-04:00","eventName":"n8n.runner.response.received","message":"n8n.runner.response.received","payload":{"taskId":"lZMqyVnC","nodeId":"847e0d93-8488-41ce-97de-68b297df2b47","workflowId":"4060d0nwMZdXJrUS","executionId":"504"}}
{"__type":"$$EventMessageConfirm","confirm":"1c210ea5-9bb7-4b33-815d-eb8fa86eaf97","ts":"2026-07-13T16:51:28.648-04:00","source":{"id":"0","name":"eventBus"}}
{"__type":"$$EventMessageNode","id":"3df21103-57ad-4cbc-991a-24cad2ca2065","ts":"2026-07-13T16:51:28.648-04:00","eventName":"n8n.node.finished","message":"n8n.node.finished","payload":{"workflowId":"4060d0nwMZdXJrUS","workflowName":"alert","executionId":"504","nodeType":"n8n-nodes-base.code","nodeName":"Code in JavaScript","nodeId":"847e0d93-8488-41ce-97de-68b297df2b47"}}
{"__type":"$$EventMessageConfirm","confirm":"3df21103-57ad-4cbc-991a-24cad2ca2065","ts":"2026-07-13T16:51:28.648-04:00","source":{"id":"0","name":"eventBus"}}
{"__type":"$$EventMessageNode","id":"ce0511ef-d8e0-4d22-8818-356e271c7efa","ts":"2026-07-13T16:51:28.649-04:00","eventName":"n8n.node.started","message":"n8n.node.started","payload":{"workflowId":"4060d0nwMZdXJrUS","workflowName":"alert","executionId":"504","nodeType":"n8n-nodes-base.if","nodeName":"If","nodeId":"a8f0bf21-8151-4783-a4a5-ac8e38d0da13"}}
{"__type":"$$EventMessageConfirm","confirm":"ce0511ef-d8e0-4d22-8818-356e271c7efa","ts":"2026-07-13T16:51:28.649-04:00","source":{"id":"0","name":"eventBus"}}
{"__type":"$$EventMessageNode","id":"2f0a8af3-f950-46a1-b521-fe9cfb8d1bb8","ts":"2026-07-13T16:51:28.650-04:00","eventName":"n8n.node.finished","message":"n8n.node.finished","payload":{"workflowId":"4060d0nwMZdXJrUS","workflowName":"alert","executionId":"504","nodeType":"n8n-nodes-base.if","nodeName":"If","nodeId":"a8f0bf21-8151-4783-a4a5-ac8e38d0da13"}}
{"__type":"$$EventMessageConfirm","confirm":"2f0a8af3-f950-46a1-b521-fe9cfb8d1bb8","ts":"2026-07-13T16:51:28.650-04:00","source":{"id":"0","name":"eventBus"}}
{"__type":"$$EventMessageNode","id":"e0ec9cd2-f2bc-4c72-b550-f4a1ab71fddd","ts":"2026-07-13T16:51:28.651-04:00","eventName":"n8n.node.started","message":"n8n.node.started","payload":{"workflowId":"4060d0nwMZdXJrUS","workflowName":"alert","executionId":"504","nodeType":"n8n-nodes-base.code","nodeName":"Code in JavaScript2","nodeId":"6269d19a-dac3-4618-b12a-14bc32900427"}}
{"__type":"$$EventMessageConfirm","confirm":"e0ec9cd2-f2bc-4c72-b550-f4a1ab71fddd","ts":"2026-07-13T16:51:28.651-04:00","source":{"id":"0","name":"eventBus"}}
{"__type":"$$EventMessageRunner","id":"b27ce94e-139c-4f23-bd34-097437aa7a9e","ts":"2026-07-13T16:51:28.653-04:00","eventName":"n8n.runner.task.requested","message":"n8n.runner.task.requested","payload":{"taskId":"c3TFuW5K","nodeId":"6269d19a-dac3-4618-b12a-14bc32900427","workflowId":"4060d0nwMZdXJrUS","executionId":"504"}}
{"__type":"$$EventMessageConfirm","confirm":"b27ce94e-139c-4f23-bd34-097437aa7a9e","ts":"2026-07-13T16:51:28.654-04:00","source":{"id":"0","name":"eventBus"}}
{"__type":"$$EventMessageRunner","id":"48d6a506-0011-4566-9888-f4915f83ffa8","ts":"2026-07-13T16:51:28.664-04:00","eventName":"n8n.runner.response.received","message":"n8n.runner.response.received","payload":{"taskId":"c3TFuW5K","nodeId":"6269d19a-dac3-4618-b12a-14bc32900427","workflowId":"4060d0nwMZdXJrUS","executionId":"504"}}
{"__type":"$$EventMessageConfirm","confirm":"48d6a506-0011-4566-9888-f4915f83ffa8","ts":"2026-07-13T16:51:28.664-04:00","source":{"id":"0","name":"eventBus"}}
{"__type":"$$EventMessageNode","id":"dfc66415-2995-4f73-b0e5-9a96f0a578db","ts":"2026-07-13T16:51:28.664-04:00","eventName":"n8n.node.finished","message":"n8n.node.finished","payload":{"workflowId":"4060d0nwMZdXJrUS","workflowName":"alert","executionId":"504","nodeType":"n8n-nodes-base.code","nodeName":"Code in JavaScript2","nodeId":"6269d19a-dac3-4618-b12a-14bc32900427"}}
{"__type":"$$EventMessageConfirm","confirm":"dfc66415-2995-4f73-b0e5-9a96f0a578db","ts":"2026-07-13T16:51:28.664-04:00","source":{"id":"0","name":"eventBus"}}
{"__type":"$$EventMessageWorkflow","id":"5614bf33-b704-42d5-aa09-32481a6c4bc5","ts":"2026-07-13T16:51:28.664-04:00","eventName":"n8n.workflow.success","message":"n8n.workflow.success","payload":{"executionId":"504","success":true,"isManual":false,"mode":"webhook","workflowId":"4060d0nwMZdXJrUS","workflowName":"alert"}}
{"__type":"$$EventMessageConfirm","confirm":"5614bf33-b704-42d5-aa09-32481a6c4bc5","ts":"2026-07-13T16:51:28.664-04:00","source":{"id":"0","name":"eventBus"}}
{"__type":"$$EventMessageWorkflow","id":"af716ee2-cc84-4517-a5ff-bdd6989ee080","ts":"2026-07-13T16:52:34.312-04:00","eventName":"n8n.workflow.started","message":"n8n.workflow.started","payload":{"executionId":"505","workflowId":"4060d0nwMZdXJrUS","isManual":false,"mode":"webhook","workflowName":"alert"}}
{"__type":"$$EventMessageConfirm","confirm":"af716ee2-cc84-4517-a5ff-bdd6989ee080","ts":"2026-07-13T16:52:34.313-04:00","source":{"id":"0","name":"eventBus"}}
{"__type":"$$EventMessageAudit","id":"1116599d-c228-4744-8af9-4ab4807ecca6","ts":"2026-07-13T16:52:34.314-04:00","eventName":"n8n.audit.workflow.executed","message":"n8n.audit.workflow.executed","payload":{"workflowId":"4060d0nwMZdXJrUS","workflowName":"alert","executionId":"505","source":"webhook"}}
{"__type":"$$EventMessageConfirm","confirm":"1116599d-c228-4744-8af9-4ab4807ecca6","ts":"2026-07-13T16:52:34.315-04:00","source":{"id":"0","name":"eventBus"}}
{"__type":"$$EventMessageNode","id":"13be1c88-724c-4f1e-84c5-f76d13ec110f","ts":"2026-07-13T16:52:34.316-04:00","eventName":"n8n.node.started","message":"n8n.node.started","payload":{"workflowId":"4060d0nwMZdXJrUS","workflowName":"alert","executionId":"505","nodeType":"n8n-nodes-base.webhook","nodeName":"Webhook","nodeId":"45b9a4be-0184-403c-83f3-41cbd14731c8"}}
{"__type":"$$EventMessageConfirm","confirm":"13be1c88-724c-4f1e-84c5-f76d13ec110f","ts":"2026-07-13T16:52:34.316-04:00","source":{"id":"0","name":"eventBus"}}
{"__type":"$$EventMessageNode","id":"6ba9269a-d2ee-4cb7-bdb0-e7882628161c","ts":"2026-07-13T16:52:34.316-04:00","eventName":"n8n.node.finished","message":"n8n.node.finished","payload":{"workflowId":"4060d0nwMZdXJrUS","workflowName":"alert","executionId":"505","nodeType":"n8n-nodes-base.webhook","nodeName":"Webhook","nodeId":"45b9a4be-0184-403c-83f3-41cbd14731c8"}}
{"__type":"$$EventMessageConfirm","confirm":"6ba9269a-d2ee-4cb7-bdb0-e7882628161c","ts":"2026-07-13T16:52:34.316-04:00","source":{"id":"0","name":"eventBus"}}
{"__type":"$$EventMessageNode","id":"60b6ed1e-3b73-4c0a-b619-10a3f0b26813","ts":"2026-07-13T16:52:34.316-04:00","eventName":"n8n.node.started","message":"n8n.node.started","payload":{"workflowId":"4060d0nwMZdXJrUS","workflowName":"alert","executionId":"505","nodeType":"n8n-nodes-base.code","nodeName":"Code in JavaScript","nodeId":"847e0d93-8488-41ce-97de-68b297df2b47"}}
{"__type":"$$EventMessageConfirm","confirm":"60b6ed1e-3b73-4c0a-b619-10a3f0b26813","ts":"2026-07-13T16:52:34.316-04:00","source":{"id":"0","name":"eventBus"}}
{"__type":"$$EventMessageRunner","id":"1a360d53-c430-4355-9517-fbf1381ad81d","ts":"2026-07-13T16:52:34.318-04:00","eventName":"n8n.runner.task.requested","message":"n8n.runner.task.requested","payload":{"taskId":"89Ywx5Bq","nodeId":"847e0d93-8488-41ce-97de-68b297df2b47","workflowId":"4060d0nwMZdXJrUS","executionId":"505"}}
{"__type":"$$EventMessageConfirm","confirm":"1a360d53-c430-4355-9517-fbf1381ad81d","ts":"2026-07-13T16:52:34.319-04:00","source":{"id":"0","name":"eventBus"}}
{"__type":"$$EventMessageRunner","id":"1c78793f-8209-434e-ad22-a5593384ed5c","ts":"2026-07-13T16:52:34.328-04:00","eventName":"n8n.runner.response.received","message":"n8n.runner.response.received","payload":{"taskId":"89Ywx5Bq","nodeId":"847e0d93-8488-41ce-97de-68b297df2b47","workflowId":"4060d0nwMZdXJrUS","executionId":"505"}}
{"__type":"$$EventMessageConfirm","confirm":"1c78793f-8209-434e-ad22-a5593384ed5c","ts":"2026-07-13T16:52:34.328-04:00","source":{"id":"0","name":"eventBus"}}
{"__type":"$$EventMessageNode","id":"032e3f88-874d-488f-aef1-290bc02a88e9","ts":"2026-07-13T16:52:34.329-04:00","eventName":"n8n.node.finished","message":"n8n.node.finished","payload":{"workflowId":"4060d0nwMZdXJrUS","workflowName":"alert","executionId":"505","nodeType":"n8n-nodes-base.code","nodeName":"Code in JavaScript","nodeId":"847e0d93-8488-41ce-97de-68b297df2b47"}}
{"__type":"$$EventMessageConfirm","confirm":"032e3f88-874d-488f-aef1-290bc02a88e9","ts":"2026-07-13T16:52:34.329-04:00","source":{"id":"0","name":"eventBus"}}
{"__type":"$$EventMessageNode","id":"654b7e62-95e5-43e0-9182-2e111891dea4","ts":"2026-07-13T16:52:34.329-04:00","eventName":"n8n.node.started","message":"n8n.node.started","payload":{"workflowId":"4060d0nwMZdXJrUS","workflowName":"alert","executionId":"505","nodeType":"n8n-nodes-base.if","nodeName":"If","nodeId":"a8f0bf21-8151-4783-a4a5-ac8e38d0da13"}}
{"__type":"$$EventMessageConfirm","confirm":"654b7e62-95e5-43e0-9182-2e111891dea4","ts":"2026-07-13T16:52:34.329-04:00","source":{"id":"0","name":"eventBus"}}
{"__type":"$$EventMessageNode","id":"222af456-4a7a-4307-a8aa-80d86d147bcc","ts":"2026-07-13T16:52:34.330-04:00","eventName":"n8n.node.finished","message":"n8n.node.finished","payload":{"workflowId":"4060d0nwMZdXJrUS","workflowName":"alert","executionId":"505","nodeType":"n8n-nodes-base.if","nodeName":"If","nodeId":"a8f0bf21-8151-4783-a4a5-ac8e38d0da13"}}
{"__type":"$$EventMessageConfirm","confirm":"222af456-4a7a-4307-a8aa-80d86d147bcc","ts":"2026-07-13T16:52:34.330-04:00","source":{"id":"0","name":"eventBus"}}
{"__type":"$$EventMessageNode","id":"784cf1d8-7c80-4192-b9e3-ea45af76216e","ts":"2026-07-13T16:52:34.331-04:00","eventName":"n8n.node.started","message":"n8n.node.started","payload":{"workflowId":"4060d0nwMZdXJrUS","workflowName":"alert","executionId":"505","nodeType":"n8n-nodes-base.code","nodeName":"Code in JavaScript2","nodeId":"6269d19a-dac3-4618-b12a-14bc32900427"}}
{"__type":"$$EventMessageConfirm","confirm":"784cf1d8-7c80-4192-b9e3-ea45af76216e","ts":"2026-07-13T16:52:34.331-04:00","source":{"id":"0","name":"eventBus"}}
{"__type":"$$EventMessageRunner","id":"a1303c31-1e1a-4d8a-8b6d-058509e1031f","ts":"2026-07-13T16:52:34.333-04:00","eventName":"n8n.runner.task.requested","message":"n8n.runner.task.requested","payload":{"taskId":"jPuq4mpq","nodeId":"6269d19a-dac3-4618-b12a-14bc32900427","workflowId":"4060d0nwMZdXJrUS","executionId":"505"}}
{"__type":"$$EventMessageConfirm","confirm":"a1303c31-1e1a-4d8a-8b6d-058509e1031f","ts":"2026-07-13T16:52:34.334-04:00","source":{"id":"0","name":"eventBus"}}
{"__type":"$$EventMessageRunner","id":"704c6ad4-e58a-425c-9f02-19a011ec9027","ts":"2026-07-13T16:52:34.342-04:00","eventName":"n8n.runner.response.received","message":"n8n.runner.response.received","payload":{"taskId":"jPuq4mpq","nodeId":"6269d19a-dac3-4618-b12a-14bc32900427","workflowId":"4060d0nwMZdXJrUS","executionId":"505"}}
{"__type":"$$EventMessageConfirm","confirm":"704c6ad4-e58a-425c-9f02-19a011ec9027","ts":"2026-07-13T16:52:34.342-04:00","source":{"id":"0","name":"eventBus"}}
{"__type":"$$EventMessageNode","id":"28586e7d-3123-40f4-b0e7-07e51cfa1f3f","ts":"2026-07-13T16:52:34.342-04:00","eventName":"n8n.node.finished","message":"n8n.node.finished","payload":{"workflowId":"4060d0nwMZdXJrUS","workflowName":"alert","executionId":"505","nodeType":"n8n-nodes-base.code","nodeName":"Code in JavaScript2","nodeId":"6269d19a-dac3-4618-b12a-14bc32900427"}}
{"__type":"$$EventMessageConfirm","confirm":"28586e7d-3123-40f4-b0e7-07e51cfa1f3f","ts":"2026-07-13T16:52:34.342-04:00","source":{"id":"0","name":"eventBus"}}
{"__type":"$$EventMessageWorkflow","id":"4add3ded-53ee-4906-b149-4f774fd819c5","ts":"2026-07-13T16:52:34.342-04:00","eventName":"n8n.workflow.success","message":"n8n.workflow.success","payload":{"executionId":"505","success":true,"isManual":false,"mode":"webhook","workflowId":"4060d0nwMZdXJrUS","workflowName":"alert"}}
{"__type":"$$EventMessageConfirm","confirm":"4add3ded-53ee-4906-b149-4f774fd819c5","ts":"2026-07-13T16:52:34.343-04:00","source":{"id":"0","name":"eventBus"}}
{"__type":"$$EventMessageWorkflow","id":"28037d0e-1004-4002-a463-6187994a8d95","ts":"2026-07-13T16:53:57.478-04:00","eventName":"n8n.workflow.started","message":"n8n.workflow.started","payload":{"executionId":"506","workflowId":"5VBKbuuujEvgdIGs","isManual":false,"mode":"webhook","workflowName":"power"}}
{"__type":"$$EventMessageConfirm","confirm":"28037d0e-1004-4002-a463-6187994a8d95","ts":"2026-07-13T16:53:57.478-04:00","source":{"id":"0","name":"eventBus"}}
{"__type":"$$EventMessageAudit","id":"15d08c93-2153-4760-ab70-a0fe8e6cf8af","ts":"2026-07-13T16:53:57.479-04:00","eventName":"n8n.audit.workflow.executed","message":"n8n.audit.workflow.executed","payload":{"workflowId":"5VBKbuuujEvgdIGs","workflowName":"power","executionId":"506","source":"webhook"}}
{"__type":"$$EventMessageConfirm","confirm":"15d08c93-2153-4760-ab70-a0fe8e6cf8af","ts":"2026-07-13T16:53:57.479-04:00","source":{"id":"0","name":"eventBus"}}
{"__type":"$$EventMessageNode","id":"79163fcd-797b-4f76-9e66-ab0626f27148","ts":"2026-07-13T16:53:57.480-04:00","eventName":"n8n.node.started","message":"n8n.node.started","payload":{"workflowId":"5VBKbuuujEvgdIGs","workflowName":"power","executionId":"506","nodeType":"n8n-nodes-base.webhook","nodeName":"Webhook","nodeId":"d2f68568-3d63-4615-8950-d51b3313419d"}}
{"__type":"$$EventMessageConfirm","confirm":"79163fcd-797b-4f76-9e66-ab0626f27148","ts":"2026-07-13T16:53:57.480-04:00","source":{"id":"0","name":"eventBus"}}
{"__type":"$$EventMessageNode","id":"33a63340-1db9-46f1-8c4d-55adfaed1b07","ts":"2026-07-13T16:53:57.481-04:00","eventName":"n8n.node.finished","message":"n8n.node.finished","payload":{"workflowId":"5VBKbuuujEvgdIGs","workflowName":"power","executionId":"506","nodeType":"n8n-nodes-base.webhook","nodeName":"Webhook","nodeId":"d2f68568-3d63-4615-8950-d51b3313419d"}}
{"__type":"$$EventMessageConfirm","confirm":"33a63340-1db9-46f1-8c4d-55adfaed1b07","ts":"2026-07-13T16:53:57.481-04:00","source":{"id":"0","name":"eventBus"}}
{"__type":"$$EventMessageNode","id":"b35f1a96-2b90-402c-9997-45b378687475","ts":"2026-07-13T16:53:57.481-04:00","eventName":"n8n.node.started","message":"n8n.node.started","payload":{"workflowId":"5VBKbuuujEvgdIGs","workflowName":"power","executionId":"506","nodeType":"n8n-nodes-base.code","nodeName":"Code in JavaScript","nodeId":"60178211-232e-4f7a-8bd9-97a66e5b9ec0"}}
{"__type":"$$EventMessageConfirm","confirm":"b35f1a96-2b90-402c-9997-45b378687475","ts":"2026-07-13T16:53:57.481-04:00","source":{"id":"0","name":"eventBus"}}
{"__type":"$$EventMessageRunner","id":"68b03c82-29b9-4b10-bb8e-e9182e58ce1d","ts":"2026-07-13T16:53:57.485-04:00","eventName":"n8n.runner.task.requested","message":"n8n.runner.task.requested","payload":{"taskId":"JdfKEWdY","nodeId":"60178211-232e-4f7a-8bd9-97a66e5b9ec0","workflowId":"5VBKbuuujEvgdIGs","executionId":"506"}}
{"__type":"$$EventMessageConfirm","confirm":"68b03c82-29b9-4b10-bb8e-e9182e58ce1d","ts":"2026-07-13T16:53:57.486-04:00","source":{"id":"0","name":"eventBus"}}
{"__type":"$$EventMessageRunner","id":"f2ba98b2-1130-46cb-a9f1-da4532bdbe07","ts":"2026-07-13T16:53:57.498-04:00","eventName":"n8n.runner.response.received","message":"n8n.runner.response.received","payload":{"taskId":"JdfKEWdY","nodeId":"60178211-232e-4f7a-8bd9-97a66e5b9ec0","workflowId":"5VBKbuuujEvgdIGs","executionId":"506"}}
{"__type":"$$EventMessageConfirm","confirm":"f2ba98b2-1130-46cb-a9f1-da4532bdbe07","ts":"2026-07-13T16:53:57.498-04:00","source":{"id":"0","name":"eventBus"}}
{"__type":"$$EventMessageNode","id":"5efbccdd-2b3d-4ef0-b455-e5fe31503ca8","ts":"2026-07-13T16:53:57.499-04:00","eventName":"n8n.node.finished","message":"n8n.node.finished","payload":{"workflowId":"5VBKbuuujEvgdIGs","workflowName":"power","executionId":"506","nodeType":"n8n-nodes-base.code","nodeName":"Code in JavaScript","nodeId":"60178211-232e-4f7a-8bd9-97a66e5b9ec0"}}
{"__type":"$$EventMessageConfirm","confirm":"5efbccdd-2b3d-4ef0-b455-e5fe31503ca8","ts":"2026-07-13T16:53:57.499-04:00","source":{"id":"0","name":"eventBus"}}
{"__type":"$$EventMessageNode","id":"babda516-e132-47ef-9f7f-42427a1cfbd0","ts":"2026-07-13T16:53:57.499-04:00","eventName":"n8n.node.started","message":"n8n.node.started","payload":{"workflowId":"5VBKbuuujEvgdIGs","workflowName":"power","executionId":"506","nodeType":"n8n-nodes-base.code","nodeName":"Code in JavaScript1","nodeId":"21ac27dd-d85f-45cb-b48f-eb6a3465a56b"}}
{"__type":"$$EventMessageConfirm","confirm":"babda516-e132-47ef-9f7f-42427a1cfbd0","ts":"2026-07-13T16:53:57.500-04:00","source":{"id":"0","name":"eventBus"}}
{"__type":"$$EventMessageRunner","id":"ed813e39-a8a3-4b1a-8e56-d2bfeb5a7638","ts":"2026-07-13T16:53:57.503-04:00","eventName":"n8n.runner.task.requested","message":"n8n.runner.task.requested","payload":{"taskId":"TiKkx1pM","nodeId":"21ac27dd-d85f-45cb-b48f-eb6a3465a56b","workflowId":"5VBKbuuujEvgdIGs","executionId":"506"}}
{"__type":"$$EventMessageConfirm","confirm":"ed813e39-a8a3-4b1a-8e56-d2bfeb5a7638","ts":"2026-07-13T16:53:57.503-04:00","source":{"id":"0","name":"eventBus"}}
{"__type":"$$EventMessageRunner","id":"3ffc7090-d71d-45ca-8c97-b6c36cc19e05","ts":"2026-07-13T16:53:57.522-04:00","eventName":"n8n.runner.response.received","message":"n8n.runner.response.received","payload":{"taskId":"TiKkx1pM","nodeId":"21ac27dd-d85f-45cb-b48f-eb6a3465a56b","workflowId":"5VBKbuuujEvgdIGs","executionId":"506"}}
{"__type":"$$EventMessageConfirm","confirm":"3ffc7090-d71d-45ca-8c97-b6c36cc19e05","ts":"2026-07-13T16:53:57.523-04:00","source":{"id":"0","name":"eventBus"}}
{"__type":"$$EventMessageNode","id":"56d0d9a7-f57e-46f4-b8e4-db550616097f","ts":"2026-07-13T16:53:57.524-04:00","eventName":"n8n.node.finished","message":"n8n.node.finished","payload":{"workflowId":"5VBKbuuujEvgdIGs","workflowName":"power","executionId":"506","nodeType":"n8n-nodes-base.code","nodeName":"Code in JavaScript1","nodeId":"21ac27dd-d85f-45cb-b48f-eb6a3465a56b"}}
{"__type":"$$EventMessageConfirm","confirm":"56d0d9a7-f57e-46f4-b8e4-db550616097f","ts":"2026-07-13T16:53:57.524-04:00","source":{"id":"0","name":"eventBus"}}
{"__type":"$$EventMessageWorkflow","id":"58fd7370-0acf-4345-916a-9f11266dd039","ts":"2026-07-13T16:53:57.524-04:00","eventName":"n8n.workflow.success","message":"n8n.workflow.success","payload":{"executionId":"506","success":true,"isManual":false,"mode":"webhook","workflowId":"5VBKbuuujEvgdIGs","workflowName":"power"}}
{"__type":"$$EventMessageConfirm","confirm":"58fd7370-0acf-4345-916a-9f11266dd039","ts":"2026-07-13T16:53:57.525-04:00","source":{"id":"0","name":"eventBus"}}
{"__type":"$$EventMessageWorkflow","id":"2506ba1d-548d-44f0-b41a-c5d66271a4be","ts":"2026-07-13T16:53:57.650-04:00","eventName":"n8n.workflow.started","message":"n8n.workflow.started","payload":{"executionId":"507","workflowId":"HyiO9yqvE2q5kmov","isManual":false,"mode":"webhook","workflowName":"hvac"}}
{"__type":"$$EventMessageConfirm","confirm":"2506ba1d-548d-44f0-b41a-c5d66271a4be","ts":"2026-07-13T16:53:57.650-04:00","source":{"id":"0","name":"eventBus"}}
{"__type":"$$EventMessageAudit","id":"001d124b-daef-4091-a123-05a7cf00deac","ts":"2026-07-13T16:53:57.651-04:00","eventName":"n8n.audit.workflow.executed","message":"n8n.audit.workflow.executed","payload":{"workflowId":"HyiO9yqvE2q5kmov","workflowName":"hvac","executionId":"507","source":"webhook"}}
{"__type":"$$EventMessageConfirm","confirm":"001d124b-daef-4091-a123-05a7cf00deac","ts":"2026-07-13T16:53:57.652-04:00","source":{"id":"0","name":"eventBus"}}
{"__type":"$$EventMessageNode","id":"d7c65742-0e28-4123-92ed-6e94d257b1a6","ts":"2026-07-13T16:53:57.653-04:00","eventName":"n8n.node.started","message":"n8n.node.started","payload":{"workflowId":"HyiO9yqvE2q5kmov","workflowName":"hvac","executionId":"507","nodeType":"n8n-nodes-base.webhook","nodeName":"Webhook","nodeId":"21c4bb7e-a362-421b-819b-e396631df92a"}}
{"__type":"$$EventMessageConfirm","confirm":"d7c65742-0e28-4123-92ed-6e94d257b1a6","ts":"2026-07-13T16:53:57.653-04:00","source":{"id":"0","name":"eventBus"}}
{"__type":"$$EventMessageNode","id":"f607d80e-7cd5-4758-bdf7-6731143bb4f4","ts":"2026-07-13T16:53:57.653-04:00","eventName":"n8n.node.finished","message":"n8n.node.finished","payload":{"workflowId":"HyiO9yqvE2q5kmov","workflowName":"hvac","executionId":"507","nodeType":"n8n-nodes-base.webhook","nodeName":"Webhook","nodeId":"21c4bb7e-a362-421b-819b-e396631df92a"}}
{"__type":"$$EventMessageConfirm","confirm":"f607d80e-7cd5-4758-bdf7-6731143bb4f4","ts":"2026-07-13T16:53:57.654-04:00","source":{"id":"0","name":"eventBus"}}
{"__type":"$$EventMessageNode","id":"ce628431-ee56-47a2-9b92-a236b9af21e1","ts":"2026-07-13T16:53:57.654-04:00","eventName":"n8n.node.started","message":"n8n.node.started","payload":{"workflowId":"HyiO9yqvE2q5kmov","workflowName":"hvac","executionId":"507","nodeType":"n8n-nodes-base.code","nodeName":"Code in JavaScript","nodeId":"7f58ebee-2d23-411d-b5ed-d749b73e6774"}}
{"__type":"$$EventMessageConfirm","confirm":"ce628431-ee56-47a2-9b92-a236b9af21e1","ts":"2026-07-13T16:53:57.654-04:00","source":{"id":"0","name":"eventBus"}}
{"__type":"$$EventMessageRunner","id":"85873fd7-72fe-40b9-90ed-303bae31ccad","ts":"2026-07-13T16:53:57.657-04:00","eventName":"n8n.runner.task.requested","message":"n8n.runner.task.requested","payload":{"taskId":"aQ28XazY","nodeId":"7f58ebee-2d23-411d-b5ed-d749b73e6774","workflowId":"HyiO9yqvE2q5kmov","executionId":"507"}}
{"__type":"$$EventMessageConfirm","confirm":"85873fd7-72fe-40b9-90ed-303bae31ccad","ts":"2026-07-13T16:53:57.657-04:00","source":{"id":"0","name":"eventBus"}}
{"__type":"$$EventMessageRunner","id":"ea6803c8-71d4-4aac-8a8f-da6c68c72138","ts":"2026-07-13T16:53:57.672-04:00","eventName":"n8n.runner.response.received","message":"n8n.runner.response.received","payload":{"taskId":"aQ28XazY","nodeId":"7f58ebee-2d23-411d-b5ed-d749b73e6774","workflowId":"HyiO9yqvE2q5kmov","executionId":"507"}}
{"__type":"$$EventMessageConfirm","confirm":"ea6803c8-71d4-4aac-8a8f-da6c68c72138","ts":"2026-07-13T16:53:57.672-04:00","source":{"id":"0","name":"eventBus"}}
{"__type":"$$EventMessageNode","id":"7bb732fa-314b-4eba-bd5b-6f4f196b0857","ts":"2026-07-13T16:53:57.672-04:00","eventName":"n8n.node.finished","message":"n8n.node.finished","payload":{"workflowId":"HyiO9yqvE2q5kmov","workflowName":"hvac","executionId":"507","nodeType":"n8n-nodes-base.code","nodeName":"Code in JavaScript","nodeId":"7f58ebee-2d23-411d-b5ed-d749b73e6774"}}
{"__type":"$$EventMessageConfirm","confirm":"7bb732fa-314b-4eba-bd5b-6f4f196b0857","ts":"2026-07-13T16:53:57.672-04:00","source":{"id":"0","name":"eventBus"}}
{"__type":"$$EventMessageNode","id":"1b7083a6-63ff-45c9-b6f0-5e4f706d398f","ts":"2026-07-13T16:53:57.672-04:00","eventName":"n8n.node.started","message":"n8n.node.started","payload":{"workflowId":"HyiO9yqvE2q5kmov","workflowName":"hvac","executionId":"507","nodeType":"n8n-nodes-base.code","nodeName":"Code in JavaScript1","nodeId":"60f93297-09f2-4aac-9a87-0874737aa293"}}
{"__type":"$$EventMessageConfirm","confirm":"1b7083a6-63ff-45c9-b6f0-5e4f706d398f","ts":"2026-07-13T16:53:57.672-04:00","source":{"id":"0","name":"eventBus"}}
{"__type":"$$EventMessageRunner","id":"a985c3dd-1d94-45f9-9342-6acc3756e116","ts":"2026-07-13T16:53:57.674-04:00","eventName":"n8n.runner.task.requested","message":"n8n.runner.task.requested","payload":{"taskId":"ic03s4So","nodeId":"60f93297-09f2-4aac-9a87-0874737aa293","workflowId":"HyiO9yqvE2q5kmov","executionId":"507"}}
{"__type":"$$EventMessageConfirm","confirm":"a985c3dd-1d94-45f9-9342-6acc3756e116","ts":"2026-07-13T16:53:57.676-04:00","source":{"id":"0","name":"eventBus"}}
{"__type":"$$EventMessageRunner","id":"877b4f5f-596f-41d1-81e5-f8fc6d3b8247","ts":"2026-07-13T16:53:57.697-04:00","eventName":"n8n.runner.response.received","message":"n8n.runner.response.received","payload":{"taskId":"ic03s4So","nodeId":"60f93297-09f2-4aac-9a87-0874737aa293","workflowId":"HyiO9yqvE2q5kmov","executionId":"507"}}
{"__type":"$$EventMessageConfirm","confirm":"877b4f5f-596f-41d1-81e5-f8fc6d3b8247","ts":"2026-07-13T16:53:57.697-04:00","source":{"id":"0","name":"eventBus"}}
{"__type":"$$EventMessageNode","id":"16804259-4d4e-4ae3-b66a-ac0866d29ee8","ts":"2026-07-13T16:53:57.698-04:00","eventName":"n8n.node.finished","message":"n8n.node.finished","payload":{"workflowId":"HyiO9yqvE2q5kmov","workflowName":"hvac","executionId":"507","nodeType":"n8n-nodes-base.code","nodeName":"Code in JavaScript1","nodeId":"60f93297-09f2-4aac-9a87-0874737aa293"}}
{"__type":"$$EventMessageConfirm","confirm":"16804259-4d4e-4ae3-b66a-ac0866d29ee8","ts":"2026-07-13T16:53:57.698-04:00","source":{"id":"0","name":"eventBus"}}
{"__type":"$$EventMessageWorkflow","id":"3ad4aa4c-8225-42c6-80d9-e9b5b47b9004","ts":"2026-07-13T16:53:57.698-04:00","eventName":"n8n.workflow.success","message":"n8n.workflow.success","payload":{"executionId":"507","success":true,"isManual":false,"mode":"webhook","workflowId":"HyiO9yqvE2q5kmov","workflowName":"hvac"}}
{"__type":"$$EventMessageConfirm","confirm":"3ad4aa4c-8225-42c6-80d9-e9b5b47b9004","ts":"2026-07-13T16:53:57.698-04:00","source":{"id":"0","name":"eventBus"}}
{"__type":"$$EventMessageWorkflow","id":"fc85c6c7-9e50-42f1-acba-72634dbcdff6","ts":"2026-07-13T16:53:57.818-04:00","eventName":"n8n.workflow.started","message":"n8n.workflow.started","payload":{"executionId":"508","workflowId":"4060d0nwMZdXJrUS","isManual":false,"mode":"webhook","workflowName":"alert"}}
{"__type":"$$EventMessageConfirm","confirm":"fc85c6c7-9e50-42f1-acba-72634dbcdff6","ts":"2026-07-13T16:53:57.819-04:00","source":{"id":"0","name":"eventBus"}}
{"__type":"$$EventMessageAudit","id":"8eed8b16-c61d-4f94-b793-8dee4bdc08ec","ts":"2026-07-13T16:53:57.820-04:00","eventName":"n8n.audit.workflow.executed","message":"n8n.audit.workflow.executed","payload":{"workflowId":"4060d0nwMZdXJrUS","workflowName":"alert","executionId":"508","source":"webhook"}}
{"__type":"$$EventMessageConfirm","confirm":"8eed8b16-c61d-4f94-b793-8dee4bdc08ec","ts":"2026-07-13T16:53:57.820-04:00","source":{"id":"0","name":"eventBus"}}
{"__type":"$$EventMessageNode","id":"df4c60f2-a4d6-4ff3-95a4-403ba5868504","ts":"2026-07-13T16:53:57.821-04:00","eventName":"n8n.node.started","message":"n8n.node.started","payload":{"workflowId":"4060d0nwMZdXJrUS","workflowName":"alert","executionId":"508","nodeType":"n8n-nodes-base.webhook","nodeName":"Webhook","nodeId":"45b9a4be-0184-403c-83f3-41cbd14731c8"}}
{"__type":"$$EventMessageConfirm","confirm":"df4c60f2-a4d6-4ff3-95a4-403ba5868504","ts":"2026-07-13T16:53:57.821-04:00","source":{"id":"0","name":"eventBus"}}
{"__type":"$$EventMessageNode","id":"36b38caf-ce6a-43ed-a127-58cb758ac451","ts":"2026-07-13T16:53:57.821-04:00","eventName":"n8n.node.finished","message":"n8n.node.finished","payload":{"workflowId":"4060d0nwMZdXJrUS","workflowName":"alert","executionId":"508","nodeType":"n8n-nodes-base.webhook","nodeName":"Webhook","nodeId":"45b9a4be-0184-403c-83f3-41cbd14731c8"}}
{"__type":"$$EventMessageConfirm","confirm":"36b38caf-ce6a-43ed-a127-58cb758ac451","ts":"2026-07-13T16:53:57.822-04:00","source":{"id":"0","name":"eventBus"}}
{"__type":"$$EventMessageNode","id":"2fbacb30-71ce-455d-9509-63241924acad","ts":"2026-07-13T16:53:57.822-04:00","eventName":"n8n.node.started","message":"n8n.node.started","payload":{"workflowId":"4060d0nwMZdXJrUS","workflowName":"alert","executionId":"508","nodeType":"n8n-nodes-base.code","nodeName":"Code in JavaScript","nodeId":"847e0d93-8488-41ce-97de-68b297df2b47"}}
{"__type":"$$EventMessageConfirm","confirm":"2fbacb30-71ce-455d-9509-63241924acad","ts":"2026-07-13T16:53:57.822-04:00","source":{"id":"0","name":"eventBus"}}
{"__type":"$$EventMessageRunner","id":"7cb8dfc5-6d8b-430b-8ffc-3d6f6eb4bae9","ts":"2026-07-13T16:53:57.825-04:00","eventName":"n8n.runner.task.requested","message":"n8n.runner.task.requested","payload":{"taskId":"E89wcZtX","nodeId":"847e0d93-8488-41ce-97de-68b297df2b47","workflowId":"4060d0nwMZdXJrUS","executionId":"508"}}
{"__type":"$$EventMessageConfirm","confirm":"7cb8dfc5-6d8b-430b-8ffc-3d6f6eb4bae9","ts":"2026-07-13T16:53:57.825-04:00","source":{"id":"0","name":"eventBus"}}
{"__type":"$$EventMessageRunner","id":"b4c981ef-b266-4ebb-b038-dcca3119b1e7","ts":"2026-07-13T16:53:57.838-04:00","eventName":"n8n.runner.response.received","message":"n8n.runner.response.received","payload":{"taskId":"E89wcZtX","nodeId":"847e0d93-8488-41ce-97de-68b297df2b47","workflowId":"4060d0nwMZdXJrUS","executionId":"508"}}
{"__type":"$$EventMessageConfirm","confirm":"b4c981ef-b266-4ebb-b038-dcca3119b1e7","ts":"2026-07-13T16:53:57.838-04:00","source":{"id":"0","name":"eventBus"}}
{"__type":"$$EventMessageNode","id":"2f12e45a-e904-464a-b54b-a1295a92fbf6","ts":"2026-07-13T16:53:57.838-04:00","eventName":"n8n.node.finished","message":"n8n.node.finished","payload":{"workflowId":"4060d0nwMZdXJrUS","workflowName":"alert","executionId":"508","nodeType":"n8n-nodes-base.code","nodeName":"Code in JavaScript","nodeId":"847e0d93-8488-41ce-97de-68b297df2b47"}}
{"__type":"$$EventMessageConfirm","confirm":"2f12e45a-e904-464a-b54b-a1295a92fbf6","ts":"2026-07-13T16:53:57.838-04:00","source":{"id":"0","name":"eventBus"}}
{"__type":"$$EventMessageNode","id":"c93a4e13-3bd2-4ba3-8613-1bdea5eb6951","ts":"2026-07-13T16:53:57.838-04:00","eventName":"n8n.node.started","message":"n8n.node.started","payload":{"workflowId":"4060d0nwMZdXJrUS","workflowName":"alert","executionId":"508","nodeType":"n8n-nodes-base.if","nodeName":"If","nodeId":"a8f0bf21-8151-4783-a4a5-ac8e38d0da13"}}
{"__type":"$$EventMessageConfirm","confirm":"c93a4e13-3bd2-4ba3-8613-1bdea5eb6951","ts":"2026-07-13T16:53:57.838-04:00","source":{"id":"0","name":"eventBus"}}
{"__type":"$$EventMessageNode","id":"eec17e23-aa8f-468c-a153-81e982f4616d","ts":"2026-07-13T16:53:57.840-04:00","eventName":"n8n.node.finished","message":"n8n.node.finished","payload":{"workflowId":"4060d0nwMZdXJrUS","workflowName":"alert","executionId":"508","nodeType":"n8n-nodes-base.if","nodeName":"If","nodeId":"a8f0bf21-8151-4783-a4a5-ac8e38d0da13"}}
{"__type":"$$EventMessageConfirm","confirm":"eec17e23-aa8f-468c-a153-81e982f4616d","ts":"2026-07-13T16:53:57.840-04:00","source":{"id":"0","name":"eventBus"}}
{"__type":"$$EventMessageNode","id":"0ad46c1a-6579-48ff-bd48-3bfca0509bd7","ts":"2026-07-13T16:53:57.840-04:00","eventName":"n8n.node.started","message":"n8n.node.started","payload":{"workflowId":"4060d0nwMZdXJrUS","workflowName":"alert","executionId":"508","nodeType":"n8n-nodes-base.code","nodeName":"Code in JavaScript1","nodeId":"50b098bd-b40a-4c90-b2d4-eb880777eaff"}}
{"__type":"$$EventMessageConfirm","confirm":"0ad46c1a-6579-48ff-bd48-3bfca0509bd7","ts":"2026-07-13T16:53:57.840-04:00","source":{"id":"0","name":"eventBus"}}
{"__type":"$$EventMessageRunner","id":"7403f1ea-1087-4230-9a47-673c857c908b","ts":"2026-07-13T16:53:57.841-04:00","eventName":"n8n.runner.task.requested","message":"n8n.runner.task.requested","payload":{"taskId":"9Z6_uWgF","nodeId":"50b098bd-b40a-4c90-b2d4-eb880777eaff","workflowId":"4060d0nwMZdXJrUS","executionId":"508"}}
{"__type":"$$EventMessageConfirm","confirm":"7403f1ea-1087-4230-9a47-673c857c908b","ts":"2026-07-13T16:53:57.842-04:00","source":{"id":"0","name":"eventBus"}}
{"__type":"$$EventMessageRunner","id":"a8584065-e22f-4d39-8165-7e5b6c36135d","ts":"2026-07-13T16:53:57.853-04:00","eventName":"n8n.runner.response.received","message":"n8n.runner.response.received","payload":{"taskId":"9Z6_uWgF","nodeId":"50b098bd-b40a-4c90-b2d4-eb880777eaff","workflowId":"4060d0nwMZdXJrUS","executionId":"508"}}
{"__type":"$$EventMessageConfirm","confirm":"a8584065-e22f-4d39-8165-7e5b6c36135d","ts":"2026-07-13T16:53:57.853-04:00","source":{"id":"0","name":"eventBus"}}
{"__type":"$$EventMessageNode","id":"3d7b5e30-0f25-4cf9-b870-10959c36428c","ts":"2026-07-13T16:53:57.853-04:00","eventName":"n8n.node.finished","message":"n8n.node.finished","payload":{"workflowId":"4060d0nwMZdXJrUS","workflowName":"alert","executionId":"508","nodeType":"n8n-nodes-base.code","nodeName":"Code in JavaScript1","nodeId":"50b098bd-b40a-4c90-b2d4-eb880777eaff"}}
{"__type":"$$EventMessageConfirm","confirm":"3d7b5e30-0f25-4cf9-b870-10959c36428c","ts":"2026-07-13T16:53:57.853-04:00","source":{"id":"0","name":"eventBus"}}
{"__type":"$$EventMessageWorkflow","id":"56414527-8fdc-4e3d-bee2-24fd246b356b","ts":"2026-07-13T16:53:57.854-04:00","eventName":"n8n.workflow.success","message":"n8n.workflow.success","payload":{"executionId":"508","success":true,"isManual":false,"mode":"webhook","workflowId":"4060d0nwMZdXJrUS","workflowName":"alert"}}
{"__type":"$$EventMessageConfirm","confirm":"56414527-8fdc-4e3d-bee2-24fd246b356b","ts":"2026-07-13T16:53:57.854-04:00","source":{"id":"0","name":"eventBus"}}
{"__type":"$$EventMessageWorkflow","id":"316299a4-f966-46c0-9e10-19d32e9c8018","ts":"2026-07-13T17:22:47.190-04:00","eventName":"n8n.workflow.started","message":"n8n.workflow.started","payload":{"executionId":"509","workflowId":"5VBKbuuujEvgdIGs","isManual":false,"mode":"webhook","workflowName":"power"}}
{"__type":"$$EventMessageConfirm","confirm":"316299a4-f966-46c0-9e10-19d32e9c8018","ts":"2026-07-13T17:22:47.190-04:00","source":{"id":"0","name":"eventBus"}}
{"__type":"$$EventMessageAudit","id":"589198ed-c070-4d8e-83f7-9bc0642bd5b6","ts":"2026-07-13T17:22:47.191-04:00","eventName":"n8n.audit.workflow.executed","message":"n8n.audit.workflow.executed","payload":{"workflowId":"5VBKbuuujEvgdIGs","workflowName":"power","executionId":"509","source":"webhook"}}
{"__type":"$$EventMessageConfirm","confirm":"589198ed-c070-4d8e-83f7-9bc0642bd5b6","ts":"2026-07-13T17:22:47.191-04:00","source":{"id":"0","name":"eventBus"}}
{"__type":"$$EventMessageNode","id":"394315b4-c65f-4d50-8f58-f349cda3232e","ts":"2026-07-13T17:22:47.192-04:00","eventName":"n8n.node.started","message":"n8n.node.started","payload":{"workflowId":"5VBKbuuujEvgdIGs","workflowName":"power","executionId":"509","nodeType":"n8n-nodes-base.webhook","nodeName":"Webhook","nodeId":"d2f68568-3d63-4615-8950-d51b3313419d"}}
{"__type":"$$EventMessageConfirm","confirm":"394315b4-c65f-4d50-8f58-f349cda3232e","ts":"2026-07-13T17:22:47.193-04:00","source":{"id":"0","name":"eventBus"}}
{"__type":"$$EventMessageNode","id":"498ea887-2b35-403f-810c-a43cd0eafee4","ts":"2026-07-13T17:22:47.193-04:00","eventName":"n8n.node.finished","message":"n8n.node.finished","payload":{"workflowId":"5VBKbuuujEvgdIGs","workflowName":"power","executionId":"509","nodeType":"n8n-nodes-base.webhook","nodeName":"Webhook","nodeId":"d2f68568-3d63-4615-8950-d51b3313419d"}}
{"__type":"$$EventMessageConfirm","confirm":"498ea887-2b35-403f-810c-a43cd0eafee4","ts":"2026-07-13T17:22:47.193-04:00","source":{"id":"0","name":"eventBus"}}
{"__type":"$$EventMessageNode","id":"2c193418-47b9-49ac-a497-9b78e131f79d","ts":"2026-07-13T17:22:47.193-04:00","eventName":"n8n.node.started","message":"n8n.node.started","payload":{"workflowId":"5VBKbuuujEvgdIGs","workflowName":"power","executionId":"509","nodeType":"n8n-nodes-base.code","nodeName":"Code in JavaScript","nodeId":"60178211-232e-4f7a-8bd9-97a66e5b9ec0"}}
{"__type":"$$EventMessageConfirm","confirm":"2c193418-47b9-49ac-a497-9b78e131f79d","ts":"2026-07-13T17:22:47.194-04:00","source":{"id":"0","name":"eventBus"}}
{"__type":"$$EventMessageRunner","id":"585c9c3e-d842-42d3-af9b-ee78d13a6db3","ts":"2026-07-13T17:22:47.196-04:00","eventName":"n8n.runner.task.requested","message":"n8n.runner.task.requested","payload":{"taskId":"gpiuIOQb","nodeId":"60178211-232e-4f7a-8bd9-97a66e5b9ec0","workflowId":"5VBKbuuujEvgdIGs","executionId":"509"}}
{"__type":"$$EventMessageConfirm","confirm":"585c9c3e-d842-42d3-af9b-ee78d13a6db3","ts":"2026-07-13T17:22:47.196-04:00","source":{"id":"0","name":"eventBus"}}
{"__type":"$$EventMessageRunner","id":"f09f36f2-b999-402d-9f25-c8f1526b2c4b","ts":"2026-07-13T17:22:47.220-04:00","eventName":"n8n.runner.response.received","message":"n8n.runner.response.received","payload":{"taskId":"gpiuIOQb","nodeId":"60178211-232e-4f7a-8bd9-97a66e5b9ec0","workflowId":"5VBKbuuujEvgdIGs","executionId":"509"}}
{"__type":"$$EventMessageConfirm","confirm":"f09f36f2-b999-402d-9f25-c8f1526b2c4b","ts":"2026-07-13T17:22:47.220-04:00","source":{"id":"0","name":"eventBus"}}
{"__type":"$$EventMessageNode","id":"53b1cf15-f3b2-4a08-8ab8-a1b8addf502f","ts":"2026-07-13T17:22:47.220-04:00","eventName":"n8n.node.finished","message":"n8n.node.finished","payload":{"workflowId":"5VBKbuuujEvgdIGs","workflowName":"power","executionId":"509","nodeType":"n8n-nodes-base.code","nodeName":"Code in JavaScript","nodeId":"60178211-232e-4f7a-8bd9-97a66e5b9ec0"}}
{"__type":"$$EventMessageConfirm","confirm":"53b1cf15-f3b2-4a08-8ab8-a1b8addf502f","ts":"2026-07-13T17:22:47.221-04:00","source":{"id":"0","name":"eventBus"}}
{"__type":"$$EventMessageNode","id":"e1c6d7c3-9aae-4dee-b34b-1e8e1f59347c","ts":"2026-07-13T17:22:47.221-04:00","eventName":"n8n.node.started","message":"n8n.node.started","payload":{"workflowId":"5VBKbuuujEvgdIGs","workflowName":"power","executionId":"509","nodeType":"n8n-nodes-base.code","nodeName":"Code in JavaScript1","nodeId":"21ac27dd-d85f-45cb-b48f-eb6a3465a56b"}}
{"__type":"$$EventMessageConfirm","confirm":"e1c6d7c3-9aae-4dee-b34b-1e8e1f59347c","ts":"2026-07-13T17:22:47.221-04:00","source":{"id":"0","name":"eventBus"}}
{"__type":"$$EventMessageRunner","id":"904478b7-81d1-439f-982a-f659b2540cd1","ts":"2026-07-13T17:22:47.223-04:00","eventName":"n8n.runner.task.requested","message":"n8n.runner.task.requested","payload":{"taskId":"r7JbRHgi","nodeId":"21ac27dd-d85f-45cb-b48f-eb6a3465a56b","workflowId":"5VBKbuuujEvgdIGs","executionId":"509"}}
{"__type":"$$EventMessageConfirm","confirm":"904478b7-81d1-439f-982a-f659b2540cd1","ts":"2026-07-13T17:22:47.224-04:00","source":{"id":"0","name":"eventBus"}}
{"__type":"$$EventMessageRunner","id":"f2bd503f-d00d-4c93-8d88-b831a6303458","ts":"2026-07-13T17:22:47.253-04:00","eventName":"n8n.runner.response.received","message":"n8n.runner.response.received","payload":{"taskId":"r7JbRHgi","nodeId":"21ac27dd-d85f-45cb-b48f-eb6a3465a56b","workflowId":"5VBKbuuujEvgdIGs","executionId":"509"}}
{"__type":"$$EventMessageConfirm","confirm":"f2bd503f-d00d-4c93-8d88-b831a6303458","ts":"2026-07-13T17:22:47.253-04:00","source":{"id":"0","name":"eventBus"}}
{"__type":"$$EventMessageNode","id":"6b917876-d921-4f7c-b702-57ad8542b181","ts":"2026-07-13T17:22:47.254-04:00","eventName":"n8n.node.finished","message":"n8n.node.finished","payload":{"workflowId":"5VBKbuuujEvgdIGs","workflowName":"power","executionId":"509","nodeType":"n8n-nodes-base.code","nodeName":"Code in JavaScript1","nodeId":"21ac27dd-d85f-45cb-b48f-eb6a3465a56b"}}
{"__type":"$$EventMessageConfirm","confirm":"6b917876-d921-4f7c-b702-57ad8542b181","ts":"2026-07-13T17:22:47.254-04:00","source":{"id":"0","name":"eventBus"}}
{"__type":"$$EventMessageWorkflow","id":"937528a7-b4c0-4e5c-91dd-defe903c20c5","ts":"2026-07-13T17:22:47.254-04:00","eventName":"n8n.workflow.success","message":"n8n.workflow.success","payload":{"executionId":"509","success":true,"isManual":false,"mode":"webhook","workflowId":"5VBKbuuujEvgdIGs","workflowName":"power"}}
{"__type":"$$EventMessageConfirm","confirm":"937528a7-b4c0-4e5c-91dd-defe903c20c5","ts":"2026-07-13T17:22:47.254-04:00","source":{"id":"0","name":"eventBus"}}
{"__type":"$$EventMessageWorkflow","id":"0152368e-3490-43a3-9d94-45306ef9bede","ts":"2026-07-13T17:22:47.354-04:00","eventName":"n8n.workflow.started","message":"n8n.workflow.started","payload":{"executionId":"510","workflowId":"HyiO9yqvE2q5kmov","isManual":false,"mode":"webhook","workflowName":"hvac"}}
{"__type":"$$EventMessageConfirm","confirm":"0152368e-3490-43a3-9d94-45306ef9bede","ts":"2026-07-13T17:22:47.354-04:00","source":{"id":"0","name":"eventBus"}}
{"__type":"$$EventMessageAudit","id":"9d5ae488-74bd-46ee-9dd7-89627e7bb7ba","ts":"2026-07-13T17:22:47.354-04:00","eventName":"n8n.audit.workflow.executed","message":"n8n.audit.workflow.executed","payload":{"workflowId":"HyiO9yqvE2q5kmov","workflowName":"hvac","executionId":"510","source":"webhook"}}
{"__type":"$$EventMessageConfirm","confirm":"9d5ae488-74bd-46ee-9dd7-89627e7bb7ba","ts":"2026-07-13T17:22:47.355-04:00","source":{"id":"0","name":"eventBus"}}
{"__type":"$$EventMessageNode","id":"72b3cc30-905f-4ded-81d1-fda154136c31","ts":"2026-07-13T17:22:47.357-04:00","eventName":"n8n.node.started","message":"n8n.node.started","payload":{"workflowId":"HyiO9yqvE2q5kmov","workflowName":"hvac","executionId":"510","nodeType":"n8n-nodes-base.webhook","nodeName":"Webhook","nodeId":"21c4bb7e-a362-421b-819b-e396631df92a"}}
{"__type":"$$EventMessageConfirm","confirm":"72b3cc30-905f-4ded-81d1-fda154136c31","ts":"2026-07-13T17:22:47.357-04:00","source":{"id":"0","name":"eventBus"}}
{"__type":"$$EventMessageNode","id":"3b320e61-97c7-41b0-b019-827c4bd52ab1","ts":"2026-07-13T17:22:47.357-04:00","eventName":"n8n.node.finished","message":"n8n.node.finished","payload":{"workflowId":"HyiO9yqvE2q5kmov","workflowName":"hvac","executionId":"510","nodeType":"n8n-nodes-base.webhook","nodeName":"Webhook","nodeId":"21c4bb7e-a362-421b-819b-e396631df92a"}}
{"__type":"$$EventMessageConfirm","confirm":"3b320e61-97c7-41b0-b019-827c4bd52ab1","ts":"2026-07-13T17:22:47.358-04:00","source":{"id":"0","name":"eventBus"}}
{"__type":"$$EventMessageNode","id":"d2f0bab3-25e3-43b2-9c5f-317d2a1a4dcf","ts":"2026-07-13T17:22:47.358-04:00","eventName":"n8n.node.started","message":"n8n.node.started","payload":{"workflowId":"HyiO9yqvE2q5kmov","workflowName":"hvac","executionId":"510","nodeType":"n8n-nodes-base.code","nodeName":"Code in JavaScript","nodeId":"7f58ebee-2d23-411d-b5ed-d749b73e6774"}}
{"__type":"$$EventMessageConfirm","confirm":"d2f0bab3-25e3-43b2-9c5f-317d2a1a4dcf","ts":"2026-07-13T17:22:47.358-04:00","source":{"id":"0","name":"eventBus"}}
{"__type":"$$EventMessageRunner","id":"49f8c8e8-bc6b-467a-b982-53160a0a1f35","ts":"2026-07-13T17:22:47.361-04:00","eventName":"n8n.runner.task.requested","message":"n8n.runner.task.requested","payload":{"taskId":"zbTSVs7B","nodeId":"7f58ebee-2d23-411d-b5ed-d749b73e6774","workflowId":"HyiO9yqvE2q5kmov","executionId":"510"}}
{"__type":"$$EventMessageConfirm","confirm":"49f8c8e8-bc6b-467a-b982-53160a0a1f35","ts":"2026-07-13T17:22:47.362-04:00","source":{"id":"0","name":"eventBus"}}
{"__type":"$$EventMessageRunner","id":"433c0e04-fec7-4cc3-82f3-f16f1fde1cbc","ts":"2026-07-13T17:22:47.379-04:00","eventName":"n8n.runner.response.received","message":"n8n.runner.response.received","payload":{"taskId":"zbTSVs7B","nodeId":"7f58ebee-2d23-411d-b5ed-d749b73e6774","workflowId":"HyiO9yqvE2q5kmov","executionId":"510"}}
{"__type":"$$EventMessageConfirm","confirm":"433c0e04-fec7-4cc3-82f3-f16f1fde1cbc","ts":"2026-07-13T17:22:47.379-04:00","source":{"id":"0","name":"eventBus"}}
{"__type":"$$EventMessageNode","id":"400eb93a-a1f4-474b-aafe-5f254dffb86c","ts":"2026-07-13T17:22:47.383-04:00","eventName":"n8n.node.finished","message":"n8n.node.finished","payload":{"workflowId":"HyiO9yqvE2q5kmov","workflowName":"hvac","executionId":"510","nodeType":"n8n-nodes-base.code","nodeName":"Code in JavaScript","nodeId":"7f58ebee-2d23-411d-b5ed-d749b73e6774"}}
{"__type":"$$EventMessageConfirm","confirm":"400eb93a-a1f4-474b-aafe-5f254dffb86c","ts":"2026-07-13T17:22:47.385-04:00","source":{"id":"0","name":"eventBus"}}
{"__type":"$$EventMessageNode","id":"366aeb29-b367-43e8-8fc1-92a2122537cf","ts":"2026-07-13T17:22:47.386-04:00","eventName":"n8n.node.started","message":"n8n.node.started","payload":{"workflowId":"HyiO9yqvE2q5kmov","workflowName":"hvac","executionId":"510","nodeType":"n8n-nodes-base.code","nodeName":"Code in JavaScript1","nodeId":"60f93297-09f2-4aac-9a87-0874737aa293"}}
{"__type":"$$EventMessageConfirm","confirm":"366aeb29-b367-43e8-8fc1-92a2122537cf","ts":"2026-07-13T17:22:47.386-04:00","source":{"id":"0","name":"eventBus"}}
{"__type":"$$EventMessageRunner","id":"7a9b132b-1e18-4176-b14d-5e3d1ea23c2c","ts":"2026-07-13T17:22:47.390-04:00","eventName":"n8n.runner.task.requested","message":"n8n.runner.task.requested","payload":{"taskId":"jJHF8Ioj","nodeId":"60f93297-09f2-4aac-9a87-0874737aa293","workflowId":"HyiO9yqvE2q5kmov","executionId":"510"}}
{"__type":"$$EventMessageConfirm","confirm":"7a9b132b-1e18-4176-b14d-5e3d1ea23c2c","ts":"2026-07-13T17:22:47.390-04:00","source":{"id":"0","name":"eventBus"}}
{"__type":"$$EventMessageRunner","id":"fdf72bb3-a48d-4f1e-82c8-dfa37c6924a6","ts":"2026-07-13T17:22:47.424-04:00","eventName":"n8n.runner.response.received","message":"n8n.runner.response.received","payload":{"taskId":"jJHF8Ioj","nodeId":"60f93297-09f2-4aac-9a87-0874737aa293","workflowId":"HyiO9yqvE2q5kmov","executionId":"510"}}
{"__type":"$$EventMessageConfirm","confirm":"fdf72bb3-a48d-4f1e-82c8-dfa37c6924a6","ts":"2026-07-13T17:22:47.424-04:00","source":{"id":"0","name":"eventBus"}}
{"__type":"$$EventMessageNode","id":"fbda33cb-9f93-4220-b224-03ba28e2676c","ts":"2026-07-13T17:22:47.425-04:00","eventName":"n8n.node.finished","message":"n8n.node.finished","payload":{"workflowId":"HyiO9yqvE2q5kmov","workflowName":"hvac","executionId":"510","nodeType":"n8n-nodes-base.code","nodeName":"Code in JavaScript1","nodeId":"60f93297-09f2-4aac-9a87-0874737aa293"}}
{"__type":"$$EventMessageConfirm","confirm":"fbda33cb-9f93-4220-b224-03ba28e2676c","ts":"2026-07-13T17:22:47.425-04:00","source":{"id":"0","name":"eventBus"}}
{"__type":"$$EventMessageWorkflow","id":"3cb4e164-e912-478f-a4b0-284c5e7f4dab","ts":"2026-07-13T17:22:47.426-04:00","eventName":"n8n.workflow.success","message":"n8n.workflow.success","payload":{"executionId":"510","success":true,"isManual":false,"mode":"webhook","workflowId":"HyiO9yqvE2q5kmov","workflowName":"hvac"}}
{"__type":"$$EventMessageConfirm","confirm":"3cb4e164-e912-478f-a4b0-284c5e7f4dab","ts":"2026-07-13T17:22:47.426-04:00","source":{"id":"0","name":"eventBus"}}
{"__type":"$$EventMessageWorkflow","id":"00fbe5c2-98a9-49ca-a9f9-346c5104ccfb","ts":"2026-07-13T17:22:47.594-04:00","eventName":"n8n.workflow.started","message":"n8n.workflow.started","payload":{"executionId":"511","workflowId":"4060d0nwMZdXJrUS","isManual":false,"mode":"webhook","workflowName":"alert"}}
{"__type":"$$EventMessageConfirm","confirm":"00fbe5c2-98a9-49ca-a9f9-346c5104ccfb","ts":"2026-07-13T17:22:47.594-04:00","source":{"id":"0","name":"eventBus"}}
{"__type":"$$EventMessageAudit","id":"ad959aed-8566-4855-8716-8a054d40eeae","ts":"2026-07-13T17:22:47.595-04:00","eventName":"n8n.audit.workflow.executed","message":"n8n.audit.workflow.executed","payload":{"workflowId":"4060d0nwMZdXJrUS","workflowName":"alert","executionId":"511","source":"webhook"}}
{"__type":"$$EventMessageConfirm","confirm":"ad959aed-8566-4855-8716-8a054d40eeae","ts":"2026-07-13T17:22:47.595-04:00","source":{"id":"0","name":"eventBus"}}
{"__type":"$$EventMessageNode","id":"9968ee36-2801-4add-97cc-ea07087ade23","ts":"2026-07-13T17:22:47.596-04:00","eventName":"n8n.node.started","message":"n8n.node.started","payload":{"workflowId":"4060d0nwMZdXJrUS","workflowName":"alert","executionId":"511","nodeType":"n8n-nodes-base.webhook","nodeName":"Webhook","nodeId":"45b9a4be-0184-403c-83f3-41cbd14731c8"}}
{"__type":"$$EventMessageConfirm","confirm":"9968ee36-2801-4add-97cc-ea07087ade23","ts":"2026-07-13T17:22:47.596-04:00","source":{"id":"0","name":"eventBus"}}
{"__type":"$$EventMessageNode","id":"a7714f26-6e18-44a6-81e3-3bcc0c3a3935","ts":"2026-07-13T17:22:47.596-04:00","eventName":"n8n.node.finished","message":"n8n.node.finished","payload":{"workflowId":"4060d0nwMZdXJrUS","workflowName":"alert","executionId":"511","nodeType":"n8n-nodes-base.webhook","nodeName":"Webhook","nodeId":"45b9a4be-0184-403c-83f3-41cbd14731c8"}}
{"__type":"$$EventMessageConfirm","confirm":"a7714f26-6e18-44a6-81e3-3bcc0c3a3935","ts":"2026-07-13T17:22:47.596-04:00","source":{"id":"0","name":"eventBus"}}
{"__type":"$$EventMessageNode","id":"040a1b4b-6421-43a4-8e41-48d130af3602","ts":"2026-07-13T17:22:47.596-04:00","eventName":"n8n.node.started","message":"n8n.node.started","payload":{"workflowId":"4060d0nwMZdXJrUS","workflowName":"alert","executionId":"511","nodeType":"n8n-nodes-base.code","nodeName":"Code in JavaScript","nodeId":"847e0d93-8488-41ce-97de-68b297df2b47"}}
{"__type":"$$EventMessageConfirm","confirm":"040a1b4b-6421-43a4-8e41-48d130af3602","ts":"2026-07-13T17:22:47.596-04:00","source":{"id":"0","name":"eventBus"}}
{"__type":"$$EventMessageRunner","id":"dcf2a09c-f4b9-42da-b8b0-9a2bb704da88","ts":"2026-07-13T17:22:47.598-04:00","eventName":"n8n.runner.task.requested","message":"n8n.runner.task.requested","payload":{"taskId":"AWy_3nyi","nodeId":"847e0d93-8488-41ce-97de-68b297df2b47","workflowId":"4060d0nwMZdXJrUS","executionId":"511"}}
{"__type":"$$EventMessageConfirm","confirm":"dcf2a09c-f4b9-42da-b8b0-9a2bb704da88","ts":"2026-07-13T17:22:47.598-04:00","source":{"id":"0","name":"eventBus"}}
{"__type":"$$EventMessageRunner","id":"6c5304ac-645c-4318-a7f6-f354a5b9688f","ts":"2026-07-13T17:22:47.609-04:00","eventName":"n8n.runner.response.received","message":"n8n.runner.response.received","payload":{"taskId":"AWy_3nyi","nodeId":"847e0d93-8488-41ce-97de-68b297df2b47","workflowId":"4060d0nwMZdXJrUS","executionId":"511"}}
{"__type":"$$EventMessageConfirm","confirm":"6c5304ac-645c-4318-a7f6-f354a5b9688f","ts":"2026-07-13T17:22:47.609-04:00","source":{"id":"0","name":"eventBus"}}
{"__type":"$$EventMessageNode","id":"e21557ba-e8b7-438e-be71-945d74ff9400","ts":"2026-07-13T17:22:47.610-04:00","eventName":"n8n.node.finished","message":"n8n.node.finished","payload":{"workflowId":"4060d0nwMZdXJrUS","workflowName":"alert","executionId":"511","nodeType":"n8n-nodes-base.code","nodeName":"Code in JavaScript","nodeId":"847e0d93-8488-41ce-97de-68b297df2b47"}}
{"__type":"$$EventMessageConfirm","confirm":"e21557ba-e8b7-438e-be71-945d74ff9400","ts":"2026-07-13T17:22:47.610-04:00","source":{"id":"0","name":"eventBus"}}
{"__type":"$$EventMessageNode","id":"6c23c175-b906-4210-9fc0-8243c76a9170","ts":"2026-07-13T17:22:47.610-04:00","eventName":"n8n.node.started","message":"n8n.node.started","payload":{"workflowId":"4060d0nwMZdXJrUS","workflowName":"alert","executionId":"511","nodeType":"n8n-nodes-base.if","nodeName":"If","nodeId":"a8f0bf21-8151-4783-a4a5-ac8e38d0da13"}}
{"__type":"$$EventMessageConfirm","confirm":"6c23c175-b906-4210-9fc0-8243c76a9170","ts":"2026-07-13T17:22:47.610-04:00","source":{"id":"0","name":"eventBus"}}
{"__type":"$$EventMessageNode","id":"e6547ea0-5bf9-4ae4-9303-60d8616953f7","ts":"2026-07-13T17:22:47.611-04:00","eventName":"n8n.node.finished","message":"n8n.node.finished","payload":{"workflowId":"4060d0nwMZdXJrUS","workflowName":"alert","executionId":"511","nodeType":"n8n-nodes-base.if","nodeName":"If","nodeId":"a8f0bf21-8151-4783-a4a5-ac8e38d0da13"}}
{"__type":"$$EventMessageConfirm","confirm":"e6547ea0-5bf9-4ae4-9303-60d8616953f7","ts":"2026-07-13T17:22:47.611-04:00","source":{"id":"0","name":"eventBus"}}
{"__type":"$$EventMessageNode","id":"1d29da32-5812-4298-8b46-f44c3d6449df","ts":"2026-07-13T17:22:47.611-04:00","eventName":"n8n.node.started","message":"n8n.node.started","payload":{"workflowId":"4060d0nwMZdXJrUS","workflowName":"alert","executionId":"511","nodeType":"n8n-nodes-base.code","nodeName":"Code in JavaScript1","nodeId":"50b098bd-b40a-4c90-b2d4-eb880777eaff"}}
{"__type":"$$EventMessageConfirm","confirm":"1d29da32-5812-4298-8b46-f44c3d6449df","ts":"2026-07-13T17:22:47.611-04:00","source":{"id":"0","name":"eventBus"}}
{"__type":"$$EventMessageRunner","id":"b920e051-c577-4495-8bc6-2e58f1f9c336","ts":"2026-07-13T17:22:47.612-04:00","eventName":"n8n.runner.task.requested","message":"n8n.runner.task.requested","payload":{"taskId":"aNkX46x4","nodeId":"50b098bd-b40a-4c90-b2d4-eb880777eaff","workflowId":"4060d0nwMZdXJrUS","executionId":"511"}}
{"__type":"$$EventMessageConfirm","confirm":"b920e051-c577-4495-8bc6-2e58f1f9c336","ts":"2026-07-13T17:22:47.613-04:00","source":{"id":"0","name":"eventBus"}}
{"__type":"$$EventMessageRunner","id":"57d50b12-89eb-43d0-b2d2-50179de049ec","ts":"2026-07-13T17:22:47.622-04:00","eventName":"n8n.runner.response.received","message":"n8n.runner.response.received","payload":{"taskId":"aNkX46x4","nodeId":"50b098bd-b40a-4c90-b2d4-eb880777eaff","workflowId":"4060d0nwMZdXJrUS","executionId":"511"}}
{"__type":"$$EventMessageConfirm","confirm":"57d50b12-89eb-43d0-b2d2-50179de049ec","ts":"2026-07-13T17:22:47.622-04:00","source":{"id":"0","name":"eventBus"}}
{"__type":"$$EventMessageNode","id":"c2a09091-b3f7-4f0a-8a58-32a069927cec","ts":"2026-07-13T17:22:47.622-04:00","eventName":"n8n.node.finished","message":"n8n.node.finished","payload":{"workflowId":"4060d0nwMZdXJrUS","workflowName":"alert","executionId":"511","nodeType":"n8n-nodes-base.code","nodeName":"Code in JavaScript1","nodeId":"50b098bd-b40a-4c90-b2d4-eb880777eaff"}}
{"__type":"$$EventMessageConfirm","confirm":"c2a09091-b3f7-4f0a-8a58-32a069927cec","ts":"2026-07-13T17:22:47.622-04:00","source":{"id":"0","name":"eventBus"}}
{"__type":"$$EventMessageWorkflow","id":"953c2e71-20bb-405b-a49a-3bc6b0127655","ts":"2026-07-13T17:22:47.622-04:00","eventName":"n8n.workflow.success","message":"n8n.workflow.success","payload":{"executionId":"511","success":true,"isManual":false,"mode":"webhook","workflowId":"4060d0nwMZdXJrUS","workflowName":"alert"}}
{"__type":"$$EventMessageConfirm","confirm":"953c2e71-20bb-405b-a49a-3bc6b0127655","ts":"2026-07-13T17:22:47.622-04:00","source":{"id":"0","name":"eventBus"}}
{"__type":"$$EventMessageWorkflow","id":"ef5957d7-a409-4ae7-ae13-7df28c8bb1ba","ts":"2026-07-13T17:27:07.667-04:00","eventName":"n8n.workflow.started","message":"n8n.workflow.started","payload":{"executionId":"512","workflowId":"5VBKbuuujEvgdIGs","isManual":false,"mode":"webhook","workflowName":"power"}}
{"__type":"$$EventMessageConfirm","confirm":"ef5957d7-a409-4ae7-ae13-7df28c8bb1ba","ts":"2026-07-13T17:27:07.667-04:00","source":{"id":"0","name":"eventBus"}}
{"__type":"$$EventMessageAudit","id":"d43e3a69-35e9-4509-a10e-55162884ff2e","ts":"2026-07-13T17:27:07.668-04:00","eventName":"n8n.audit.workflow.executed","message":"n8n.audit.workflow.executed","payload":{"workflowId":"5VBKbuuujEvgdIGs","workflowName":"power","executionId":"512","source":"webhook"}}
{"__type":"$$EventMessageConfirm","confirm":"d43e3a69-35e9-4509-a10e-55162884ff2e","ts":"2026-07-13T17:27:07.668-04:00","source":{"id":"0","name":"eventBus"}}
{"__type":"$$EventMessageNode","id":"74eba7ff-cc45-463d-a81f-ac705aa243ef","ts":"2026-07-13T17:27:07.669-04:00","eventName":"n8n.node.started","message":"n8n.node.started","payload":{"workflowId":"5VBKbuuujEvgdIGs","workflowName":"power","executionId":"512","nodeType":"n8n-nodes-base.webhook","nodeName":"Webhook","nodeId":"d2f68568-3d63-4615-8950-d51b3313419d"}}
{"__type":"$$EventMessageConfirm","confirm":"74eba7ff-cc45-463d-a81f-ac705aa243ef","ts":"2026-07-13T17:27:07.669-04:00","source":{"id":"0","name":"eventBus"}}
{"__type":"$$EventMessageNode","id":"e6c76358-af3d-43d2-a3dd-a17b14365a29","ts":"2026-07-13T17:27:07.670-04:00","eventName":"n8n.node.finished","message":"n8n.node.finished","payload":{"workflowId":"5VBKbuuujEvgdIGs","workflowName":"power","executionId":"512","nodeType":"n8n-nodes-base.webhook","nodeName":"Webhook","nodeId":"d2f68568-3d63-4615-8950-d51b3313419d"}}
{"__type":"$$EventMessageConfirm","confirm":"e6c76358-af3d-43d2-a3dd-a17b14365a29","ts":"2026-07-13T17:27:07.670-04:00","source":{"id":"0","name":"eventBus"}}
{"__type":"$$EventMessageNode","id":"a4721d31-e44b-4028-b36f-46eb4154cc1c","ts":"2026-07-13T17:27:07.670-04:00","eventName":"n8n.node.started","message":"n8n.node.started","payload":{"workflowId":"5VBKbuuujEvgdIGs","workflowName":"power","executionId":"512","nodeType":"n8n-nodes-base.code","nodeName":"Code in JavaScript","nodeId":"60178211-232e-4f7a-8bd9-97a66e5b9ec0"}}
{"__type":"$$EventMessageConfirm","confirm":"a4721d31-e44b-4028-b36f-46eb4154cc1c","ts":"2026-07-13T17:27:07.670-04:00","source":{"id":"0","name":"eventBus"}}
{"__type":"$$EventMessageRunner","id":"ad87b800-b6e0-4822-9080-953a80c44bb1","ts":"2026-07-13T17:27:07.672-04:00","eventName":"n8n.runner.task.requested","message":"n8n.runner.task.requested","payload":{"taskId":"02MEeH-h","nodeId":"60178211-232e-4f7a-8bd9-97a66e5b9ec0","workflowId":"5VBKbuuujEvgdIGs","executionId":"512"}}
{"__type":"$$EventMessageConfirm","confirm":"ad87b800-b6e0-4822-9080-953a80c44bb1","ts":"2026-07-13T17:27:07.673-04:00","source":{"id":"0","name":"eventBus"}}
{"__type":"$$EventMessageRunner","id":"293a18c3-3220-42e9-8af9-d541da4ec71a","ts":"2026-07-13T17:27:07.686-04:00","eventName":"n8n.runner.response.received","message":"n8n.runner.response.received","payload":{"taskId":"02MEeH-h","nodeId":"60178211-232e-4f7a-8bd9-97a66e5b9ec0","workflowId":"5VBKbuuujEvgdIGs","executionId":"512"}}
{"__type":"$$EventMessageConfirm","confirm":"293a18c3-3220-42e9-8af9-d541da4ec71a","ts":"2026-07-13T17:27:07.686-04:00","source":{"id":"0","name":"eventBus"}}
{"__type":"$$EventMessageNode","id":"59e3b836-dfa0-4171-8930-9669cbb1602d","ts":"2026-07-13T17:27:07.686-04:00","eventName":"n8n.node.finished","message":"n8n.node.finished","payload":{"workflowId":"5VBKbuuujEvgdIGs","workflowName":"power","executionId":"512","nodeType":"n8n-nodes-base.code","nodeName":"Code in JavaScript","nodeId":"60178211-232e-4f7a-8bd9-97a66e5b9ec0"}}
{"__type":"$$EventMessageConfirm","confirm":"59e3b836-dfa0-4171-8930-9669cbb1602d","ts":"2026-07-13T17:27:07.686-04:00","source":{"id":"0","name":"eventBus"}}
{"__type":"$$EventMessageNode","id":"55d24197-b2a5-4216-81a8-908a68c8ee33","ts":"2026-07-13T17:27:07.686-04:00","eventName":"n8n.node.started","message":"n8n.node.started","payload":{"workflowId":"5VBKbuuujEvgdIGs","workflowName":"power","executionId":"512","nodeType":"n8n-nodes-base.code","nodeName":"Code in JavaScript1","nodeId":"21ac27dd-d85f-45cb-b48f-eb6a3465a56b"}}
{"__type":"$$EventMessageConfirm","confirm":"55d24197-b2a5-4216-81a8-908a68c8ee33","ts":"2026-07-13T17:27:07.686-04:00","source":{"id":"0","name":"eventBus"}}
{"__type":"$$EventMessageRunner","id":"4a8f819b-4cfb-46d7-9780-b0f6b9e39da8","ts":"2026-07-13T17:27:07.688-04:00","eventName":"n8n.runner.task.requested","message":"n8n.runner.task.requested","payload":{"taskId":"nC_mJLi4","nodeId":"21ac27dd-d85f-45cb-b48f-eb6a3465a56b","workflowId":"5VBKbuuujEvgdIGs","executionId":"512"}}
{"__type":"$$EventMessageConfirm","confirm":"4a8f819b-4cfb-46d7-9780-b0f6b9e39da8","ts":"2026-07-13T17:27:07.689-04:00","source":{"id":"0","name":"eventBus"}}
{"__type":"$$EventMessageRunner","id":"a7c5f5a4-4b3b-4565-b33e-b93590d7ac4d","ts":"2026-07-13T17:27:07.711-04:00","eventName":"n8n.runner.response.received","message":"n8n.runner.response.received","payload":{"taskId":"nC_mJLi4","nodeId":"21ac27dd-d85f-45cb-b48f-eb6a3465a56b","workflowId":"5VBKbuuujEvgdIGs","executionId":"512"}}
{"__type":"$$EventMessageConfirm","confirm":"a7c5f5a4-4b3b-4565-b33e-b93590d7ac4d","ts":"2026-07-13T17:27:07.711-04:00","source":{"id":"0","name":"eventBus"}}
{"__type":"$$EventMessageNode","id":"242702e5-408b-4c63-b9ea-f0c9b964c2c5","ts":"2026-07-13T17:27:07.713-04:00","eventName":"n8n.node.finished","message":"n8n.node.finished","payload":{"workflowId":"5VBKbuuujEvgdIGs","workflowName":"power","executionId":"512","nodeType":"n8n-nodes-base.code","nodeName":"Code in JavaScript1","nodeId":"21ac27dd-d85f-45cb-b48f-eb6a3465a56b"}}
{"__type":"$$EventMessageConfirm","confirm":"242702e5-408b-4c63-b9ea-f0c9b964c2c5","ts":"2026-07-13T17:27:07.713-04:00","source":{"id":"0","name":"eventBus"}}
{"__type":"$$EventMessageWorkflow","id":"45e1055e-30cd-4c0a-ada1-7e34601c0170","ts":"2026-07-13T17:27:07.713-04:00","eventName":"n8n.workflow.success","message":"n8n.workflow.success","payload":{"executionId":"512","success":true,"isManual":false,"mode":"webhook","workflowId":"5VBKbuuujEvgdIGs","workflowName":"power"}}
{"__type":"$$EventMessageConfirm","confirm":"45e1055e-30cd-4c0a-ada1-7e34601c0170","ts":"2026-07-13T17:27:07.714-04:00","source":{"id":"0","name":"eventBus"}}
{"__type":"$$EventMessageWorkflow","id":"076c0ffe-afca-45fa-a52b-d66ae7ffb02c","ts":"2026-07-13T17:27:07.809-04:00","eventName":"n8n.workflow.started","message":"n8n.workflow.started","payload":{"executionId":"513","workflowId":"HyiO9yqvE2q5kmov","isManual":false,"mode":"webhook","workflowName":"hvac"}}
{"__type":"$$EventMessageConfirm","confirm":"076c0ffe-afca-45fa-a52b-d66ae7ffb02c","ts":"2026-07-13T17:27:07.810-04:00","source":{"id":"0","name":"eventBus"}}
{"__type":"$$EventMessageAudit","id":"db0f33b6-22de-4655-9ff3-4dc0d343d011","ts":"2026-07-13T17:27:07.810-04:00","eventName":"n8n.audit.workflow.executed","message":"n8n.audit.workflow.executed","payload":{"workflowId":"HyiO9yqvE2q5kmov","workflowName":"hvac","executionId":"513","source":"webhook"}}
{"__type":"$$EventMessageConfirm","confirm":"db0f33b6-22de-4655-9ff3-4dc0d343d011","ts":"2026-07-13T17:27:07.810-04:00","source":{"id":"0","name":"eventBus"}}
{"__type":"$$EventMessageNode","id":"e7f63b1a-249d-4302-aeec-e11ae08703b8","ts":"2026-07-13T17:27:07.811-04:00","eventName":"n8n.node.started","message":"n8n.node.started","payload":{"workflowId":"HyiO9yqvE2q5kmov","workflowName":"hvac","executionId":"513","nodeType":"n8n-nodes-base.webhook","nodeName":"Webhook","nodeId":"21c4bb7e-a362-421b-819b-e396631df92a"}}
{"__type":"$$EventMessageConfirm","confirm":"e7f63b1a-249d-4302-aeec-e11ae08703b8","ts":"2026-07-13T17:27:07.811-04:00","source":{"id":"0","name":"eventBus"}}
{"__type":"$$EventMessageNode","id":"189bae4d-f24e-4a9e-97e7-fdd7471dd9fb","ts":"2026-07-13T17:27:07.812-04:00","eventName":"n8n.node.finished","message":"n8n.node.finished","payload":{"workflowId":"HyiO9yqvE2q5kmov","workflowName":"hvac","executionId":"513","nodeType":"n8n-nodes-base.webhook","nodeName":"Webhook","nodeId":"21c4bb7e-a362-421b-819b-e396631df92a"}}
{"__type":"$$EventMessageConfirm","confirm":"189bae4d-f24e-4a9e-97e7-fdd7471dd9fb","ts":"2026-07-13T17:27:07.812-04:00","source":{"id":"0","name":"eventBus"}}
{"__type":"$$EventMessageNode","id":"ba2d0519-87fc-4bb1-847d-f2e0959a5dbe","ts":"2026-07-13T17:27:07.812-04:00","eventName":"n8n.node.started","message":"n8n.node.started","payload":{"workflowId":"HyiO9yqvE2q5kmov","workflowName":"hvac","executionId":"513","nodeType":"n8n-nodes-base.code","nodeName":"Code in JavaScript","nodeId":"7f58ebee-2d23-411d-b5ed-d749b73e6774"}}
{"__type":"$$EventMessageConfirm","confirm":"ba2d0519-87fc-4bb1-847d-f2e0959a5dbe","ts":"2026-07-13T17:27:07.812-04:00","source":{"id":"0","name":"eventBus"}}
{"__type":"$$EventMessageRunner","id":"8fc9d33b-6ce1-4fce-af56-f85e569f2284","ts":"2026-07-13T17:27:07.813-04:00","eventName":"n8n.runner.task.requested","message":"n8n.runner.task.requested","payload":{"taskId":"dFEdCJLf","nodeId":"7f58ebee-2d23-411d-b5ed-d749b73e6774","workflowId":"HyiO9yqvE2q5kmov","executionId":"513"}}
{"__type":"$$EventMessageConfirm","confirm":"8fc9d33b-6ce1-4fce-af56-f85e569f2284","ts":"2026-07-13T17:27:07.814-04:00","source":{"id":"0","name":"eventBus"}}
{"__type":"$$EventMessageRunner","id":"e4d5abaa-2339-42b4-b7dc-d0a8ec3aae1e","ts":"2026-07-13T17:27:07.829-04:00","eventName":"n8n.runner.response.received","message":"n8n.runner.response.received","payload":{"taskId":"dFEdCJLf","nodeId":"7f58ebee-2d23-411d-b5ed-d749b73e6774","workflowId":"HyiO9yqvE2q5kmov","executionId":"513"}}
{"__type":"$$EventMessageConfirm","confirm":"e4d5abaa-2339-42b4-b7dc-d0a8ec3aae1e","ts":"2026-07-13T17:27:07.829-04:00","source":{"id":"0","name":"eventBus"}}
{"__type":"$$EventMessageNode","id":"77af92fa-203d-4016-a448-cb5bd5de43a6","ts":"2026-07-13T17:27:07.829-04:00","eventName":"n8n.node.finished","message":"n8n.node.finished","payload":{"workflowId":"HyiO9yqvE2q5kmov","workflowName":"hvac","executionId":"513","nodeType":"n8n-nodes-base.code","nodeName":"Code in JavaScript","nodeId":"7f58ebee-2d23-411d-b5ed-d749b73e6774"}}
{"__type":"$$EventMessageConfirm","confirm":"77af92fa-203d-4016-a448-cb5bd5de43a6","ts":"2026-07-13T17:27:07.829-04:00","source":{"id":"0","name":"eventBus"}}
{"__type":"$$EventMessageNode","id":"48ebce9e-c7ce-4942-b33a-6159b0482aac","ts":"2026-07-13T17:27:07.829-04:00","eventName":"n8n.node.started","message":"n8n.node.started","payload":{"workflowId":"HyiO9yqvE2q5kmov","workflowName":"hvac","executionId":"513","nodeType":"n8n-nodes-base.code","nodeName":"Code in JavaScript1","nodeId":"60f93297-09f2-4aac-9a87-0874737aa293"}}
{"__type":"$$EventMessageConfirm","confirm":"48ebce9e-c7ce-4942-b33a-6159b0482aac","ts":"2026-07-13T17:27:07.830-04:00","source":{"id":"0","name":"eventBus"}}
{"__type":"$$EventMessageRunner","id":"b847f2f4-de72-4063-9cc5-a7d98ceb6ae2","ts":"2026-07-13T17:27:07.834-04:00","eventName":"n8n.runner.task.requested","message":"n8n.runner.task.requested","payload":{"taskId":"28O-IDsW","nodeId":"60f93297-09f2-4aac-9a87-0874737aa293","workflowId":"HyiO9yqvE2q5kmov","executionId":"513"}}
{"__type":"$$EventMessageConfirm","confirm":"b847f2f4-de72-4063-9cc5-a7d98ceb6ae2","ts":"2026-07-13T17:27:07.834-04:00","source":{"id":"0","name":"eventBus"}}
{"__type":"$$EventMessageRunner","id":"ec32ee42-ea6a-49a1-b63e-c2bb089b56f4","ts":"2026-07-13T17:27:07.854-04:00","eventName":"n8n.runner.response.received","message":"n8n.runner.response.received","payload":{"taskId":"28O-IDsW","nodeId":"60f93297-09f2-4aac-9a87-0874737aa293","workflowId":"HyiO9yqvE2q5kmov","executionId":"513"}}
{"__type":"$$EventMessageConfirm","confirm":"ec32ee42-ea6a-49a1-b63e-c2bb089b56f4","ts":"2026-07-13T17:27:07.854-04:00","source":{"id":"0","name":"eventBus"}}
{"__type":"$$EventMessageNode","id":"620799d6-1385-49a3-b018-9c328f1ebdcf","ts":"2026-07-13T17:27:07.855-04:00","eventName":"n8n.node.finished","message":"n8n.node.finished","payload":{"workflowId":"HyiO9yqvE2q5kmov","workflowName":"hvac","executionId":"513","nodeType":"n8n-nodes-base.code","nodeName":"Code in JavaScript1","nodeId":"60f93297-09f2-4aac-9a87-0874737aa293"}}
{"__type":"$$EventMessageConfirm","confirm":"620799d6-1385-49a3-b018-9c328f1ebdcf","ts":"2026-07-13T17:27:07.855-04:00","source":{"id":"0","name":"eventBus"}}
{"__type":"$$EventMessageWorkflow","id":"e68a969b-304e-4b83-91a2-8ddb8586c166","ts":"2026-07-13T17:27:07.855-04:00","eventName":"n8n.workflow.success","message":"n8n.workflow.success","payload":{"executionId":"513","success":true,"isManual":false,"mode":"webhook","workflowId":"HyiO9yqvE2q5kmov","workflowName":"hvac"}}
{"__type":"$$EventMessageConfirm","confirm":"e68a969b-304e-4b83-91a2-8ddb8586c166","ts":"2026-07-13T17:27:07.855-04:00","source":{"id":"0","name":"eventBus"}}
{"__type":"$$EventMessageWorkflow","id":"638d1996-82ca-4068-a19a-92a7d35574a8","ts":"2026-07-13T17:27:07.990-04:00","eventName":"n8n.workflow.started","message":"n8n.workflow.started","payload":{"executionId":"514","workflowId":"4060d0nwMZdXJrUS","isManual":false,"mode":"webhook","workflowName":"alert"}}
{"__type":"$$EventMessageConfirm","confirm":"638d1996-82ca-4068-a19a-92a7d35574a8","ts":"2026-07-13T17:27:07.990-04:00","source":{"id":"0","name":"eventBus"}}
{"__type":"$$EventMessageAudit","id":"b72e918c-81ef-485b-8975-6771c2cdcd8c","ts":"2026-07-13T17:27:07.992-04:00","eventName":"n8n.audit.workflow.executed","message":"n8n.audit.workflow.executed","payload":{"workflowId":"4060d0nwMZdXJrUS","workflowName":"alert","executionId":"514","source":"webhook"}}
{"__type":"$$EventMessageConfirm","confirm":"b72e918c-81ef-485b-8975-6771c2cdcd8c","ts":"2026-07-13T17:27:07.992-04:00","source":{"id":"0","name":"eventBus"}}
{"__type":"$$EventMessageNode","id":"e6ade1e5-e8e1-44a0-99e2-50d6ef8c1496","ts":"2026-07-13T17:27:07.993-04:00","eventName":"n8n.node.started","message":"n8n.node.started","payload":{"workflowId":"4060d0nwMZdXJrUS","workflowName":"alert","executionId":"514","nodeType":"n8n-nodes-base.webhook","nodeName":"Webhook","nodeId":"45b9a4be-0184-403c-83f3-41cbd14731c8"}}
{"__type":"$$EventMessageConfirm","confirm":"e6ade1e5-e8e1-44a0-99e2-50d6ef8c1496","ts":"2026-07-13T17:27:07.994-04:00","source":{"id":"0","name":"eventBus"}}
{"__type":"$$EventMessageNode","id":"f007554b-4500-4af1-aee7-5dcc94db6c22","ts":"2026-07-13T17:27:07.994-04:00","eventName":"n8n.node.finished","message":"n8n.node.finished","payload":{"workflowId":"4060d0nwMZdXJrUS","workflowName":"alert","executionId":"514","nodeType":"n8n-nodes-base.webhook","nodeName":"Webhook","nodeId":"45b9a4be-0184-403c-83f3-41cbd14731c8"}}
{"__type":"$$EventMessageConfirm","confirm":"f007554b-4500-4af1-aee7-5dcc94db6c22","ts":"2026-07-13T17:27:07.994-04:00","source":{"id":"0","name":"eventBus"}}
{"__type":"$$EventMessageNode","id":"66754688-a973-4a73-9cb6-087dbde18b86","ts":"2026-07-13T17:27:07.994-04:00","eventName":"n8n.node.started","message":"n8n.node.started","payload":{"workflowId":"4060d0nwMZdXJrUS","workflowName":"alert","executionId":"514","nodeType":"n8n-nodes-base.code","nodeName":"Code in JavaScript","nodeId":"847e0d93-8488-41ce-97de-68b297df2b47"}}
{"__type":"$$EventMessageConfirm","confirm":"66754688-a973-4a73-9cb6-087dbde18b86","ts":"2026-07-13T17:27:07.994-04:00","source":{"id":"0","name":"eventBus"}}
{"__type":"$$EventMessageRunner","id":"04f0a5ba-1785-403f-9e61-6ba42de1d299","ts":"2026-07-13T17:27:08.001-04:00","eventName":"n8n.runner.task.requested","message":"n8n.runner.task.requested","payload":{"taskId":"uzr_FAAv","nodeId":"847e0d93-8488-41ce-97de-68b297df2b47","workflowId":"4060d0nwMZdXJrUS","executionId":"514"}}
{"__type":"$$EventMessageConfirm","confirm":"04f0a5ba-1785-403f-9e61-6ba42de1d299","ts":"2026-07-13T17:27:08.006-04:00","source":{"id":"0","name":"eventBus"}}
{"__type":"$$EventMessageRunner","id":"bfa9d969-3e85-4333-a326-a4b21c1a9231","ts":"2026-07-13T17:27:08.017-04:00","eventName":"n8n.runner.response.received","message":"n8n.runner.response.received","payload":{"taskId":"uzr_FAAv","nodeId":"847e0d93-8488-41ce-97de-68b297df2b47","workflowId":"4060d0nwMZdXJrUS","executionId":"514"}}
{"__type":"$$EventMessageConfirm","confirm":"bfa9d969-3e85-4333-a326-a4b21c1a9231","ts":"2026-07-13T17:27:08.018-04:00","source":{"id":"0","name":"eventBus"}}
{"__type":"$$EventMessageNode","id":"7934e0d7-8d32-4150-acbf-d123bff0284b","ts":"2026-07-13T17:27:08.018-04:00","eventName":"n8n.node.finished","message":"n8n.node.finished","payload":{"workflowId":"4060d0nwMZdXJrUS","workflowName":"alert","executionId":"514","nodeType":"n8n-nodes-base.code","nodeName":"Code in JavaScript","nodeId":"847e0d93-8488-41ce-97de-68b297df2b47"}}
{"__type":"$$EventMessageConfirm","confirm":"7934e0d7-8d32-4150-acbf-d123bff0284b","ts":"2026-07-13T17:27:08.018-04:00","source":{"id":"0","name":"eventBus"}}
{"__type":"$$EventMessageNode","id":"2c28fafc-7929-4fdc-b185-fd4a9e2dad00","ts":"2026-07-13T17:27:08.019-04:00","eventName":"n8n.node.started","message":"n8n.node.started","payload":{"workflowId":"4060d0nwMZdXJrUS","workflowName":"alert","executionId":"514","nodeType":"n8n-nodes-base.if","nodeName":"If","nodeId":"a8f0bf21-8151-4783-a4a5-ac8e38d0da13"}}
{"__type":"$$EventMessageConfirm","confirm":"2c28fafc-7929-4fdc-b185-fd4a9e2dad00","ts":"2026-07-13T17:27:08.019-04:00","source":{"id":"0","name":"eventBus"}}
{"__type":"$$EventMessageNode","id":"fbdb3ba9-68c6-4853-a473-568177840d22","ts":"2026-07-13T17:27:08.021-04:00","eventName":"n8n.node.finished","message":"n8n.node.finished","payload":{"workflowId":"4060d0nwMZdXJrUS","workflowName":"alert","executionId":"514","nodeType":"n8n-nodes-base.if","nodeName":"If","nodeId":"a8f0bf21-8151-4783-a4a5-ac8e38d0da13"}}
{"__type":"$$EventMessageConfirm","confirm":"fbdb3ba9-68c6-4853-a473-568177840d22","ts":"2026-07-13T17:27:08.021-04:00","source":{"id":"0","name":"eventBus"}}
{"__type":"$$EventMessageNode","id":"e7306cee-4d48-4d98-a202-83f1102a431f","ts":"2026-07-13T17:27:08.022-04:00","eventName":"n8n.node.started","message":"n8n.node.started","payload":{"workflowId":"4060d0nwMZdXJrUS","workflowName":"alert","executionId":"514","nodeType":"n8n-nodes-base.code","nodeName":"Code in JavaScript1","nodeId":"50b098bd-b40a-4c90-b2d4-eb880777eaff"}}
{"__type":"$$EventMessageConfirm","confirm":"e7306cee-4d48-4d98-a202-83f1102a431f","ts":"2026-07-13T17:27:08.022-04:00","source":{"id":"0","name":"eventBus"}}
{"__type":"$$EventMessageRunner","id":"34cfd85f-ac21-43b9-baf4-a5f408abaf00","ts":"2026-07-13T17:27:08.028-04:00","eventName":"n8n.runner.task.requested","message":"n8n.runner.task.requested","payload":{"taskId":"rq_7g8vn","nodeId":"50b098bd-b40a-4c90-b2d4-eb880777eaff","workflowId":"4060d0nwMZdXJrUS","executionId":"514"}}
{"__type":"$$EventMessageConfirm","confirm":"34cfd85f-ac21-43b9-baf4-a5f408abaf00","ts":"2026-07-13T17:27:08.029-04:00","source":{"id":"0","name":"eventBus"}}
{"__type":"$$EventMessageRunner","id":"abcef958-ddd2-4030-bcbf-9979dda1b2af","ts":"2026-07-13T17:27:08.044-04:00","eventName":"n8n.runner.response.received","message":"n8n.runner.response.received","payload":{"taskId":"rq_7g8vn","nodeId":"50b098bd-b40a-4c90-b2d4-eb880777eaff","workflowId":"4060d0nwMZdXJrUS","executionId":"514"}}
{"__type":"$$EventMessageConfirm","confirm":"abcef958-ddd2-4030-bcbf-9979dda1b2af","ts":"2026-07-13T17:27:08.045-04:00","source":{"id":"0","name":"eventBus"}}
{"__type":"$$EventMessageNode","id":"2d60361b-1d34-4fd1-ae6d-fe7ca1930ef8","ts":"2026-07-13T17:27:08.045-04:00","eventName":"n8n.node.finished","message":"n8n.node.finished","payload":{"workflowId":"4060d0nwMZdXJrUS","workflowName":"alert","executionId":"514","nodeType":"n8n-nodes-base.code","nodeName":"Code in JavaScript1","nodeId":"50b098bd-b40a-4c90-b2d4-eb880777eaff"}}
{"__type":"$$EventMessageConfirm","confirm":"2d60361b-1d34-4fd1-ae6d-fe7ca1930ef8","ts":"2026-07-13T17:27:08.045-04:00","source":{"id":"0","name":"eventBus"}}
{"__type":"$$EventMessageWorkflow","id":"c48e8c34-7b64-491f-8dcb-1f18d2f93817","ts":"2026-07-13T17:27:08.045-04:00","eventName":"n8n.workflow.success","message":"n8n.workflow.success","payload":{"executionId":"514","success":true,"isManual":false,"mode":"webhook","workflowId":"4060d0nwMZdXJrUS","workflowName":"alert"}}
{"__type":"$$EventMessageConfirm","confirm":"c48e8c34-7b64-491f-8dcb-1f18d2f93817","ts":"2026-07-13T17:27:08.046-04:00","source":{"id":"0","name":"eventBus"}}
{"__type":"$$EventMessageWorkflow","id":"85869e84-eed1-4ab4-9434-e70b1a4f043a","ts":"2026-07-13T17:30:50.980-04:00","eventName":"n8n.workflow.started","message":"n8n.workflow.started","payload":{"executionId":"515","workflowId":"5VBKbuuujEvgdIGs","isManual":false,"mode":"webhook","workflowName":"power"}}
{"__type":"$$EventMessageConfirm","confirm":"85869e84-eed1-4ab4-9434-e70b1a4f043a","ts":"2026-07-13T17:30:50.981-04:00","source":{"id":"0","name":"eventBus"}}
{"__type":"$$EventMessageAudit","id":"5b608185-a938-4cbc-99c3-a29801032c52","ts":"2026-07-13T17:30:50.981-04:00","eventName":"n8n.audit.workflow.executed","message":"n8n.audit.workflow.executed","payload":{"workflowId":"5VBKbuuujEvgdIGs","workflowName":"power","executionId":"515","source":"webhook"}}
{"__type":"$$EventMessageConfirm","confirm":"5b608185-a938-4cbc-99c3-a29801032c52","ts":"2026-07-13T17:30:50.981-04:00","source":{"id":"0","name":"eventBus"}}
{"__type":"$$EventMessageNode","id":"fa2e9938-8021-4be5-be0d-795377c33c06","ts":"2026-07-13T17:30:50.983-04:00","eventName":"n8n.node.started","message":"n8n.node.started","payload":{"workflowId":"5VBKbuuujEvgdIGs","workflowName":"power","executionId":"515","nodeType":"n8n-nodes-base.webhook","nodeName":"Webhook","nodeId":"d2f68568-3d63-4615-8950-d51b3313419d"}}
{"__type":"$$EventMessageConfirm","confirm":"fa2e9938-8021-4be5-be0d-795377c33c06","ts":"2026-07-13T17:30:50.983-04:00","source":{"id":"0","name":"eventBus"}}
{"__type":"$$EventMessageNode","id":"ec3fcb55-341e-4d89-8f82-d43de612252c","ts":"2026-07-13T17:30:50.983-04:00","eventName":"n8n.node.finished","message":"n8n.node.finished","payload":{"workflowId":"5VBKbuuujEvgdIGs","workflowName":"power","executionId":"515","nodeType":"n8n-nodes-base.webhook","nodeName":"Webhook","nodeId":"d2f68568-3d63-4615-8950-d51b3313419d"}}
{"__type":"$$EventMessageConfirm","confirm":"ec3fcb55-341e-4d89-8f82-d43de612252c","ts":"2026-07-13T17:30:50.983-04:00","source":{"id":"0","name":"eventBus"}}
{"__type":"$$EventMessageNode","id":"5c8f5e01-8807-4a0b-9ca9-46dea893c2cc","ts":"2026-07-13T17:30:50.984-04:00","eventName":"n8n.node.started","message":"n8n.node.started","payload":{"workflowId":"5VBKbuuujEvgdIGs","workflowName":"power","executionId":"515","nodeType":"n8n-nodes-base.code","nodeName":"Code in JavaScript","nodeId":"60178211-232e-4f7a-8bd9-97a66e5b9ec0"}}
{"__type":"$$EventMessageConfirm","confirm":"5c8f5e01-8807-4a0b-9ca9-46dea893c2cc","ts":"2026-07-13T17:30:50.984-04:00","source":{"id":"0","name":"eventBus"}}
{"__type":"$$EventMessageRunner","id":"0e37ae53-2049-4165-b38f-efc01cce4e13","ts":"2026-07-13T17:30:50.986-04:00","eventName":"n8n.runner.task.requested","message":"n8n.runner.task.requested","payload":{"taskId":"CSlEs7WS","nodeId":"60178211-232e-4f7a-8bd9-97a66e5b9ec0","workflowId":"5VBKbuuujEvgdIGs","executionId":"515"}}
{"__type":"$$EventMessageConfirm","confirm":"0e37ae53-2049-4165-b38f-efc01cce4e13","ts":"2026-07-13T17:30:50.986-04:00","source":{"id":"0","name":"eventBus"}}
{"__type":"$$EventMessageRunner","id":"91c2b71a-19f5-492e-811c-8a20d5c4f1e2","ts":"2026-07-13T17:30:51.001-04:00","eventName":"n8n.runner.response.received","message":"n8n.runner.response.received","payload":{"taskId":"CSlEs7WS","nodeId":"60178211-232e-4f7a-8bd9-97a66e5b9ec0","workflowId":"5VBKbuuujEvgdIGs","executionId":"515"}}
{"__type":"$$EventMessageConfirm","confirm":"91c2b71a-19f5-492e-811c-8a20d5c4f1e2","ts":"2026-07-13T17:30:51.001-04:00","source":{"id":"0","name":"eventBus"}}
{"__type":"$$EventMessageNode","id":"7883b51f-2780-4773-bc47-ce85be809b7c","ts":"2026-07-13T17:30:51.001-04:00","eventName":"n8n.node.finished","message":"n8n.node.finished","payload":{"workflowId":"5VBKbuuujEvgdIGs","workflowName":"power","executionId":"515","nodeType":"n8n-nodes-base.code","nodeName":"Code in JavaScript","nodeId":"60178211-232e-4f7a-8bd9-97a66e5b9ec0"}}
{"__type":"$$EventMessageConfirm","confirm":"7883b51f-2780-4773-bc47-ce85be809b7c","ts":"2026-07-13T17:30:51.002-04:00","source":{"id":"0","name":"eventBus"}}
{"__type":"$$EventMessageNode","id":"f5812aea-0ed5-428b-95ea-dfca29c8fe14","ts":"2026-07-13T17:30:51.002-04:00","eventName":"n8n.node.started","message":"n8n.node.started","payload":{"workflowId":"5VBKbuuujEvgdIGs","workflowName":"power","executionId":"515","nodeType":"n8n-nodes-base.code","nodeName":"Code in JavaScript1","nodeId":"21ac27dd-d85f-45cb-b48f-eb6a3465a56b"}}
{"__type":"$$EventMessageConfirm","confirm":"f5812aea-0ed5-428b-95ea-dfca29c8fe14","ts":"2026-07-13T17:30:51.002-04:00","source":{"id":"0","name":"eventBus"}}
{"__type":"$$EventMessageRunner","id":"a6146614-bbf5-4d13-aed9-996c5329cdb7","ts":"2026-07-13T17:30:51.005-04:00","eventName":"n8n.runner.task.requested","message":"n8n.runner.task.requested","payload":{"taskId":"cuHa9AHh","nodeId":"21ac27dd-d85f-45cb-b48f-eb6a3465a56b","workflowId":"5VBKbuuujEvgdIGs","executionId":"515"}}
{"__type":"$$EventMessageConfirm","confirm":"a6146614-bbf5-4d13-aed9-996c5329cdb7","ts":"2026-07-13T17:30:51.005-04:00","source":{"id":"0","name":"eventBus"}}
{"__type":"$$EventMessageRunner","id":"2e9e6bf7-ebf9-4fb2-83a5-923b173e48fa","ts":"2026-07-13T17:30:51.025-04:00","eventName":"n8n.runner.response.received","message":"n8n.runner.response.received","payload":{"taskId":"cuHa9AHh","nodeId":"21ac27dd-d85f-45cb-b48f-eb6a3465a56b","workflowId":"5VBKbuuujEvgdIGs","executionId":"515"}}
{"__type":"$$EventMessageConfirm","confirm":"2e9e6bf7-ebf9-4fb2-83a5-923b173e48fa","ts":"2026-07-13T17:30:51.026-04:00","source":{"id":"0","name":"eventBus"}}
{"__type":"$$EventMessageNode","id":"ea5d796a-3520-4eae-8c14-80f6b34f9b0c","ts":"2026-07-13T17:30:51.028-04:00","eventName":"n8n.node.finished","message":"n8n.node.finished","payload":{"workflowId":"5VBKbuuujEvgdIGs","workflowName":"power","executionId":"515","nodeType":"n8n-nodes-base.code","nodeName":"Code in JavaScript1","nodeId":"21ac27dd-d85f-45cb-b48f-eb6a3465a56b"}}
{"__type":"$$EventMessageConfirm","confirm":"ea5d796a-3520-4eae-8c14-80f6b34f9b0c","ts":"2026-07-13T17:30:51.029-04:00","source":{"id":"0","name":"eventBus"}}
{"__type":"$$EventMessageWorkflow","id":"18ab2cd7-35a7-4ce9-a38b-3786834f0c2a","ts":"2026-07-13T17:30:51.029-04:00","eventName":"n8n.workflow.success","message":"n8n.workflow.success","payload":{"executionId":"515","success":true,"isManual":false,"mode":"webhook","workflowId":"5VBKbuuujEvgdIGs","workflowName":"power"}}
{"__type":"$$EventMessageConfirm","confirm":"18ab2cd7-35a7-4ce9-a38b-3786834f0c2a","ts":"2026-07-13T17:30:51.030-04:00","source":{"id":"0","name":"eventBus"}}
{"__type":"$$EventMessageWorkflow","id":"523f480f-004e-4dde-878d-c2c84a29ede1","ts":"2026-07-13T17:30:51.136-04:00","eventName":"n8n.workflow.started","message":"n8n.workflow.started","payload":{"executionId":"516","workflowId":"HyiO9yqvE2q5kmov","isManual":false,"mode":"webhook","workflowName":"hvac"}}
{"__type":"$$EventMessageConfirm","confirm":"523f480f-004e-4dde-878d-c2c84a29ede1","ts":"2026-07-13T17:30:51.136-04:00","source":{"id":"0","name":"eventBus"}}
{"__type":"$$EventMessageAudit","id":"1004e4b3-89f8-460b-98f5-797bb4853bea","ts":"2026-07-13T17:30:51.137-04:00","eventName":"n8n.audit.workflow.executed","message":"n8n.audit.workflow.executed","payload":{"workflowId":"HyiO9yqvE2q5kmov","workflowName":"hvac","executionId":"516","source":"webhook"}}
{"__type":"$$EventMessageConfirm","confirm":"1004e4b3-89f8-460b-98f5-797bb4853bea","ts":"2026-07-13T17:30:51.137-04:00","source":{"id":"0","name":"eventBus"}}
{"__type":"$$EventMessageNode","id":"86917de3-69ee-49df-a817-2dc89a34666d","ts":"2026-07-13T17:30:51.138-04:00","eventName":"n8n.node.started","message":"n8n.node.started","payload":{"workflowId":"HyiO9yqvE2q5kmov","workflowName":"hvac","executionId":"516","nodeType":"n8n-nodes-base.webhook","nodeName":"Webhook","nodeId":"21c4bb7e-a362-421b-819b-e396631df92a"}}
{"__type":"$$EventMessageConfirm","confirm":"86917de3-69ee-49df-a817-2dc89a34666d","ts":"2026-07-13T17:30:51.138-04:00","source":{"id":"0","name":"eventBus"}}
{"__type":"$$EventMessageNode","id":"f4dcc267-fd66-4dbd-8d45-1f6f6ab27d01","ts":"2026-07-13T17:30:51.139-04:00","eventName":"n8n.node.finished","message":"n8n.node.finished","payload":{"workflowId":"HyiO9yqvE2q5kmov","workflowName":"hvac","executionId":"516","nodeType":"n8n-nodes-base.webhook","nodeName":"Webhook","nodeId":"21c4bb7e-a362-421b-819b-e396631df92a"}}
{"__type":"$$EventMessageConfirm","confirm":"f4dcc267-fd66-4dbd-8d45-1f6f6ab27d01","ts":"2026-07-13T17:30:51.139-04:00","source":{"id":"0","name":"eventBus"}}
{"__type":"$$EventMessageNode","id":"3d1ea961-0845-4043-8ce8-e04f0fd6494b","ts":"2026-07-13T17:30:51.139-04:00","eventName":"n8n.node.started","message":"n8n.node.started","payload":{"workflowId":"HyiO9yqvE2q5kmov","workflowName":"hvac","executionId":"516","nodeType":"n8n-nodes-base.code","nodeName":"Code in JavaScript","nodeId":"7f58ebee-2d23-411d-b5ed-d749b73e6774"}}
{"__type":"$$EventMessageConfirm","confirm":"3d1ea961-0845-4043-8ce8-e04f0fd6494b","ts":"2026-07-13T17:30:51.139-04:00","source":{"id":"0","name":"eventBus"}}
{"__type":"$$EventMessageRunner","id":"2fdf3d5a-a118-4243-9952-d4c0a682cf88","ts":"2026-07-13T17:30:51.146-04:00","eventName":"n8n.runner.task.requested","message":"n8n.runner.task.requested","payload":{"taskId":"Va9XfOXh","nodeId":"7f58ebee-2d23-411d-b5ed-d749b73e6774","workflowId":"HyiO9yqvE2q5kmov","executionId":"516"}}
{"__type":"$$EventMessageConfirm","confirm":"2fdf3d5a-a118-4243-9952-d4c0a682cf88","ts":"2026-07-13T17:30:51.147-04:00","source":{"id":"0","name":"eventBus"}}
{"__type":"$$EventMessageRunner","id":"ad87c428-00d1-448b-a443-e5c53aefc524","ts":"2026-07-13T17:30:51.159-04:00","eventName":"n8n.runner.response.received","message":"n8n.runner.response.received","payload":{"taskId":"Va9XfOXh","nodeId":"7f58ebee-2d23-411d-b5ed-d749b73e6774","workflowId":"HyiO9yqvE2q5kmov","executionId":"516"}}
{"__type":"$$EventMessageConfirm","confirm":"ad87c428-00d1-448b-a443-e5c53aefc524","ts":"2026-07-13T17:30:51.159-04:00","source":{"id":"0","name":"eventBus"}}
{"__type":"$$EventMessageNode","id":"4bba1c1d-4e0f-44e3-9fac-2b002d4f02db","ts":"2026-07-13T17:30:51.159-04:00","eventName":"n8n.node.finished","message":"n8n.node.finished","payload":{"workflowId":"HyiO9yqvE2q5kmov","workflowName":"hvac","executionId":"516","nodeType":"n8n-nodes-base.code","nodeName":"Code in JavaScript","nodeId":"7f58ebee-2d23-411d-b5ed-d749b73e6774"}}
{"__type":"$$EventMessageConfirm","confirm":"4bba1c1d-4e0f-44e3-9fac-2b002d4f02db","ts":"2026-07-13T17:30:51.159-04:00","source":{"id":"0","name":"eventBus"}}
{"__type":"$$EventMessageNode","id":"79466c21-9119-44ee-a741-f5b59787f72f","ts":"2026-07-13T17:30:51.159-04:00","eventName":"n8n.node.started","message":"n8n.node.started","payload":{"workflowId":"HyiO9yqvE2q5kmov","workflowName":"hvac","executionId":"516","nodeType":"n8n-nodes-base.code","nodeName":"Code in JavaScript1","nodeId":"60f93297-09f2-4aac-9a87-0874737aa293"}}
{"__type":"$$EventMessageConfirm","confirm":"79466c21-9119-44ee-a741-f5b59787f72f","ts":"2026-07-13T17:30:51.159-04:00","source":{"id":"0","name":"eventBus"}}
{"__type":"$$EventMessageRunner","id":"ceb4f428-c80b-43ef-bf63-40c8ec25d1f3","ts":"2026-07-13T17:30:51.163-04:00","eventName":"n8n.runner.task.requested","message":"n8n.runner.task.requested","payload":{"taskId":"fPwvd8-l","nodeId":"60f93297-09f2-4aac-9a87-0874737aa293","workflowId":"HyiO9yqvE2q5kmov","executionId":"516"}}
{"__type":"$$EventMessageConfirm","confirm":"ceb4f428-c80b-43ef-bf63-40c8ec25d1f3","ts":"2026-07-13T17:30:51.163-04:00","source":{"id":"0","name":"eventBus"}}
{"__type":"$$EventMessageRunner","id":"cb474b74-e86f-454b-b38a-d29d4831c7f2","ts":"2026-07-13T17:30:51.186-04:00","eventName":"n8n.runner.response.received","message":"n8n.runner.response.received","payload":{"taskId":"fPwvd8-l","nodeId":"60f93297-09f2-4aac-9a87-0874737aa293","workflowId":"HyiO9yqvE2q5kmov","executionId":"516"}}
{"__type":"$$EventMessageConfirm","confirm":"cb474b74-e86f-454b-b38a-d29d4831c7f2","ts":"2026-07-13T17:30:51.186-04:00","source":{"id":"0","name":"eventBus"}}
{"__type":"$$EventMessageNode","id":"dcc94821-0b6c-4ba1-b979-70f3e96f62c7","ts":"2026-07-13T17:30:51.187-04:00","eventName":"n8n.node.finished","message":"n8n.node.finished","payload":{"workflowId":"HyiO9yqvE2q5kmov","workflowName":"hvac","executionId":"516","nodeType":"n8n-nodes-base.code","nodeName":"Code in JavaScript1","nodeId":"60f93297-09f2-4aac-9a87-0874737aa293"}}
{"__type":"$$EventMessageConfirm","confirm":"dcc94821-0b6c-4ba1-b979-70f3e96f62c7","ts":"2026-07-13T17:30:51.188-04:00","source":{"id":"0","name":"eventBus"}}
{"__type":"$$EventMessageWorkflow","id":"110bf8c8-df5f-4f27-abb8-6fa9f20ea2e4","ts":"2026-07-13T17:30:51.188-04:00","eventName":"n8n.workflow.success","message":"n8n.workflow.success","payload":{"executionId":"516","success":true,"isManual":false,"mode":"webhook","workflowId":"HyiO9yqvE2q5kmov","workflowName":"hvac"}}
{"__type":"$$EventMessageConfirm","confirm":"110bf8c8-df5f-4f27-abb8-6fa9f20ea2e4","ts":"2026-07-13T17:30:51.188-04:00","source":{"id":"0","name":"eventBus"}}
{"__type":"$$EventMessageWorkflow","id":"f8e89fdf-d340-4620-b102-957b50be87d3","ts":"2026-07-13T17:30:51.280-04:00","eventName":"n8n.workflow.started","message":"n8n.workflow.started","payload":{"executionId":"517","workflowId":"4060d0nwMZdXJrUS","isManual":false,"mode":"webhook","workflowName":"alert"}}
{"__type":"$$EventMessageConfirm","confirm":"f8e89fdf-d340-4620-b102-957b50be87d3","ts":"2026-07-13T17:30:51.280-04:00","source":{"id":"0","name":"eventBus"}}
{"__type":"$$EventMessageAudit","id":"46217d24-db8f-4730-8b21-99ed075bef2e","ts":"2026-07-13T17:30:51.281-04:00","eventName":"n8n.audit.workflow.executed","message":"n8n.audit.workflow.executed","payload":{"workflowId":"4060d0nwMZdXJrUS","workflowName":"alert","executionId":"517","source":"webhook"}}
{"__type":"$$EventMessageConfirm","confirm":"46217d24-db8f-4730-8b21-99ed075bef2e","ts":"2026-07-13T17:30:51.281-04:00","source":{"id":"0","name":"eventBus"}}
{"__type":"$$EventMessageNode","id":"0b3268c3-bdcc-4be3-8f5c-98250d76d32b","ts":"2026-07-13T17:30:51.283-04:00","eventName":"n8n.node.started","message":"n8n.node.started","payload":{"workflowId":"4060d0nwMZdXJrUS","workflowName":"alert","executionId":"517","nodeType":"n8n-nodes-base.webhook","nodeName":"Webhook","nodeId":"45b9a4be-0184-403c-83f3-41cbd14731c8"}}
{"__type":"$$EventMessageConfirm","confirm":"0b3268c3-bdcc-4be3-8f5c-98250d76d32b","ts":"2026-07-13T17:30:51.283-04:00","source":{"id":"0","name":"eventBus"}}
{"__type":"$$EventMessageNode","id":"9ea6cca7-aad7-4643-aea2-283f1dad6875","ts":"2026-07-13T17:30:51.284-04:00","eventName":"n8n.node.finished","message":"n8n.node.finished","payload":{"workflowId":"4060d0nwMZdXJrUS","workflowName":"alert","executionId":"517","nodeType":"n8n-nodes-base.webhook","nodeName":"Webhook","nodeId":"45b9a4be-0184-403c-83f3-41cbd14731c8"}}
{"__type":"$$EventMessageConfirm","confirm":"9ea6cca7-aad7-4643-aea2-283f1dad6875","ts":"2026-07-13T17:30:51.284-04:00","source":{"id":"0","name":"eventBus"}}
{"__type":"$$EventMessageNode","id":"96b7ce7f-92f9-44ac-a3a7-b337f462e7f7","ts":"2026-07-13T17:30:51.285-04:00","eventName":"n8n.node.started","message":"n8n.node.started","payload":{"workflowId":"4060d0nwMZdXJrUS","workflowName":"alert","executionId":"517","nodeType":"n8n-nodes-base.code","nodeName":"Code in JavaScript","nodeId":"847e0d93-8488-41ce-97de-68b297df2b47"}}
{"__type":"$$EventMessageConfirm","confirm":"96b7ce7f-92f9-44ac-a3a7-b337f462e7f7","ts":"2026-07-13T17:30:51.286-04:00","source":{"id":"0","name":"eventBus"}}
{"__type":"$$EventMessageRunner","id":"a4564184-407e-4e75-8e34-ea48a4289b10","ts":"2026-07-13T17:30:51.293-04:00","eventName":"n8n.runner.task.requested","message":"n8n.runner.task.requested","payload":{"taskId":"Zru96Xa1","nodeId":"847e0d93-8488-41ce-97de-68b297df2b47","workflowId":"4060d0nwMZdXJrUS","executionId":"517"}}
{"__type":"$$EventMessageConfirm","confirm":"a4564184-407e-4e75-8e34-ea48a4289b10","ts":"2026-07-13T17:30:51.293-04:00","source":{"id":"0","name":"eventBus"}}
{"__type":"$$EventMessageRunner","id":"001c7478-2dab-4c7a-a851-3f9f3b507363","ts":"2026-07-13T17:30:51.304-04:00","eventName":"n8n.runner.response.received","message":"n8n.runner.response.received","payload":{"taskId":"Zru96Xa1","nodeId":"847e0d93-8488-41ce-97de-68b297df2b47","workflowId":"4060d0nwMZdXJrUS","executionId":"517"}}
{"__type":"$$EventMessageConfirm","confirm":"001c7478-2dab-4c7a-a851-3f9f3b507363","ts":"2026-07-13T17:30:51.304-04:00","source":{"id":"0","name":"eventBus"}}
{"__type":"$$EventMessageNode","id":"693f4e00-a503-4971-9a15-6b60873f8ac8","ts":"2026-07-13T17:30:51.305-04:00","eventName":"n8n.node.finished","message":"n8n.node.finished","payload":{"workflowId":"4060d0nwMZdXJrUS","workflowName":"alert","executionId":"517","nodeType":"n8n-nodes-base.code","nodeName":"Code in JavaScript","nodeId":"847e0d93-8488-41ce-97de-68b297df2b47"}}
{"__type":"$$EventMessageConfirm","confirm":"693f4e00-a503-4971-9a15-6b60873f8ac8","ts":"2026-07-13T17:30:51.305-04:00","source":{"id":"0","name":"eventBus"}}
{"__type":"$$EventMessageNode","id":"55862c05-827f-41ce-a98f-3a2a5e5d8847","ts":"2026-07-13T17:30:51.305-04:00","eventName":"n8n.node.started","message":"n8n.node.started","payload":{"workflowId":"4060d0nwMZdXJrUS","workflowName":"alert","executionId":"517","nodeType":"n8n-nodes-base.if","nodeName":"If","nodeId":"a8f0bf21-8151-4783-a4a5-ac8e38d0da13"}}
{"__type":"$$EventMessageConfirm","confirm":"55862c05-827f-41ce-a98f-3a2a5e5d8847","ts":"2026-07-13T17:30:51.305-04:00","source":{"id":"0","name":"eventBus"}}
{"__type":"$$EventMessageNode","id":"7fc6c100-1820-46a3-bacd-9d5c59f9219a","ts":"2026-07-13T17:30:51.307-04:00","eventName":"n8n.node.finished","message":"n8n.node.finished","payload":{"workflowId":"4060d0nwMZdXJrUS","workflowName":"alert","executionId":"517","nodeType":"n8n-nodes-base.if","nodeName":"If","nodeId":"a8f0bf21-8151-4783-a4a5-ac8e38d0da13"}}
{"__type":"$$EventMessageConfirm","confirm":"7fc6c100-1820-46a3-bacd-9d5c59f9219a","ts":"2026-07-13T17:30:51.307-04:00","source":{"id":"0","name":"eventBus"}}
{"__type":"$$EventMessageNode","id":"a134721a-9088-4803-ba28-190ef04bc591","ts":"2026-07-13T17:30:51.307-04:00","eventName":"n8n.node.started","message":"n8n.node.started","payload":{"workflowId":"4060d0nwMZdXJrUS","workflowName":"alert","executionId":"517","nodeType":"n8n-nodes-base.code","nodeName":"Code in JavaScript1","nodeId":"50b098bd-b40a-4c90-b2d4-eb880777eaff"}}
{"__type":"$$EventMessageConfirm","confirm":"a134721a-9088-4803-ba28-190ef04bc591","ts":"2026-07-13T17:30:51.307-04:00","source":{"id":"0","name":"eventBus"}}
{"__type":"$$EventMessageRunner","id":"f8337621-a3f1-46aa-82de-97d5febd0638","ts":"2026-07-13T17:30:51.309-04:00","eventName":"n8n.runner.task.requested","message":"n8n.runner.task.requested","payload":{"taskId":"3qKAdfN6","nodeId":"50b098bd-b40a-4c90-b2d4-eb880777eaff","workflowId":"4060d0nwMZdXJrUS","executionId":"517"}}
{"__type":"$$EventMessageConfirm","confirm":"f8337621-a3f1-46aa-82de-97d5febd0638","ts":"2026-07-13T17:30:51.309-04:00","source":{"id":"0","name":"eventBus"}}
{"__type":"$$EventMessageRunner","id":"f2f0b574-02c2-44ea-b60e-e4251d223871","ts":"2026-07-13T17:30:51.319-04:00","eventName":"n8n.runner.response.received","message":"n8n.runner.response.received","payload":{"taskId":"3qKAdfN6","nodeId":"50b098bd-b40a-4c90-b2d4-eb880777eaff","workflowId":"4060d0nwMZdXJrUS","executionId":"517"}}
{"__type":"$$EventMessageConfirm","confirm":"f2f0b574-02c2-44ea-b60e-e4251d223871","ts":"2026-07-13T17:30:51.319-04:00","source":{"id":"0","name":"eventBus"}}
{"__type":"$$EventMessageNode","id":"089a7066-efdf-4ec5-8b26-2e43b25f4ab8","ts":"2026-07-13T17:30:51.319-04:00","eventName":"n8n.node.finished","message":"n8n.node.finished","payload":{"workflowId":"4060d0nwMZdXJrUS","workflowName":"alert","executionId":"517","nodeType":"n8n-nodes-base.code","nodeName":"Code in JavaScript1","nodeId":"50b098bd-b40a-4c90-b2d4-eb880777eaff"}}
{"__type":"$$EventMessageConfirm","confirm":"089a7066-efdf-4ec5-8b26-2e43b25f4ab8","ts":"2026-07-13T17:30:51.319-04:00","source":{"id":"0","name":"eventBus"}}
{"__type":"$$EventMessageWorkflow","id":"5166743a-5f0d-4fde-b0e8-e30402283079","ts":"2026-07-13T17:30:51.320-04:00","eventName":"n8n.workflow.success","message":"n8n.workflow.success","payload":{"executionId":"517","success":true,"isManual":false,"mode":"webhook","workflowId":"4060d0nwMZdXJrUS","workflowName":"alert"}}
{"__type":"$$EventMessageConfirm","confirm":"5166743a-5f0d-4fde-b0e8-e30402283079","ts":"2026-07-13T17:30:51.320-04:00","source":{"id":"0","name":"eventBus"}}
{"__type":"$$EventMessageWorkflow","id":"2e39583d-3a93-4676-b047-bbe006a07ac8","ts":"2026-07-13T17:32:05.737-04:00","eventName":"n8n.workflow.started","message":"n8n.workflow.started","payload":{"executionId":"518","workflowId":"5VBKbuuujEvgdIGs","isManual":false,"mode":"webhook","workflowName":"power"}}
{"__type":"$$EventMessageConfirm","confirm":"2e39583d-3a93-4676-b047-bbe006a07ac8","ts":"2026-07-13T17:32:05.737-04:00","source":{"id":"0","name":"eventBus"}}
{"__type":"$$EventMessageAudit","id":"e58e159b-2b65-4e50-89f6-0b3fb1d71ac5","ts":"2026-07-13T17:32:05.738-04:00","eventName":"n8n.audit.workflow.executed","message":"n8n.audit.workflow.executed","payload":{"workflowId":"5VBKbuuujEvgdIGs","workflowName":"power","executionId":"518","source":"webhook"}}
{"__type":"$$EventMessageConfirm","confirm":"e58e159b-2b65-4e50-89f6-0b3fb1d71ac5","ts":"2026-07-13T17:32:05.738-04:00","source":{"id":"0","name":"eventBus"}}
{"__type":"$$EventMessageNode","id":"dea3170c-1a84-4893-a60b-b29ff67d07d0","ts":"2026-07-13T17:32:05.739-04:00","eventName":"n8n.node.started","message":"n8n.node.started","payload":{"workflowId":"5VBKbuuujEvgdIGs","workflowName":"power","executionId":"518","nodeType":"n8n-nodes-base.webhook","nodeName":"Webhook","nodeId":"d2f68568-3d63-4615-8950-d51b3313419d"}}
{"__type":"$$EventMessageConfirm","confirm":"dea3170c-1a84-4893-a60b-b29ff67d07d0","ts":"2026-07-13T17:32:05.739-04:00","source":{"id":"0","name":"eventBus"}}
{"__type":"$$EventMessageNode","id":"095ef63d-c684-4401-bdcd-219ca5b45f96","ts":"2026-07-13T17:32:05.739-04:00","eventName":"n8n.node.finished","message":"n8n.node.finished","payload":{"workflowId":"5VBKbuuujEvgdIGs","workflowName":"power","executionId":"518","nodeType":"n8n-nodes-base.webhook","nodeName":"Webhook","nodeId":"d2f68568-3d63-4615-8950-d51b3313419d"}}
{"__type":"$$EventMessageConfirm","confirm":"095ef63d-c684-4401-bdcd-219ca5b45f96","ts":"2026-07-13T17:32:05.739-04:00","source":{"id":"0","name":"eventBus"}}
{"__type":"$$EventMessageNode","id":"8be0b719-33d5-4a97-973e-1b05148d764d","ts":"2026-07-13T17:32:05.740-04:00","eventName":"n8n.node.started","message":"n8n.node.started","payload":{"workflowId":"5VBKbuuujEvgdIGs","workflowName":"power","executionId":"518","nodeType":"n8n-nodes-base.code","nodeName":"Code in JavaScript","nodeId":"60178211-232e-4f7a-8bd9-97a66e5b9ec0"}}
{"__type":"$$EventMessageConfirm","confirm":"8be0b719-33d5-4a97-973e-1b05148d764d","ts":"2026-07-13T17:32:05.740-04:00","source":{"id":"0","name":"eventBus"}}
{"__type":"$$EventMessageRunner","id":"0788aede-7871-4257-af12-237ae8c91d90","ts":"2026-07-13T17:32:05.743-04:00","eventName":"n8n.runner.task.requested","message":"n8n.runner.task.requested","payload":{"taskId":"t9a0OFHS","nodeId":"60178211-232e-4f7a-8bd9-97a66e5b9ec0","workflowId":"5VBKbuuujEvgdIGs","executionId":"518"}}
{"__type":"$$EventMessageConfirm","confirm":"0788aede-7871-4257-af12-237ae8c91d90","ts":"2026-07-13T17:32:05.743-04:00","source":{"id":"0","name":"eventBus"}}
{"__type":"$$EventMessageRunner","id":"25d76572-3fb3-4e2c-8269-9fe698b6c15e","ts":"2026-07-13T17:32:05.756-04:00","eventName":"n8n.runner.response.received","message":"n8n.runner.response.received","payload":{"taskId":"t9a0OFHS","nodeId":"60178211-232e-4f7a-8bd9-97a66e5b9ec0","workflowId":"5VBKbuuujEvgdIGs","executionId":"518"}}
{"__type":"$$EventMessageConfirm","confirm":"25d76572-3fb3-4e2c-8269-9fe698b6c15e","ts":"2026-07-13T17:32:05.756-04:00","source":{"id":"0","name":"eventBus"}}
{"__type":"$$EventMessageNode","id":"7af1d711-c17c-49fb-b348-263465eba841","ts":"2026-07-13T17:32:05.757-04:00","eventName":"n8n.node.finished","message":"n8n.node.finished","payload":{"workflowId":"5VBKbuuujEvgdIGs","workflowName":"power","executionId":"518","nodeType":"n8n-nodes-base.code","nodeName":"Code in JavaScript","nodeId":"60178211-232e-4f7a-8bd9-97a66e5b9ec0"}}
{"__type":"$$EventMessageConfirm","confirm":"7af1d711-c17c-49fb-b348-263465eba841","ts":"2026-07-13T17:32:05.757-04:00","source":{"id":"0","name":"eventBus"}}
{"__type":"$$EventMessageNode","id":"1f5278f3-e5c3-4284-9594-747146da985b","ts":"2026-07-13T17:32:05.757-04:00","eventName":"n8n.node.started","message":"n8n.node.started","payload":{"workflowId":"5VBKbuuujEvgdIGs","workflowName":"power","executionId":"518","nodeType":"n8n-nodes-base.code","nodeName":"Code in JavaScript1","nodeId":"21ac27dd-d85f-45cb-b48f-eb6a3465a56b"}}
{"__type":"$$EventMessageConfirm","confirm":"1f5278f3-e5c3-4284-9594-747146da985b","ts":"2026-07-13T17:32:05.757-04:00","source":{"id":"0","name":"eventBus"}}
{"__type":"$$EventMessageRunner","id":"dd57a5a0-8207-479d-9bb8-d21028afb671","ts":"2026-07-13T17:32:05.768-04:00","eventName":"n8n.runner.task.requested","message":"n8n.runner.task.requested","payload":{"taskId":"UXs2wUNK","nodeId":"21ac27dd-d85f-45cb-b48f-eb6a3465a56b","workflowId":"5VBKbuuujEvgdIGs","executionId":"518"}}
{"__type":"$$EventMessageConfirm","confirm":"dd57a5a0-8207-479d-9bb8-d21028afb671","ts":"2026-07-13T17:32:05.768-04:00","source":{"id":"0","name":"eventBus"}}
{"__type":"$$EventMessageRunner","id":"7e5fc410-c66d-4dc3-8d50-e1c7ce8f94bd","ts":"2026-07-13T17:32:05.792-04:00","eventName":"n8n.runner.response.received","message":"n8n.runner.response.received","payload":{"taskId":"UXs2wUNK","nodeId":"21ac27dd-d85f-45cb-b48f-eb6a3465a56b","workflowId":"5VBKbuuujEvgdIGs","executionId":"518"}}
{"__type":"$$EventMessageConfirm","confirm":"7e5fc410-c66d-4dc3-8d50-e1c7ce8f94bd","ts":"2026-07-13T17:32:05.793-04:00","source":{"id":"0","name":"eventBus"}}
{"__type":"$$EventMessageNode","id":"3978c0f1-fe85-4440-8153-f0fe54453417","ts":"2026-07-13T17:32:05.793-04:00","eventName":"n8n.node.finished","message":"n8n.node.finished","payload":{"workflowId":"5VBKbuuujEvgdIGs","workflowName":"power","executionId":"518","nodeType":"n8n-nodes-base.code","nodeName":"Code in JavaScript1","nodeId":"21ac27dd-d85f-45cb-b48f-eb6a3465a56b"}}
{"__type":"$$EventMessageConfirm","confirm":"3978c0f1-fe85-4440-8153-f0fe54453417","ts":"2026-07-13T17:32:05.793-04:00","source":{"id":"0","name":"eventBus"}}
{"__type":"$$EventMessageWorkflow","id":"11ffcf15-61fa-491f-a468-f0a729149dd7","ts":"2026-07-13T17:32:05.794-04:00","eventName":"n8n.workflow.success","message":"n8n.workflow.success","payload":{"executionId":"518","success":true,"isManual":false,"mode":"webhook","workflowId":"5VBKbuuujEvgdIGs","workflowName":"power"}}
{"__type":"$$EventMessageConfirm","confirm":"11ffcf15-61fa-491f-a468-f0a729149dd7","ts":"2026-07-13T17:32:05.794-04:00","source":{"id":"0","name":"eventBus"}}
{"__type":"$$EventMessageWorkflow","id":"ad93510c-3f0a-4706-9786-27bfeb63420f","ts":"2026-07-13T17:32:05.891-04:00","eventName":"n8n.workflow.started","message":"n8n.workflow.started","payload":{"executionId":"519","workflowId":"HyiO9yqvE2q5kmov","isManual":false,"mode":"webhook","workflowName":"hvac"}}
{"__type":"$$EventMessageConfirm","confirm":"ad93510c-3f0a-4706-9786-27bfeb63420f","ts":"2026-07-13T17:32:05.891-04:00","source":{"id":"0","name":"eventBus"}}
{"__type":"$$EventMessageAudit","id":"e8fdc448-5a3c-4f73-871a-60813b047729","ts":"2026-07-13T17:32:05.892-04:00","eventName":"n8n.audit.workflow.executed","message":"n8n.audit.workflow.executed","payload":{"workflowId":"HyiO9yqvE2q5kmov","workflowName":"hvac","executionId":"519","source":"webhook"}}
{"__type":"$$EventMessageConfirm","confirm":"e8fdc448-5a3c-4f73-871a-60813b047729","ts":"2026-07-13T17:32:05.892-04:00","source":{"id":"0","name":"eventBus"}}
{"__type":"$$EventMessageNode","id":"ddbe1d9e-5a41-4ab6-a3ea-e3f39c1394c2","ts":"2026-07-13T17:32:05.894-04:00","eventName":"n8n.node.started","message":"n8n.node.started","payload":{"workflowId":"HyiO9yqvE2q5kmov","workflowName":"hvac","executionId":"519","nodeType":"n8n-nodes-base.webhook","nodeName":"Webhook","nodeId":"21c4bb7e-a362-421b-819b-e396631df92a"}}
{"__type":"$$EventMessageConfirm","confirm":"ddbe1d9e-5a41-4ab6-a3ea-e3f39c1394c2","ts":"2026-07-13T17:32:05.894-04:00","source":{"id":"0","name":"eventBus"}}
{"__type":"$$EventMessageNode","id":"1b290fb4-f20d-43f2-963f-b377ca393d32","ts":"2026-07-13T17:32:05.895-04:00","eventName":"n8n.node.finished","message":"n8n.node.finished","payload":{"workflowId":"HyiO9yqvE2q5kmov","workflowName":"hvac","executionId":"519","nodeType":"n8n-nodes-base.webhook","nodeName":"Webhook","nodeId":"21c4bb7e-a362-421b-819b-e396631df92a"}}
{"__type":"$$EventMessageConfirm","confirm":"1b290fb4-f20d-43f2-963f-b377ca393d32","ts":"2026-07-13T17:32:05.895-04:00","source":{"id":"0","name":"eventBus"}}
{"__type":"$$EventMessageNode","id":"676c6644-571b-46d9-a250-3138e5348d3a","ts":"2026-07-13T17:32:05.895-04:00","eventName":"n8n.node.started","message":"n8n.node.started","payload":{"workflowId":"HyiO9yqvE2q5kmov","workflowName":"hvac","executionId":"519","nodeType":"n8n-nodes-base.code","nodeName":"Code in JavaScript","nodeId":"7f58ebee-2d23-411d-b5ed-d749b73e6774"}}
{"__type":"$$EventMessageConfirm","confirm":"676c6644-571b-46d9-a250-3138e5348d3a","ts":"2026-07-13T17:32:05.895-04:00","source":{"id":"0","name":"eventBus"}}
{"__type":"$$EventMessageRunner","id":"43944d27-e33a-44f3-9145-c3933eba564f","ts":"2026-07-13T17:32:05.898-04:00","eventName":"n8n.runner.task.requested","message":"n8n.runner.task.requested","payload":{"taskId":"z09O8_Og","nodeId":"7f58ebee-2d23-411d-b5ed-d749b73e6774","workflowId":"HyiO9yqvE2q5kmov","executionId":"519"}}
{"__type":"$$EventMessageConfirm","confirm":"43944d27-e33a-44f3-9145-c3933eba564f","ts":"2026-07-13T17:32:05.898-04:00","source":{"id":"0","name":"eventBus"}}
{"__type":"$$EventMessageRunner","id":"59913adc-5fee-41f7-b829-3f3d25db238b","ts":"2026-07-13T17:32:05.906-04:00","eventName":"n8n.runner.response.received","message":"n8n.runner.response.received","payload":{"taskId":"z09O8_Og","nodeId":"7f58ebee-2d23-411d-b5ed-d749b73e6774","workflowId":"HyiO9yqvE2q5kmov","executionId":"519"}}
{"__type":"$$EventMessageConfirm","confirm":"59913adc-5fee-41f7-b829-3f3d25db238b","ts":"2026-07-13T17:32:05.907-04:00","source":{"id":"0","name":"eventBus"}}
{"__type":"$$EventMessageNode","id":"f7835e82-2e0f-44a4-8416-86478bda689d","ts":"2026-07-13T17:32:05.907-04:00","eventName":"n8n.node.finished","message":"n8n.node.finished","payload":{"workflowId":"HyiO9yqvE2q5kmov","workflowName":"hvac","executionId":"519","nodeType":"n8n-nodes-base.code","nodeName":"Code in JavaScript","nodeId":"7f58ebee-2d23-411d-b5ed-d749b73e6774"}}
{"__type":"$$EventMessageConfirm","confirm":"f7835e82-2e0f-44a4-8416-86478bda689d","ts":"2026-07-13T17:32:05.907-04:00","source":{"id":"0","name":"eventBus"}}
{"__type":"$$EventMessageNode","id":"e28bf5f2-b6a0-47f1-9755-7e03b62b8914","ts":"2026-07-13T17:32:05.907-04:00","eventName":"n8n.node.started","message":"n8n.node.started","payload":{"workflowId":"HyiO9yqvE2q5kmov","workflowName":"hvac","executionId":"519","nodeType":"n8n-nodes-base.code","nodeName":"Code in JavaScript1","nodeId":"60f93297-09f2-4aac-9a87-0874737aa293"}}
{"__type":"$$EventMessageConfirm","confirm":"e28bf5f2-b6a0-47f1-9755-7e03b62b8914","ts":"2026-07-13T17:32:05.907-04:00","source":{"id":"0","name":"eventBus"}}
{"__type":"$$EventMessageRunner","id":"fb622ecf-edbc-4bd6-ba49-b708fdccc3ba","ts":"2026-07-13T17:32:05.909-04:00","eventName":"n8n.runner.task.requested","message":"n8n.runner.task.requested","payload":{"taskId":"j34VUaUR","nodeId":"60f93297-09f2-4aac-9a87-0874737aa293","workflowId":"HyiO9yqvE2q5kmov","executionId":"519"}}
{"__type":"$$EventMessageConfirm","confirm":"fb622ecf-edbc-4bd6-ba49-b708fdccc3ba","ts":"2026-07-13T17:32:05.909-04:00","source":{"id":"0","name":"eventBus"}}
{"__type":"$$EventMessageRunner","id":"d0dbf2a9-c5a7-496a-b1b8-03a9ce977b17","ts":"2026-07-13T17:32:05.918-04:00","eventName":"n8n.runner.response.received","message":"n8n.runner.response.received","payload":{"taskId":"j34VUaUR","nodeId":"60f93297-09f2-4aac-9a87-0874737aa293","workflowId":"HyiO9yqvE2q5kmov","executionId":"519"}}
{"__type":"$$EventMessageConfirm","confirm":"d0dbf2a9-c5a7-496a-b1b8-03a9ce977b17","ts":"2026-07-13T17:32:05.918-04:00","source":{"id":"0","name":"eventBus"}}
{"__type":"$$EventMessageNode","id":"86f020c9-0bf7-4deb-ac44-4045e9c55d29","ts":"2026-07-13T17:32:05.919-04:00","eventName":"n8n.node.finished","message":"n8n.node.finished","payload":{"workflowId":"HyiO9yqvE2q5kmov","workflowName":"hvac","executionId":"519","nodeType":"n8n-nodes-base.code","nodeName":"Code in JavaScript1","nodeId":"60f93297-09f2-4aac-9a87-0874737aa293"}}
{"__type":"$$EventMessageConfirm","confirm":"86f020c9-0bf7-4deb-ac44-4045e9c55d29","ts":"2026-07-13T17:32:05.919-04:00","source":{"id":"0","name":"eventBus"}}
{"__type":"$$EventMessageWorkflow","id":"f077e5da-4028-4700-b581-4b882b2a1492","ts":"2026-07-13T17:32:05.919-04:00","eventName":"n8n.workflow.success","message":"n8n.workflow.success","payload":{"executionId":"519","success":true,"isManual":false,"mode":"webhook","workflowId":"HyiO9yqvE2q5kmov","workflowName":"hvac"}}
{"__type":"$$EventMessageConfirm","confirm":"f077e5da-4028-4700-b581-4b882b2a1492","ts":"2026-07-13T17:32:05.920-04:00","source":{"id":"0","name":"eventBus"}}
{"__type":"$$EventMessageWorkflow","id":"6e5f06b9-ef83-4af6-8244-5b78e33aada6","ts":"2026-07-13T17:32:06.021-04:00","eventName":"n8n.workflow.started","message":"n8n.workflow.started","payload":{"executionId":"520","workflowId":"4060d0nwMZdXJrUS","isManual":false,"mode":"webhook","workflowName":"alert"}}
{"__type":"$$EventMessageConfirm","confirm":"6e5f06b9-ef83-4af6-8244-5b78e33aada6","ts":"2026-07-13T17:32:06.022-04:00","source":{"id":"0","name":"eventBus"}}
{"__type":"$$EventMessageAudit","id":"945e71ce-a024-46de-bad9-c691526c848c","ts":"2026-07-13T17:32:06.022-04:00","eventName":"n8n.audit.workflow.executed","message":"n8n.audit.workflow.executed","payload":{"workflowId":"4060d0nwMZdXJrUS","workflowName":"alert","executionId":"520","source":"webhook"}}
{"__type":"$$EventMessageConfirm","confirm":"945e71ce-a024-46de-bad9-c691526c848c","ts":"2026-07-13T17:32:06.022-04:00","source":{"id":"0","name":"eventBus"}}
{"__type":"$$EventMessageNode","id":"dc7b27d5-6355-43d3-81f4-9cb1b608099d","ts":"2026-07-13T17:32:06.023-04:00","eventName":"n8n.node.started","message":"n8n.node.started","payload":{"workflowId":"4060d0nwMZdXJrUS","workflowName":"alert","executionId":"520","nodeType":"n8n-nodes-base.webhook","nodeName":"Webhook","nodeId":"45b9a4be-0184-403c-83f3-41cbd14731c8"}}
{"__type":"$$EventMessageConfirm","confirm":"dc7b27d5-6355-43d3-81f4-9cb1b608099d","ts":"2026-07-13T17:32:06.023-04:00","source":{"id":"0","name":"eventBus"}}
{"__type":"$$EventMessageNode","id":"1857a8d6-16bb-46bb-bff7-90733b686f12","ts":"2026-07-13T17:32:06.024-04:00","eventName":"n8n.node.finished","message":"n8n.node.finished","payload":{"workflowId":"4060d0nwMZdXJrUS","workflowName":"alert","executionId":"520","nodeType":"n8n-nodes-base.webhook","nodeName":"Webhook","nodeId":"45b9a4be-0184-403c-83f3-41cbd14731c8"}}
{"__type":"$$EventMessageConfirm","confirm":"1857a8d6-16bb-46bb-bff7-90733b686f12","ts":"2026-07-13T17:32:06.024-04:00","source":{"id":"0","name":"eventBus"}}
{"__type":"$$EventMessageNode","id":"dc5faac1-a991-4c36-9164-fcd740b35344","ts":"2026-07-13T17:32:06.024-04:00","eventName":"n8n.node.started","message":"n8n.node.started","payload":{"workflowId":"4060d0nwMZdXJrUS","workflowName":"alert","executionId":"520","nodeType":"n8n-nodes-base.code","nodeName":"Code in JavaScript","nodeId":"847e0d93-8488-41ce-97de-68b297df2b47"}}
{"__type":"$$EventMessageConfirm","confirm":"dc5faac1-a991-4c36-9164-fcd740b35344","ts":"2026-07-13T17:32:06.024-04:00","source":{"id":"0","name":"eventBus"}}
{"__type":"$$EventMessageRunner","id":"89785b18-9e1c-468e-8ea0-fa64eb048afb","ts":"2026-07-13T17:32:06.026-04:00","eventName":"n8n.runner.task.requested","message":"n8n.runner.task.requested","payload":{"taskId":"lJOeYlMr","nodeId":"847e0d93-8488-41ce-97de-68b297df2b47","workflowId":"4060d0nwMZdXJrUS","executionId":"520"}}
{"__type":"$$EventMessageConfirm","confirm":"89785b18-9e1c-468e-8ea0-fa64eb048afb","ts":"2026-07-13T17:32:06.026-04:00","source":{"id":"0","name":"eventBus"}}
{"__type":"$$EventMessageRunner","id":"95c119e4-1c57-4179-89d6-88b1d042e158","ts":"2026-07-13T17:32:06.037-04:00","eventName":"n8n.runner.response.received","message":"n8n.runner.response.received","payload":{"taskId":"lJOeYlMr","nodeId":"847e0d93-8488-41ce-97de-68b297df2b47","workflowId":"4060d0nwMZdXJrUS","executionId":"520"}}
{"__type":"$$EventMessageConfirm","confirm":"95c119e4-1c57-4179-89d6-88b1d042e158","ts":"2026-07-13T17:32:06.038-04:00","source":{"id":"0","name":"eventBus"}}
{"__type":"$$EventMessageNode","id":"9cb9c746-7c8c-45c5-9b84-b70190078420","ts":"2026-07-13T17:32:06.038-04:00","eventName":"n8n.node.finished","message":"n8n.node.finished","payload":{"workflowId":"4060d0nwMZdXJrUS","workflowName":"alert","executionId":"520","nodeType":"n8n-nodes-base.code","nodeName":"Code in JavaScript","nodeId":"847e0d93-8488-41ce-97de-68b297df2b47"}}
{"__type":"$$EventMessageConfirm","confirm":"9cb9c746-7c8c-45c5-9b84-b70190078420","ts":"2026-07-13T17:32:06.038-04:00","source":{"id":"0","name":"eventBus"}}
{"__type":"$$EventMessageNode","id":"ad9067c0-3d43-4f85-84de-bda08e4a4771","ts":"2026-07-13T17:32:06.038-04:00","eventName":"n8n.node.started","message":"n8n.node.started","payload":{"workflowId":"4060d0nwMZdXJrUS","workflowName":"alert","executionId":"520","nodeType":"n8n-nodes-base.if","nodeName":"If","nodeId":"a8f0bf21-8151-4783-a4a5-ac8e38d0da13"}}
{"__type":"$$EventMessageConfirm","confirm":"ad9067c0-3d43-4f85-84de-bda08e4a4771","ts":"2026-07-13T17:32:06.038-04:00","source":{"id":"0","name":"eventBus"}}
{"__type":"$$EventMessageNode","id":"5602c3e0-58ef-401d-9e41-9fa0e95fe095","ts":"2026-07-13T17:32:06.041-04:00","eventName":"n8n.node.finished","message":"n8n.node.finished","payload":{"workflowId":"4060d0nwMZdXJrUS","workflowName":"alert","executionId":"520","nodeType":"n8n-nodes-base.if","nodeName":"If","nodeId":"a8f0bf21-8151-4783-a4a5-ac8e38d0da13"}}
{"__type":"$$EventMessageConfirm","confirm":"5602c3e0-58ef-401d-9e41-9fa0e95fe095","ts":"2026-07-13T17:32:06.041-04:00","source":{"id":"0","name":"eventBus"}}
{"__type":"$$EventMessageNode","id":"5f34d15a-43c7-4084-9435-7fb0e3c2e4eb","ts":"2026-07-13T17:32:06.041-04:00","eventName":"n8n.node.started","message":"n8n.node.started","payload":{"workflowId":"4060d0nwMZdXJrUS","workflowName":"alert","executionId":"520","nodeType":"n8n-nodes-base.code","nodeName":"Code in JavaScript1","nodeId":"50b098bd-b40a-4c90-b2d4-eb880777eaff"}}
{"__type":"$$EventMessageConfirm","confirm":"5f34d15a-43c7-4084-9435-7fb0e3c2e4eb","ts":"2026-07-13T17:32:06.041-04:00","source":{"id":"0","name":"eventBus"}}
{"__type":"$$EventMessageRunner","id":"3381a8ca-b9c5-4958-a6d8-d9c078856818","ts":"2026-07-13T17:32:06.043-04:00","eventName":"n8n.runner.task.requested","message":"n8n.runner.task.requested","payload":{"taskId":"WEKWeXST","nodeId":"50b098bd-b40a-4c90-b2d4-eb880777eaff","workflowId":"4060d0nwMZdXJrUS","executionId":"520"}}
{"__type":"$$EventMessageConfirm","confirm":"3381a8ca-b9c5-4958-a6d8-d9c078856818","ts":"2026-07-13T17:32:06.043-04:00","source":{"id":"0","name":"eventBus"}}
{"__type":"$$EventMessageRunner","id":"c5898b45-92e4-4b57-bb4d-d3185e27e378","ts":"2026-07-13T17:32:06.053-04:00","eventName":"n8n.runner.response.received","message":"n8n.runner.response.received","payload":{"taskId":"WEKWeXST","nodeId":"50b098bd-b40a-4c90-b2d4-eb880777eaff","workflowId":"4060d0nwMZdXJrUS","executionId":"520"}}
{"__type":"$$EventMessageConfirm","confirm":"c5898b45-92e4-4b57-bb4d-d3185e27e378","ts":"2026-07-13T17:32:06.053-04:00","source":{"id":"0","name":"eventBus"}}
{"__type":"$$EventMessageNode","id":"ebf03831-3df9-4987-9b98-563a206ebd43","ts":"2026-07-13T17:32:06.053-04:00","eventName":"n8n.node.finished","message":"n8n.node.finished","payload":{"workflowId":"4060d0nwMZdXJrUS","workflowName":"alert","executionId":"520","nodeType":"n8n-nodes-base.code","nodeName":"Code in JavaScript1","nodeId":"50b098bd-b40a-4c90-b2d4-eb880777eaff"}}
{"__type":"$$EventMessageConfirm","confirm":"ebf03831-3df9-4987-9b98-563a206ebd43","ts":"2026-07-13T17:32:06.053-04:00","source":{"id":"0","name":"eventBus"}}
{"__type":"$$EventMessageWorkflow","id":"2930d318-8509-45cd-a0a9-9a9880c2d8ef","ts":"2026-07-13T17:32:06.053-04:00","eventName":"n8n.workflow.success","message":"n8n.workflow.success","payload":{"executionId":"520","success":true,"isManual":false,"mode":"webhook","workflowId":"4060d0nwMZdXJrUS","workflowName":"alert"}}
{"__type":"$$EventMessageConfirm","confirm":"2930d318-8509-45cd-a0a9-9a9880c2d8ef","ts":"2026-07-13T17:32:06.053-04:00","source":{"id":"0","name":"eventBus"}}
{"__type":"$$EventMessageWorkflow","id":"0e35de6a-d08b-4d4f-a958-b1003e5ca465","ts":"2026-07-13T17:33:00.836-04:00","eventName":"n8n.workflow.started","message":"n8n.workflow.started","payload":{"executionId":"521","workflowId":"4060d0nwMZdXJrUS","isManual":false,"mode":"webhook","workflowName":"alert"}}
{"__type":"$$EventMessageConfirm","confirm":"0e35de6a-d08b-4d4f-a958-b1003e5ca465","ts":"2026-07-13T17:33:00.837-04:00","source":{"id":"0","name":"eventBus"}}
{"__type":"$$EventMessageAudit","id":"717b0b90-609c-4ea6-993d-c4c21496ab68","ts":"2026-07-13T17:33:00.837-04:00","eventName":"n8n.audit.workflow.executed","message":"n8n.audit.workflow.executed","payload":{"workflowId":"4060d0nwMZdXJrUS","workflowName":"alert","executionId":"521","source":"webhook"}}
{"__type":"$$EventMessageConfirm","confirm":"717b0b90-609c-4ea6-993d-c4c21496ab68","ts":"2026-07-13T17:33:00.837-04:00","source":{"id":"0","name":"eventBus"}}
{"__type":"$$EventMessageNode","id":"fa557c57-f740-4ce3-9096-0fb5653aa905","ts":"2026-07-13T17:33:00.839-04:00","eventName":"n8n.node.started","message":"n8n.node.started","payload":{"workflowId":"4060d0nwMZdXJrUS","workflowName":"alert","executionId":"521","nodeType":"n8n-nodes-base.webhook","nodeName":"Webhook","nodeId":"45b9a4be-0184-403c-83f3-41cbd14731c8"}}
{"__type":"$$EventMessageConfirm","confirm":"fa557c57-f740-4ce3-9096-0fb5653aa905","ts":"2026-07-13T17:33:00.839-04:00","source":{"id":"0","name":"eventBus"}}
{"__type":"$$EventMessageNode","id":"2846b243-a6fd-4684-bd6d-063d99bff7d0","ts":"2026-07-13T17:33:00.840-04:00","eventName":"n8n.node.finished","message":"n8n.node.finished","payload":{"workflowId":"4060d0nwMZdXJrUS","workflowName":"alert","executionId":"521","nodeType":"n8n-nodes-base.webhook","nodeName":"Webhook","nodeId":"45b9a4be-0184-403c-83f3-41cbd14731c8"}}
{"__type":"$$EventMessageConfirm","confirm":"2846b243-a6fd-4684-bd6d-063d99bff7d0","ts":"2026-07-13T17:33:00.840-04:00","source":{"id":"0","name":"eventBus"}}
{"__type":"$$EventMessageNode","id":"f7376b6d-9082-496c-b3c9-371015c4ff4d","ts":"2026-07-13T17:33:00.840-04:00","eventName":"n8n.node.started","message":"n8n.node.started","payload":{"workflowId":"4060d0nwMZdXJrUS","workflowName":"alert","executionId":"521","nodeType":"n8n-nodes-base.code","nodeName":"Code in JavaScript","nodeId":"847e0d93-8488-41ce-97de-68b297df2b47"}}
{"__type":"$$EventMessageConfirm","confirm":"f7376b6d-9082-496c-b3c9-371015c4ff4d","ts":"2026-07-13T17:33:00.840-04:00","source":{"id":"0","name":"eventBus"}}
{"__type":"$$EventMessageRunner","id":"4f182ce4-6684-4166-bf5a-62cfd09e9777","ts":"2026-07-13T17:33:00.846-04:00","eventName":"n8n.runner.task.requested","message":"n8n.runner.task.requested","payload":{"taskId":"Gtnb2rIL","nodeId":"847e0d93-8488-41ce-97de-68b297df2b47","workflowId":"4060d0nwMZdXJrUS","executionId":"521"}}
{"__type":"$$EventMessageConfirm","confirm":"4f182ce4-6684-4166-bf5a-62cfd09e9777","ts":"2026-07-13T17:33:00.846-04:00","source":{"id":"0","name":"eventBus"}}
{"__type":"$$EventMessageRunner","id":"b68a9add-a0c4-4551-b970-486caba19a16","ts":"2026-07-13T17:33:00.861-04:00","eventName":"n8n.runner.response.received","message":"n8n.runner.response.received","payload":{"taskId":"Gtnb2rIL","nodeId":"847e0d93-8488-41ce-97de-68b297df2b47","workflowId":"4060d0nwMZdXJrUS","executionId":"521"}}
{"__type":"$$EventMessageConfirm","confirm":"b68a9add-a0c4-4551-b970-486caba19a16","ts":"2026-07-13T17:33:00.861-04:00","source":{"id":"0","name":"eventBus"}}
{"__type":"$$EventMessageNode","id":"f75c9f01-6768-4f62-9428-a77509d0de9b","ts":"2026-07-13T17:33:00.862-04:00","eventName":"n8n.node.finished","message":"n8n.node.finished","payload":{"workflowId":"4060d0nwMZdXJrUS","workflowName":"alert","executionId":"521","nodeType":"n8n-nodes-base.code","nodeName":"Code in JavaScript","nodeId":"847e0d93-8488-41ce-97de-68b297df2b47"}}
{"__type":"$$EventMessageConfirm","confirm":"f75c9f01-6768-4f62-9428-a77509d0de9b","ts":"2026-07-13T17:33:00.862-04:00","source":{"id":"0","name":"eventBus"}}
{"__type":"$$EventMessageNode","id":"af65e8ca-0961-43a8-a958-451e11eedba7","ts":"2026-07-13T17:33:00.862-04:00","eventName":"n8n.node.started","message":"n8n.node.started","payload":{"workflowId":"4060d0nwMZdXJrUS","workflowName":"alert","executionId":"521","nodeType":"n8n-nodes-base.if","nodeName":"If","nodeId":"a8f0bf21-8151-4783-a4a5-ac8e38d0da13"}}
{"__type":"$$EventMessageConfirm","confirm":"af65e8ca-0961-43a8-a958-451e11eedba7","ts":"2026-07-13T17:33:00.863-04:00","source":{"id":"0","name":"eventBus"}}
{"__type":"$$EventMessageNode","id":"f968b172-cbb0-46e0-9881-df6b49d711ff","ts":"2026-07-13T17:33:00.866-04:00","eventName":"n8n.node.finished","message":"n8n.node.finished","payload":{"workflowId":"4060d0nwMZdXJrUS","workflowName":"alert","executionId":"521","nodeType":"n8n-nodes-base.if","nodeName":"If","nodeId":"a8f0bf21-8151-4783-a4a5-ac8e38d0da13"}}
{"__type":"$$EventMessageConfirm","confirm":"f968b172-cbb0-46e0-9881-df6b49d711ff","ts":"2026-07-13T17:33:00.866-04:00","source":{"id":"0","name":"eventBus"}}
{"__type":"$$EventMessageNode","id":"a3187882-b89c-4e8f-9451-129cd6e2f206","ts":"2026-07-13T17:33:00.866-04:00","eventName":"n8n.node.started","message":"n8n.node.started","payload":{"workflowId":"4060d0nwMZdXJrUS","workflowName":"alert","executionId":"521","nodeType":"n8n-nodes-base.code","nodeName":"Code in JavaScript1","nodeId":"50b098bd-b40a-4c90-b2d4-eb880777eaff"}}
{"__type":"$$EventMessageConfirm","confirm":"a3187882-b89c-4e8f-9451-129cd6e2f206","ts":"2026-07-13T17:33:00.866-04:00","source":{"id":"0","name":"eventBus"}}
{"__type":"$$EventMessageRunner","id":"28963290-97b4-4e77-bbed-bf11f8efb06a","ts":"2026-07-13T17:33:00.869-04:00","eventName":"n8n.runner.task.requested","message":"n8n.runner.task.requested","payload":{"taskId":"PjGtPtJ4","nodeId":"50b098bd-b40a-4c90-b2d4-eb880777eaff","workflowId":"4060d0nwMZdXJrUS","executionId":"521"}}
{"__type":"$$EventMessageConfirm","confirm":"28963290-97b4-4e77-bbed-bf11f8efb06a","ts":"2026-07-13T17:33:00.869-04:00","source":{"id":"0","name":"eventBus"}}
{"__type":"$$EventMessageRunner","id":"61126cde-e2d7-48bd-ada2-f8c87af9e6d4","ts":"2026-07-13T17:33:00.881-04:00","eventName":"n8n.runner.response.received","message":"n8n.runner.response.received","payload":{"taskId":"PjGtPtJ4","nodeId":"50b098bd-b40a-4c90-b2d4-eb880777eaff","workflowId":"4060d0nwMZdXJrUS","executionId":"521"}}
{"__type":"$$EventMessageConfirm","confirm":"61126cde-e2d7-48bd-ada2-f8c87af9e6d4","ts":"2026-07-13T17:33:00.882-04:00","source":{"id":"0","name":"eventBus"}}
{"__type":"$$EventMessageNode","id":"24a1929c-670f-4fec-9a85-687328aab147","ts":"2026-07-13T17:33:00.882-04:00","eventName":"n8n.node.finished","message":"n8n.node.finished","payload":{"workflowId":"4060d0nwMZdXJrUS","workflowName":"alert","executionId":"521","nodeType":"n8n-nodes-base.code","nodeName":"Code in JavaScript1","nodeId":"50b098bd-b40a-4c90-b2d4-eb880777eaff"}}
{"__type":"$$EventMessageConfirm","confirm":"24a1929c-670f-4fec-9a85-687328aab147","ts":"2026-07-13T17:33:00.882-04:00","source":{"id":"0","name":"eventBus"}}
{"__type":"$$EventMessageWorkflow","id":"acd43b98-82ed-4400-8217-fae13494cbec","ts":"2026-07-13T17:33:00.882-04:00","eventName":"n8n.workflow.success","message":"n8n.workflow.success","payload":{"executionId":"521","success":true,"isManual":false,"mode":"webhook","workflowId":"4060d0nwMZdXJrUS","workflowName":"alert"}}
{"__type":"$$EventMessageConfirm","confirm":"acd43b98-82ed-4400-8217-fae13494cbec","ts":"2026-07-13T17:33:00.882-04:00","source":{"id":"0","name":"eventBus"}}
