{"__type":"$$EventMessageAudit","id":"8a0ba3cf-ee98-48b3-b0d5-d2d9c372cc6d","ts":"2026-07-20T12:21:32.707-04:00","eventName":"n8n.audit.user.login.failed","message":"n8n.audit.user.login.failed","payload":{"authenticationMethod":"email","userEmail":"ndiayesoce212@gmail.com","reason":"wrong credentials"}}
{"__type":"$$EventMessageConfirm","confirm":"8a0ba3cf-ee98-48b3-b0d5-d2d9c372cc6d","ts":"2026-07-20T12:21:32.716-04:00","source":{"id":"0","name":"eventBus"}}
{"__type":"$$EventMessageAudit","id":"fbfd479a-322b-4dc1-b7fd-df00ed7c7fd2","ts":"2026-07-20T12:21:43.650-04:00","eventName":"n8n.audit.user.login.failed","message":"n8n.audit.user.login.failed","payload":{"authenticationMethod":"email","userEmail":"ndiayesoce212@gmail.com","reason":"wrong credentials"}}
{"__type":"$$EventMessageConfirm","confirm":"fbfd479a-322b-4dc1-b7fd-df00ed7c7fd2","ts":"2026-07-20T12:21:43.651-04:00","source":{"id":"0","name":"eventBus"}}
{"__type":"$$EventMessageWorkflow","id":"bfde0a5b-eaf8-4836-9bcf-8e28125b4fb8","ts":"2026-07-20T12:52:10.848-04:00","eventName":"n8n.workflow.started","message":"n8n.workflow.started","payload":{"executionId":"522","workflowId":"csjSBc51yUkh2vRH","isManual":false,"mode":"webhook","workflowName":"fire"}}
{"__type":"$$EventMessageConfirm","confirm":"bfde0a5b-eaf8-4836-9bcf-8e28125b4fb8","ts":"2026-07-20T12:52:10.848-04:00","source":{"id":"0","name":"eventBus"}}
{"__type":"$$EventMessageAudit","id":"edc0be21-8fbc-4134-8251-b2f246850b28","ts":"2026-07-20T12:52:10.850-04:00","eventName":"n8n.audit.workflow.executed","message":"n8n.audit.workflow.executed","payload":{"workflowId":"csjSBc51yUkh2vRH","workflowName":"fire","executionId":"522","source":"webhook"}}
{"__type":"$$EventMessageConfirm","confirm":"edc0be21-8fbc-4134-8251-b2f246850b28","ts":"2026-07-20T12:52:10.850-04:00","source":{"id":"0","name":"eventBus"}}
{"__type":"$$EventMessageNode","id":"5e17e0f7-763a-4bce-8552-77c6913570e8","ts":"2026-07-20T12:52:10.853-04:00","eventName":"n8n.node.started","message":"n8n.node.started","payload":{"workflowId":"csjSBc51yUkh2vRH","workflowName":"fire","executionId":"522","nodeType":"n8n-nodes-base.webhook","nodeName":"Webhook","nodeId":"24e7bc53-ee06-4b53-b753-97a049b3327b"}}
{"__type":"$$EventMessageConfirm","confirm":"5e17e0f7-763a-4bce-8552-77c6913570e8","ts":"2026-07-20T12:52:10.853-04:00","source":{"id":"0","name":"eventBus"}}
{"__type":"$$EventMessageNode","id":"e8b43181-0361-4547-985d-8cd79389726e","ts":"2026-07-20T12:52:10.856-04:00","eventName":"n8n.node.finished","message":"n8n.node.finished","payload":{"workflowId":"csjSBc51yUkh2vRH","workflowName":"fire","executionId":"522","nodeType":"n8n-nodes-base.webhook","nodeName":"Webhook","nodeId":"24e7bc53-ee06-4b53-b753-97a049b3327b"}}
{"__type":"$$EventMessageConfirm","confirm":"e8b43181-0361-4547-985d-8cd79389726e","ts":"2026-07-20T12:52:10.856-04:00","source":{"id":"0","name":"eventBus"}}
{"__type":"$$EventMessageNode","id":"f57dd358-9f1d-40ba-ac5a-23a5dec9495c","ts":"2026-07-20T12:52:10.856-04:00","eventName":"n8n.node.started","message":"n8n.node.started","payload":{"workflowId":"csjSBc51yUkh2vRH","workflowName":"fire","executionId":"522","nodeType":"n8n-nodes-base.code","nodeName":"Code in JavaScript","nodeId":"f271c744-c46c-4766-b045-ed1d8821c40d"}}
{"__type":"$$EventMessageConfirm","confirm":"f57dd358-9f1d-40ba-ac5a-23a5dec9495c","ts":"2026-07-20T12:52:10.856-04:00","source":{"id":"0","name":"eventBus"}}
{"__type":"$$EventMessageRunner","id":"9e23f545-1a14-476c-8025-3f83347380bd","ts":"2026-07-20T12:52:10.877-04:00","eventName":"n8n.runner.task.requested","message":"n8n.runner.task.requested","payload":{"taskId":"IWQilS7i","nodeId":"f271c744-c46c-4766-b045-ed1d8821c40d","workflowId":"csjSBc51yUkh2vRH","executionId":"522"}}
{"__type":"$$EventMessageConfirm","confirm":"9e23f545-1a14-476c-8025-3f83347380bd","ts":"2026-07-20T12:52:10.877-04:00","source":{"id":"0","name":"eventBus"}}
{"__type":"$$EventMessageWorkflow","id":"c1820f25-982b-471c-a8e7-18493a7f5197","ts":"2026-07-20T12:52:11.091-04:00","eventName":"n8n.workflow.started","message":"n8n.workflow.started","payload":{"executionId":"523","workflowId":"4060d0nwMZdXJrUS","isManual":false,"mode":"webhook","workflowName":"alert"}}
{"__type":"$$EventMessageConfirm","confirm":"c1820f25-982b-471c-a8e7-18493a7f5197","ts":"2026-07-20T12:52:11.091-04:00","source":{"id":"0","name":"eventBus"}}
{"__type":"$$EventMessageAudit","id":"1a4fd688-e7c1-4f2f-9232-633e6426b9a9","ts":"2026-07-20T12:52:11.093-04:00","eventName":"n8n.audit.workflow.executed","message":"n8n.audit.workflow.executed","payload":{"workflowId":"4060d0nwMZdXJrUS","workflowName":"alert","executionId":"523","source":"webhook"}}
{"__type":"$$EventMessageConfirm","confirm":"1a4fd688-e7c1-4f2f-9232-633e6426b9a9","ts":"2026-07-20T12:52:11.093-04:00","source":{"id":"0","name":"eventBus"}}
{"__type":"$$EventMessageNode","id":"e62b4ec2-bb17-4fac-9882-3c7583694226","ts":"2026-07-20T12:52:11.095-04:00","eventName":"n8n.node.started","message":"n8n.node.started","payload":{"workflowId":"4060d0nwMZdXJrUS","workflowName":"alert","executionId":"523","nodeType":"n8n-nodes-base.webhook","nodeName":"Webhook","nodeId":"45b9a4be-0184-403c-83f3-41cbd14731c8"}}
{"__type":"$$EventMessageConfirm","confirm":"e62b4ec2-bb17-4fac-9882-3c7583694226","ts":"2026-07-20T12:52:11.095-04:00","source":{"id":"0","name":"eventBus"}}
{"__type":"$$EventMessageNode","id":"ac7d3901-b8f6-4c7a-8c4e-582ee58216d9","ts":"2026-07-20T12:52:11.096-04:00","eventName":"n8n.node.finished","message":"n8n.node.finished","payload":{"workflowId":"4060d0nwMZdXJrUS","workflowName":"alert","executionId":"523","nodeType":"n8n-nodes-base.webhook","nodeName":"Webhook","nodeId":"45b9a4be-0184-403c-83f3-41cbd14731c8"}}
{"__type":"$$EventMessageConfirm","confirm":"ac7d3901-b8f6-4c7a-8c4e-582ee58216d9","ts":"2026-07-20T12:52:11.096-04:00","source":{"id":"0","name":"eventBus"}}
{"__type":"$$EventMessageNode","id":"81da2f0f-2824-408c-b815-957b6eed35ef","ts":"2026-07-20T12:52:11.097-04:00","eventName":"n8n.node.started","message":"n8n.node.started","payload":{"workflowId":"4060d0nwMZdXJrUS","workflowName":"alert","executionId":"523","nodeType":"n8n-nodes-base.code","nodeName":"Code in JavaScript","nodeId":"847e0d93-8488-41ce-97de-68b297df2b47"}}
{"__type":"$$EventMessageConfirm","confirm":"81da2f0f-2824-408c-b815-957b6eed35ef","ts":"2026-07-20T12:52:11.097-04:00","source":{"id":"0","name":"eventBus"}}
{"__type":"$$EventMessageRunner","id":"5c1aad0f-1099-4bb9-ab0e-04bddfc37ca3","ts":"2026-07-20T12:52:11.183-04:00","eventName":"n8n.runner.response.received","message":"n8n.runner.response.received","payload":{"taskId":"IWQilS7i","nodeId":"f271c744-c46c-4766-b045-ed1d8821c40d","workflowId":"csjSBc51yUkh2vRH","executionId":"522"}}
{"__type":"$$EventMessageConfirm","confirm":"5c1aad0f-1099-4bb9-ab0e-04bddfc37ca3","ts":"2026-07-20T12:52:11.183-04:00","source":{"id":"0","name":"eventBus"}}
{"__type":"$$EventMessageNode","id":"2c4ade76-a95c-4397-8f8b-e81050cc578e","ts":"2026-07-20T12:52:11.186-04:00","eventName":"n8n.node.finished","message":"n8n.node.finished","payload":{"workflowId":"csjSBc51yUkh2vRH","workflowName":"fire","executionId":"522","nodeType":"n8n-nodes-base.code","nodeName":"Code in JavaScript","nodeId":"f271c744-c46c-4766-b045-ed1d8821c40d"}}
{"__type":"$$EventMessageConfirm","confirm":"2c4ade76-a95c-4397-8f8b-e81050cc578e","ts":"2026-07-20T12:52:11.186-04:00","source":{"id":"0","name":"eventBus"}}
{"__type":"$$EventMessageNode","id":"0f9f2e44-d95b-4ffe-bb90-97fec91d3eeb","ts":"2026-07-20T12:52:11.187-04:00","eventName":"n8n.node.started","message":"n8n.node.started","payload":{"workflowId":"csjSBc51yUkh2vRH","workflowName":"fire","executionId":"522","nodeType":"n8n-nodes-base.code","nodeName":"Code in JavaScript1","nodeId":"3cd55fa9-d0e9-43ab-b0ba-fe5047c0e593"}}
{"__type":"$$EventMessageConfirm","confirm":"0f9f2e44-d95b-4ffe-bb90-97fec91d3eeb","ts":"2026-07-20T12:52:11.187-04:00","source":{"id":"0","name":"eventBus"}}
{"__type":"$$EventMessageRunner","id":"b97d2839-040d-4499-88ab-6e5aa4fccb24","ts":"2026-07-20T12:52:11.191-04:00","eventName":"n8n.runner.task.requested","message":"n8n.runner.task.requested","payload":{"taskId":"b8lckt0H","nodeId":"847e0d93-8488-41ce-97de-68b297df2b47","workflowId":"4060d0nwMZdXJrUS","executionId":"523"}}
{"__type":"$$EventMessageConfirm","confirm":"b97d2839-040d-4499-88ab-6e5aa4fccb24","ts":"2026-07-20T12:52:11.191-04:00","source":{"id":"0","name":"eventBus"}}
{"__type":"$$EventMessageRunner","id":"c27164bd-b1ac-408d-9b4a-09315ccd580a","ts":"2026-07-20T12:52:11.193-04:00","eventName":"n8n.runner.task.requested","message":"n8n.runner.task.requested","payload":{"taskId":"6w_Rd-NZ","nodeId":"3cd55fa9-d0e9-43ab-b0ba-fe5047c0e593","workflowId":"csjSBc51yUkh2vRH","executionId":"522"}}
{"__type":"$$EventMessageConfirm","confirm":"c27164bd-b1ac-408d-9b4a-09315ccd580a","ts":"2026-07-20T12:52:11.193-04:00","source":{"id":"0","name":"eventBus"}}
{"__type":"$$EventMessageRunner","id":"1d5e5699-c282-45b6-99d3-a3d09493766d","ts":"2026-07-20T12:52:11.210-04:00","eventName":"n8n.runner.response.received","message":"n8n.runner.response.received","payload":{"taskId":"b8lckt0H","nodeId":"847e0d93-8488-41ce-97de-68b297df2b47","workflowId":"4060d0nwMZdXJrUS","executionId":"523"}}
{"__type":"$$EventMessageConfirm","confirm":"1d5e5699-c282-45b6-99d3-a3d09493766d","ts":"2026-07-20T12:52:11.210-04:00","source":{"id":"0","name":"eventBus"}}
{"__type":"$$EventMessageNode","id":"65a3628d-1467-4f99-a34b-c09a57f0b09d","ts":"2026-07-20T12:52:11.211-04:00","eventName":"n8n.node.finished","message":"n8n.node.finished","payload":{"workflowId":"4060d0nwMZdXJrUS","workflowName":"alert","executionId":"523","nodeType":"n8n-nodes-base.code","nodeName":"Code in JavaScript","nodeId":"847e0d93-8488-41ce-97de-68b297df2b47"}}
{"__type":"$$EventMessageConfirm","confirm":"65a3628d-1467-4f99-a34b-c09a57f0b09d","ts":"2026-07-20T12:52:11.211-04:00","source":{"id":"0","name":"eventBus"}}
{"__type":"$$EventMessageNode","id":"99f0b800-9f4d-4215-b3ca-136115078036","ts":"2026-07-20T12:52:11.211-04:00","eventName":"n8n.node.started","message":"n8n.node.started","payload":{"workflowId":"4060d0nwMZdXJrUS","workflowName":"alert","executionId":"523","nodeType":"n8n-nodes-base.if","nodeName":"If","nodeId":"a8f0bf21-8151-4783-a4a5-ac8e38d0da13"}}
{"__type":"$$EventMessageConfirm","confirm":"99f0b800-9f4d-4215-b3ca-136115078036","ts":"2026-07-20T12:52:11.212-04:00","source":{"id":"0","name":"eventBus"}}
{"__type":"$$EventMessageNode","id":"6b0369af-6c42-42f6-ab16-6b392da41700","ts":"2026-07-20T12:52:11.230-04:00","eventName":"n8n.node.finished","message":"n8n.node.finished","payload":{"workflowId":"4060d0nwMZdXJrUS","workflowName":"alert","executionId":"523","nodeType":"n8n-nodes-base.if","nodeName":"If","nodeId":"a8f0bf21-8151-4783-a4a5-ac8e38d0da13"}}
{"__type":"$$EventMessageConfirm","confirm":"6b0369af-6c42-42f6-ab16-6b392da41700","ts":"2026-07-20T12:52:11.231-04:00","source":{"id":"0","name":"eventBus"}}
{"__type":"$$EventMessageNode","id":"1385c0bc-4848-4034-8fd0-47d3aac50bbb","ts":"2026-07-20T12:52:11.231-04:00","eventName":"n8n.node.started","message":"n8n.node.started","payload":{"workflowId":"4060d0nwMZdXJrUS","workflowName":"alert","executionId":"523","nodeType":"n8n-nodes-base.code","nodeName":"Code in JavaScript1","nodeId":"50b098bd-b40a-4c90-b2d4-eb880777eaff"}}
{"__type":"$$EventMessageConfirm","confirm":"1385c0bc-4848-4034-8fd0-47d3aac50bbb","ts":"2026-07-20T12:52:11.232-04:00","source":{"id":"0","name":"eventBus"}}
{"__type":"$$EventMessageRunner","id":"13ed4ac1-f58d-4c3c-bbdf-3e3299dce7b3","ts":"2026-07-20T12:52:11.237-04:00","eventName":"n8n.runner.response.received","message":"n8n.runner.response.received","payload":{"taskId":"6w_Rd-NZ","nodeId":"3cd55fa9-d0e9-43ab-b0ba-fe5047c0e593","workflowId":"csjSBc51yUkh2vRH","executionId":"522"}}
{"__type":"$$EventMessageConfirm","confirm":"13ed4ac1-f58d-4c3c-bbdf-3e3299dce7b3","ts":"2026-07-20T12:52:11.237-04:00","source":{"id":"0","name":"eventBus"}}
{"__type":"$$EventMessageNode","id":"c58bc1a2-8e98-4bc6-8c81-9f519a612ff9","ts":"2026-07-20T12:52:11.238-04:00","eventName":"n8n.node.finished","message":"n8n.node.finished","payload":{"workflowId":"csjSBc51yUkh2vRH","workflowName":"fire","executionId":"522","nodeType":"n8n-nodes-base.code","nodeName":"Code in JavaScript1","nodeId":"3cd55fa9-d0e9-43ab-b0ba-fe5047c0e593"}}
{"__type":"$$EventMessageConfirm","confirm":"c58bc1a2-8e98-4bc6-8c81-9f519a612ff9","ts":"2026-07-20T12:52:11.238-04:00","source":{"id":"0","name":"eventBus"}}
{"__type":"$$EventMessageWorkflow","id":"92f760b8-6e69-4c7b-a1ef-f4ff0b0be40d","ts":"2026-07-20T12:52:11.240-04:00","eventName":"n8n.workflow.success","message":"n8n.workflow.success","payload":{"executionId":"522","success":true,"isManual":false,"mode":"webhook","workflowId":"csjSBc51yUkh2vRH","workflowName":"fire"}}
{"__type":"$$EventMessageConfirm","confirm":"92f760b8-6e69-4c7b-a1ef-f4ff0b0be40d","ts":"2026-07-20T12:52:11.241-04:00","source":{"id":"0","name":"eventBus"}}
{"__type":"$$EventMessageRunner","id":"741321ac-fc2a-478d-a890-67fb996c61c2","ts":"2026-07-20T12:52:11.245-04:00","eventName":"n8n.runner.task.requested","message":"n8n.runner.task.requested","payload":{"taskId":"a5Fe01Eo","nodeId":"50b098bd-b40a-4c90-b2d4-eb880777eaff","workflowId":"4060d0nwMZdXJrUS","executionId":"523"}}
{"__type":"$$EventMessageConfirm","confirm":"741321ac-fc2a-478d-a890-67fb996c61c2","ts":"2026-07-20T12:52:11.246-04:00","source":{"id":"0","name":"eventBus"}}
{"__type":"$$EventMessageRunner","id":"a597c3be-fc4c-42ea-a357-8321c3bd97b0","ts":"2026-07-20T12:52:11.271-04:00","eventName":"n8n.runner.response.received","message":"n8n.runner.response.received","payload":{"taskId":"a5Fe01Eo","nodeId":"50b098bd-b40a-4c90-b2d4-eb880777eaff","workflowId":"4060d0nwMZdXJrUS","executionId":"523"}}
{"__type":"$$EventMessageConfirm","confirm":"a597c3be-fc4c-42ea-a357-8321c3bd97b0","ts":"2026-07-20T12:52:11.272-04:00","source":{"id":"0","name":"eventBus"}}
{"__type":"$$EventMessageNode","id":"950d7acf-5673-414b-8f01-d8cd481e0ef7","ts":"2026-07-20T12:52:11.272-04:00","eventName":"n8n.node.finished","message":"n8n.node.finished","payload":{"workflowId":"4060d0nwMZdXJrUS","workflowName":"alert","executionId":"523","nodeType":"n8n-nodes-base.code","nodeName":"Code in JavaScript1","nodeId":"50b098bd-b40a-4c90-b2d4-eb880777eaff"}}
{"__type":"$$EventMessageConfirm","confirm":"950d7acf-5673-414b-8f01-d8cd481e0ef7","ts":"2026-07-20T12:52:11.273-04:00","source":{"id":"0","name":"eventBus"}}
{"__type":"$$EventMessageWorkflow","id":"6235cd1a-8dcb-4580-a1d6-e9d7f94e4c06","ts":"2026-07-20T12:52:11.273-04:00","eventName":"n8n.workflow.success","message":"n8n.workflow.success","payload":{"executionId":"523","success":true,"isManual":false,"mode":"webhook","workflowId":"4060d0nwMZdXJrUS","workflowName":"alert"}}
{"__type":"$$EventMessageConfirm","confirm":"6235cd1a-8dcb-4580-a1d6-e9d7f94e4c06","ts":"2026-07-20T12:52:11.273-04:00","source":{"id":"0","name":"eventBus"}}
{"__type":"$$EventMessageWorkflow","id":"ca4e7761-e193-4eb4-9c64-7e96fe7dbf8c","ts":"2026-07-20T12:53:27.902-04:00","eventName":"n8n.workflow.started","message":"n8n.workflow.started","payload":{"executionId":"524","workflowId":"csjSBc51yUkh2vRH","isManual":false,"mode":"webhook","workflowName":"fire"}}
{"__type":"$$EventMessageConfirm","confirm":"ca4e7761-e193-4eb4-9c64-7e96fe7dbf8c","ts":"2026-07-20T12:53:27.902-04:00","source":{"id":"0","name":"eventBus"}}
{"__type":"$$EventMessageAudit","id":"6e9f6b8d-0422-4d4e-986c-e14fd5576f3c","ts":"2026-07-20T12:53:27.904-04:00","eventName":"n8n.audit.workflow.executed","message":"n8n.audit.workflow.executed","payload":{"workflowId":"csjSBc51yUkh2vRH","workflowName":"fire","executionId":"524","source":"webhook"}}
{"__type":"$$EventMessageConfirm","confirm":"6e9f6b8d-0422-4d4e-986c-e14fd5576f3c","ts":"2026-07-20T12:53:27.904-04:00","source":{"id":"0","name":"eventBus"}}
{"__type":"$$EventMessageNode","id":"13e6d48b-731a-42ce-968f-4325a9ae7f52","ts":"2026-07-20T12:53:27.906-04:00","eventName":"n8n.node.started","message":"n8n.node.started","payload":{"workflowId":"csjSBc51yUkh2vRH","workflowName":"fire","executionId":"524","nodeType":"n8n-nodes-base.webhook","nodeName":"Webhook","nodeId":"24e7bc53-ee06-4b53-b753-97a049b3327b"}}
{"__type":"$$EventMessageConfirm","confirm":"13e6d48b-731a-42ce-968f-4325a9ae7f52","ts":"2026-07-20T12:53:27.906-04:00","source":{"id":"0","name":"eventBus"}}
{"__type":"$$EventMessageNode","id":"526c8a1c-51a5-4f65-88df-f19a03542b2e","ts":"2026-07-20T12:53:27.907-04:00","eventName":"n8n.node.finished","message":"n8n.node.finished","payload":{"workflowId":"csjSBc51yUkh2vRH","workflowName":"fire","executionId":"524","nodeType":"n8n-nodes-base.webhook","nodeName":"Webhook","nodeId":"24e7bc53-ee06-4b53-b753-97a049b3327b"}}
{"__type":"$$EventMessageConfirm","confirm":"526c8a1c-51a5-4f65-88df-f19a03542b2e","ts":"2026-07-20T12:53:27.908-04:00","source":{"id":"0","name":"eventBus"}}
{"__type":"$$EventMessageNode","id":"ac3920bb-270d-49c4-ac6a-9dd02279a549","ts":"2026-07-20T12:53:27.908-04:00","eventName":"n8n.node.started","message":"n8n.node.started","payload":{"workflowId":"csjSBc51yUkh2vRH","workflowName":"fire","executionId":"524","nodeType":"n8n-nodes-base.code","nodeName":"Code in JavaScript","nodeId":"f271c744-c46c-4766-b045-ed1d8821c40d"}}
{"__type":"$$EventMessageConfirm","confirm":"ac3920bb-270d-49c4-ac6a-9dd02279a549","ts":"2026-07-20T12:53:27.909-04:00","source":{"id":"0","name":"eventBus"}}
{"__type":"$$EventMessageRunner","id":"ac107592-0841-4a77-89bc-b3b0c6e37c74","ts":"2026-07-20T12:53:27.915-04:00","eventName":"n8n.runner.task.requested","message":"n8n.runner.task.requested","payload":{"taskId":"PdXsVNBu","nodeId":"f271c744-c46c-4766-b045-ed1d8821c40d","workflowId":"csjSBc51yUkh2vRH","executionId":"524"}}
{"__type":"$$EventMessageConfirm","confirm":"ac107592-0841-4a77-89bc-b3b0c6e37c74","ts":"2026-07-20T12:53:27.916-04:00","source":{"id":"0","name":"eventBus"}}
{"__type":"$$EventMessageRunner","id":"3cf14b08-3d7e-4161-a16c-a8a7540c61cf","ts":"2026-07-20T12:53:27.959-04:00","eventName":"n8n.runner.response.received","message":"n8n.runner.response.received","payload":{"taskId":"PdXsVNBu","nodeId":"f271c744-c46c-4766-b045-ed1d8821c40d","workflowId":"csjSBc51yUkh2vRH","executionId":"524"}}
{"__type":"$$EventMessageConfirm","confirm":"3cf14b08-3d7e-4161-a16c-a8a7540c61cf","ts":"2026-07-20T12:53:27.959-04:00","source":{"id":"0","name":"eventBus"}}
{"__type":"$$EventMessageNode","id":"8d7446af-7b09-4e10-97e2-614bc5a14b63","ts":"2026-07-20T12:53:27.960-04:00","eventName":"n8n.node.finished","message":"n8n.node.finished","payload":{"workflowId":"csjSBc51yUkh2vRH","workflowName":"fire","executionId":"524","nodeType":"n8n-nodes-base.code","nodeName":"Code in JavaScript","nodeId":"f271c744-c46c-4766-b045-ed1d8821c40d"}}
{"__type":"$$EventMessageConfirm","confirm":"8d7446af-7b09-4e10-97e2-614bc5a14b63","ts":"2026-07-20T12:53:27.960-04:00","source":{"id":"0","name":"eventBus"}}
{"__type":"$$EventMessageNode","id":"30e22e32-db7a-45cb-a5e5-f98ce9c478b9","ts":"2026-07-20T12:53:27.960-04:00","eventName":"n8n.node.started","message":"n8n.node.started","payload":{"workflowId":"csjSBc51yUkh2vRH","workflowName":"fire","executionId":"524","nodeType":"n8n-nodes-base.code","nodeName":"Code in JavaScript1","nodeId":"3cd55fa9-d0e9-43ab-b0ba-fe5047c0e593"}}
{"__type":"$$EventMessageConfirm","confirm":"30e22e32-db7a-45cb-a5e5-f98ce9c478b9","ts":"2026-07-20T12:53:27.961-04:00","source":{"id":"0","name":"eventBus"}}
{"__type":"$$EventMessageRunner","id":"84723f15-df7d-4cb5-82cd-971a63897037","ts":"2026-07-20T12:53:27.965-04:00","eventName":"n8n.runner.task.requested","message":"n8n.runner.task.requested","payload":{"taskId":"E_vEWS8A","nodeId":"3cd55fa9-d0e9-43ab-b0ba-fe5047c0e593","workflowId":"csjSBc51yUkh2vRH","executionId":"524"}}
{"__type":"$$EventMessageConfirm","confirm":"84723f15-df7d-4cb5-82cd-971a63897037","ts":"2026-07-20T12:53:27.965-04:00","source":{"id":"0","name":"eventBus"}}
{"__type":"$$EventMessageRunner","id":"bb1ff449-7494-4d7b-9e78-e42d145cba40","ts":"2026-07-20T12:53:27.978-04:00","eventName":"n8n.runner.response.received","message":"n8n.runner.response.received","payload":{"taskId":"E_vEWS8A","nodeId":"3cd55fa9-d0e9-43ab-b0ba-fe5047c0e593","workflowId":"csjSBc51yUkh2vRH","executionId":"524"}}
{"__type":"$$EventMessageConfirm","confirm":"bb1ff449-7494-4d7b-9e78-e42d145cba40","ts":"2026-07-20T12:53:27.979-04:00","source":{"id":"0","name":"eventBus"}}
{"__type":"$$EventMessageNode","id":"3e5c0741-1ae5-4da0-b771-a6165eb2270f","ts":"2026-07-20T12:53:27.980-04:00","eventName":"n8n.node.finished","message":"n8n.node.finished","payload":{"workflowId":"csjSBc51yUkh2vRH","workflowName":"fire","executionId":"524","nodeType":"n8n-nodes-base.code","nodeName":"Code in JavaScript1","nodeId":"3cd55fa9-d0e9-43ab-b0ba-fe5047c0e593"}}
{"__type":"$$EventMessageConfirm","confirm":"3e5c0741-1ae5-4da0-b771-a6165eb2270f","ts":"2026-07-20T12:53:27.980-04:00","source":{"id":"0","name":"eventBus"}}
{"__type":"$$EventMessageWorkflow","id":"16d0db80-1cbf-449c-8efe-90cb48be420c","ts":"2026-07-20T12:53:27.980-04:00","eventName":"n8n.workflow.success","message":"n8n.workflow.success","payload":{"executionId":"524","success":true,"isManual":false,"mode":"webhook","workflowId":"csjSBc51yUkh2vRH","workflowName":"fire"}}
{"__type":"$$EventMessageConfirm","confirm":"16d0db80-1cbf-449c-8efe-90cb48be420c","ts":"2026-07-20T12:53:27.981-04:00","source":{"id":"0","name":"eventBus"}}
{"__type":"$$EventMessageWorkflow","id":"d84e78de-0d88-48b5-a738-272b9207740e","ts":"2026-07-20T12:53:28.080-04:00","eventName":"n8n.workflow.started","message":"n8n.workflow.started","payload":{"executionId":"525","workflowId":"4060d0nwMZdXJrUS","isManual":false,"mode":"webhook","workflowName":"alert"}}
{"__type":"$$EventMessageConfirm","confirm":"d84e78de-0d88-48b5-a738-272b9207740e","ts":"2026-07-20T12:53:28.080-04:00","source":{"id":"0","name":"eventBus"}}
{"__type":"$$EventMessageAudit","id":"2dea188f-0336-41b9-80ec-c332c5d4f858","ts":"2026-07-20T12:53:28.081-04:00","eventName":"n8n.audit.workflow.executed","message":"n8n.audit.workflow.executed","payload":{"workflowId":"4060d0nwMZdXJrUS","workflowName":"alert","executionId":"525","source":"webhook"}}
{"__type":"$$EventMessageConfirm","confirm":"2dea188f-0336-41b9-80ec-c332c5d4f858","ts":"2026-07-20T12:53:28.081-04:00","source":{"id":"0","name":"eventBus"}}
{"__type":"$$EventMessageNode","id":"a024b5eb-e3bf-44e9-a0d1-85eec304e7b5","ts":"2026-07-20T12:53:28.083-04:00","eventName":"n8n.node.started","message":"n8n.node.started","payload":{"workflowId":"4060d0nwMZdXJrUS","workflowName":"alert","executionId":"525","nodeType":"n8n-nodes-base.webhook","nodeName":"Webhook","nodeId":"45b9a4be-0184-403c-83f3-41cbd14731c8"}}
{"__type":"$$EventMessageConfirm","confirm":"a024b5eb-e3bf-44e9-a0d1-85eec304e7b5","ts":"2026-07-20T12:53:28.083-04:00","source":{"id":"0","name":"eventBus"}}
{"__type":"$$EventMessageNode","id":"09666b1b-2d73-4a9a-897d-73aa3696c7ac","ts":"2026-07-20T12:53:28.084-04:00","eventName":"n8n.node.finished","message":"n8n.node.finished","payload":{"workflowId":"4060d0nwMZdXJrUS","workflowName":"alert","executionId":"525","nodeType":"n8n-nodes-base.webhook","nodeName":"Webhook","nodeId":"45b9a4be-0184-403c-83f3-41cbd14731c8"}}
{"__type":"$$EventMessageConfirm","confirm":"09666b1b-2d73-4a9a-897d-73aa3696c7ac","ts":"2026-07-20T12:53:28.084-04:00","source":{"id":"0","name":"eventBus"}}
{"__type":"$$EventMessageNode","id":"f0706c76-349f-41aa-a50f-ebc282377b1a","ts":"2026-07-20T12:53:28.086-04:00","eventName":"n8n.node.started","message":"n8n.node.started","payload":{"workflowId":"4060d0nwMZdXJrUS","workflowName":"alert","executionId":"525","nodeType":"n8n-nodes-base.code","nodeName":"Code in JavaScript","nodeId":"847e0d93-8488-41ce-97de-68b297df2b47"}}
{"__type":"$$EventMessageConfirm","confirm":"f0706c76-349f-41aa-a50f-ebc282377b1a","ts":"2026-07-20T12:53:28.086-04:00","source":{"id":"0","name":"eventBus"}}
{"__type":"$$EventMessageRunner","id":"90b9d216-3c75-4849-b213-42207cb9fb32","ts":"2026-07-20T12:53:28.090-04:00","eventName":"n8n.runner.task.requested","message":"n8n.runner.task.requested","payload":{"taskId":"7WT_APol","nodeId":"847e0d93-8488-41ce-97de-68b297df2b47","workflowId":"4060d0nwMZdXJrUS","executionId":"525"}}
{"__type":"$$EventMessageConfirm","confirm":"90b9d216-3c75-4849-b213-42207cb9fb32","ts":"2026-07-20T12:53:28.090-04:00","source":{"id":"0","name":"eventBus"}}
{"__type":"$$EventMessageRunner","id":"53103896-7798-458f-b404-36d513dc1cda","ts":"2026-07-20T12:53:28.104-04:00","eventName":"n8n.runner.response.received","message":"n8n.runner.response.received","payload":{"taskId":"7WT_APol","nodeId":"847e0d93-8488-41ce-97de-68b297df2b47","workflowId":"4060d0nwMZdXJrUS","executionId":"525"}}
{"__type":"$$EventMessageConfirm","confirm":"53103896-7798-458f-b404-36d513dc1cda","ts":"2026-07-20T12:53:28.104-04:00","source":{"id":"0","name":"eventBus"}}
{"__type":"$$EventMessageNode","id":"9985ef51-148a-4fcb-958d-57b011abdad4","ts":"2026-07-20T12:53:28.105-04:00","eventName":"n8n.node.finished","message":"n8n.node.finished","payload":{"workflowId":"4060d0nwMZdXJrUS","workflowName":"alert","executionId":"525","nodeType":"n8n-nodes-base.code","nodeName":"Code in JavaScript","nodeId":"847e0d93-8488-41ce-97de-68b297df2b47"}}
{"__type":"$$EventMessageConfirm","confirm":"9985ef51-148a-4fcb-958d-57b011abdad4","ts":"2026-07-20T12:53:28.105-04:00","source":{"id":"0","name":"eventBus"}}
{"__type":"$$EventMessageNode","id":"7fb85e3c-ec68-40a2-89de-665811043564","ts":"2026-07-20T12:53:28.105-04:00","eventName":"n8n.node.started","message":"n8n.node.started","payload":{"workflowId":"4060d0nwMZdXJrUS","workflowName":"alert","executionId":"525","nodeType":"n8n-nodes-base.if","nodeName":"If","nodeId":"a8f0bf21-8151-4783-a4a5-ac8e38d0da13"}}
{"__type":"$$EventMessageConfirm","confirm":"7fb85e3c-ec68-40a2-89de-665811043564","ts":"2026-07-20T12:53:28.105-04:00","source":{"id":"0","name":"eventBus"}}
{"__type":"$$EventMessageNode","id":"c5d2ab71-9c79-4f1b-b857-06e904963e37","ts":"2026-07-20T12:53:28.107-04:00","eventName":"n8n.node.finished","message":"n8n.node.finished","payload":{"workflowId":"4060d0nwMZdXJrUS","workflowName":"alert","executionId":"525","nodeType":"n8n-nodes-base.if","nodeName":"If","nodeId":"a8f0bf21-8151-4783-a4a5-ac8e38d0da13"}}
{"__type":"$$EventMessageConfirm","confirm":"c5d2ab71-9c79-4f1b-b857-06e904963e37","ts":"2026-07-20T12:53:28.107-04:00","source":{"id":"0","name":"eventBus"}}
{"__type":"$$EventMessageNode","id":"c5204670-e874-4079-b2f5-f391a80dc2ab","ts":"2026-07-20T12:53:28.107-04:00","eventName":"n8n.node.started","message":"n8n.node.started","payload":{"workflowId":"4060d0nwMZdXJrUS","workflowName":"alert","executionId":"525","nodeType":"n8n-nodes-base.code","nodeName":"Code in JavaScript1","nodeId":"50b098bd-b40a-4c90-b2d4-eb880777eaff"}}
{"__type":"$$EventMessageConfirm","confirm":"c5204670-e874-4079-b2f5-f391a80dc2ab","ts":"2026-07-20T12:53:28.107-04:00","source":{"id":"0","name":"eventBus"}}
{"__type":"$$EventMessageRunner","id":"40b2df10-c8dd-44dd-aa5b-f05430c76caf","ts":"2026-07-20T12:53:28.109-04:00","eventName":"n8n.runner.task.requested","message":"n8n.runner.task.requested","payload":{"taskId":"sZI7D6ry","nodeId":"50b098bd-b40a-4c90-b2d4-eb880777eaff","workflowId":"4060d0nwMZdXJrUS","executionId":"525"}}
{"__type":"$$EventMessageConfirm","confirm":"40b2df10-c8dd-44dd-aa5b-f05430c76caf","ts":"2026-07-20T12:53:28.110-04:00","source":{"id":"0","name":"eventBus"}}
{"__type":"$$EventMessageRunner","id":"4d0435b7-137f-422b-843c-c807120219a4","ts":"2026-07-20T12:53:28.124-04:00","eventName":"n8n.runner.response.received","message":"n8n.runner.response.received","payload":{"taskId":"sZI7D6ry","nodeId":"50b098bd-b40a-4c90-b2d4-eb880777eaff","workflowId":"4060d0nwMZdXJrUS","executionId":"525"}}
{"__type":"$$EventMessageConfirm","confirm":"4d0435b7-137f-422b-843c-c807120219a4","ts":"2026-07-20T12:53:28.124-04:00","source":{"id":"0","name":"eventBus"}}
{"__type":"$$EventMessageNode","id":"d432abf4-4ef9-4c27-afbc-b014f4881311","ts":"2026-07-20T12:53:28.125-04:00","eventName":"n8n.node.finished","message":"n8n.node.finished","payload":{"workflowId":"4060d0nwMZdXJrUS","workflowName":"alert","executionId":"525","nodeType":"n8n-nodes-base.code","nodeName":"Code in JavaScript1","nodeId":"50b098bd-b40a-4c90-b2d4-eb880777eaff"}}
{"__type":"$$EventMessageConfirm","confirm":"d432abf4-4ef9-4c27-afbc-b014f4881311","ts":"2026-07-20T12:53:28.125-04:00","source":{"id":"0","name":"eventBus"}}
{"__type":"$$EventMessageWorkflow","id":"2fd1e0f7-aa2b-4496-8d3a-a7e4d9f86d1b","ts":"2026-07-20T12:53:28.126-04:00","eventName":"n8n.workflow.success","message":"n8n.workflow.success","payload":{"executionId":"525","success":true,"isManual":false,"mode":"webhook","workflowId":"4060d0nwMZdXJrUS","workflowName":"alert"}}
{"__type":"$$EventMessageConfirm","confirm":"2fd1e0f7-aa2b-4496-8d3a-a7e4d9f86d1b","ts":"2026-07-20T12:53:28.126-04:00","source":{"id":"0","name":"eventBus"}}
{"__type":"$$EventMessageWorkflow","id":"4a235ee8-638a-4bbc-8a42-5cfd2a69561b","ts":"2026-07-20T13:00:13.925-04:00","eventName":"n8n.workflow.started","message":"n8n.workflow.started","payload":{"executionId":"526","workflowId":"5VBKbuuujEvgdIGs","isManual":false,"mode":"webhook","workflowName":"power"}}
{"__type":"$$EventMessageConfirm","confirm":"4a235ee8-638a-4bbc-8a42-5cfd2a69561b","ts":"2026-07-20T13:00:13.925-04:00","source":{"id":"0","name":"eventBus"}}
{"__type":"$$EventMessageAudit","id":"237271c4-4f41-4dba-b61b-7597f3ad62c0","ts":"2026-07-20T13:00:13.927-04:00","eventName":"n8n.audit.workflow.executed","message":"n8n.audit.workflow.executed","payload":{"workflowId":"5VBKbuuujEvgdIGs","workflowName":"power","executionId":"526","source":"webhook"}}
{"__type":"$$EventMessageConfirm","confirm":"237271c4-4f41-4dba-b61b-7597f3ad62c0","ts":"2026-07-20T13:00:13.927-04:00","source":{"id":"0","name":"eventBus"}}
{"__type":"$$EventMessageNode","id":"f8fb1c3c-db29-46de-ba7a-7a40b8ed5e3b","ts":"2026-07-20T13:00:13.928-04:00","eventName":"n8n.node.started","message":"n8n.node.started","payload":{"workflowId":"5VBKbuuujEvgdIGs","workflowName":"power","executionId":"526","nodeType":"n8n-nodes-base.webhook","nodeName":"Webhook","nodeId":"d2f68568-3d63-4615-8950-d51b3313419d"}}
{"__type":"$$EventMessageConfirm","confirm":"f8fb1c3c-db29-46de-ba7a-7a40b8ed5e3b","ts":"2026-07-20T13:00:13.929-04:00","source":{"id":"0","name":"eventBus"}}
{"__type":"$$EventMessageNode","id":"3d78f3b5-4e51-4aec-9f1d-0375411d927f","ts":"2026-07-20T13:00:13.929-04:00","eventName":"n8n.node.finished","message":"n8n.node.finished","payload":{"workflowId":"5VBKbuuujEvgdIGs","workflowName":"power","executionId":"526","nodeType":"n8n-nodes-base.webhook","nodeName":"Webhook","nodeId":"d2f68568-3d63-4615-8950-d51b3313419d"}}
{"__type":"$$EventMessageConfirm","confirm":"3d78f3b5-4e51-4aec-9f1d-0375411d927f","ts":"2026-07-20T13:00:13.930-04:00","source":{"id":"0","name":"eventBus"}}
{"__type":"$$EventMessageNode","id":"5bbe40cd-1992-4fa9-93c0-877059589e17","ts":"2026-07-20T13:00:13.930-04:00","eventName":"n8n.node.started","message":"n8n.node.started","payload":{"workflowId":"5VBKbuuujEvgdIGs","workflowName":"power","executionId":"526","nodeType":"n8n-nodes-base.code","nodeName":"Code in JavaScript","nodeId":"60178211-232e-4f7a-8bd9-97a66e5b9ec0"}}
{"__type":"$$EventMessageConfirm","confirm":"5bbe40cd-1992-4fa9-93c0-877059589e17","ts":"2026-07-20T13:00:13.930-04:00","source":{"id":"0","name":"eventBus"}}
{"__type":"$$EventMessageRunner","id":"0690b4f6-22ea-46ac-adbf-1b40840fde2a","ts":"2026-07-20T13:00:13.935-04:00","eventName":"n8n.runner.task.requested","message":"n8n.runner.task.requested","payload":{"taskId":"jYFdi6wa","nodeId":"60178211-232e-4f7a-8bd9-97a66e5b9ec0","workflowId":"5VBKbuuujEvgdIGs","executionId":"526"}}
{"__type":"$$EventMessageConfirm","confirm":"0690b4f6-22ea-46ac-adbf-1b40840fde2a","ts":"2026-07-20T13:00:13.935-04:00","source":{"id":"0","name":"eventBus"}}
{"__type":"$$EventMessageRunner","id":"9658205b-8607-4068-973e-68cca72c11db","ts":"2026-07-20T13:00:13.973-04:00","eventName":"n8n.runner.response.received","message":"n8n.runner.response.received","payload":{"taskId":"jYFdi6wa","nodeId":"60178211-232e-4f7a-8bd9-97a66e5b9ec0","workflowId":"5VBKbuuujEvgdIGs","executionId":"526"}}
{"__type":"$$EventMessageConfirm","confirm":"9658205b-8607-4068-973e-68cca72c11db","ts":"2026-07-20T13:00:13.974-04:00","source":{"id":"0","name":"eventBus"}}
{"__type":"$$EventMessageNode","id":"182e58fa-9199-4efa-9265-24f80fd27134","ts":"2026-07-20T13:00:13.975-04:00","eventName":"n8n.node.finished","message":"n8n.node.finished","payload":{"workflowId":"5VBKbuuujEvgdIGs","workflowName":"power","executionId":"526","nodeType":"n8n-nodes-base.code","nodeName":"Code in JavaScript","nodeId":"60178211-232e-4f7a-8bd9-97a66e5b9ec0"}}
{"__type":"$$EventMessageConfirm","confirm":"182e58fa-9199-4efa-9265-24f80fd27134","ts":"2026-07-20T13:00:13.975-04:00","source":{"id":"0","name":"eventBus"}}
{"__type":"$$EventMessageNode","id":"b7ffa5d8-2375-487d-9a97-a7294537220a","ts":"2026-07-20T13:00:13.976-04:00","eventName":"n8n.node.started","message":"n8n.node.started","payload":{"workflowId":"5VBKbuuujEvgdIGs","workflowName":"power","executionId":"526","nodeType":"n8n-nodes-base.code","nodeName":"Code in JavaScript1","nodeId":"21ac27dd-d85f-45cb-b48f-eb6a3465a56b"}}
{"__type":"$$EventMessageConfirm","confirm":"b7ffa5d8-2375-487d-9a97-a7294537220a","ts":"2026-07-20T13:00:13.976-04:00","source":{"id":"0","name":"eventBus"}}
{"__type":"$$EventMessageRunner","id":"05842d43-08b1-437a-a352-4120740480cf","ts":"2026-07-20T13:00:13.987-04:00","eventName":"n8n.runner.task.requested","message":"n8n.runner.task.requested","payload":{"taskId":"MlMc69np","nodeId":"21ac27dd-d85f-45cb-b48f-eb6a3465a56b","workflowId":"5VBKbuuujEvgdIGs","executionId":"526"}}
{"__type":"$$EventMessageConfirm","confirm":"05842d43-08b1-437a-a352-4120740480cf","ts":"2026-07-20T13:00:13.988-04:00","source":{"id":"0","name":"eventBus"}}
{"__type":"$$EventMessageRunner","id":"9707198c-1759-4d03-8a72-24f6b8db58e2","ts":"2026-07-20T13:00:14.054-04:00","eventName":"n8n.runner.response.received","message":"n8n.runner.response.received","payload":{"taskId":"MlMc69np","nodeId":"21ac27dd-d85f-45cb-b48f-eb6a3465a56b","workflowId":"5VBKbuuujEvgdIGs","executionId":"526"}}
{"__type":"$$EventMessageConfirm","confirm":"9707198c-1759-4d03-8a72-24f6b8db58e2","ts":"2026-07-20T13:00:14.054-04:00","source":{"id":"0","name":"eventBus"}}
{"__type":"$$EventMessageNode","id":"37456e51-8dbb-406e-af29-d3b9ad98557d","ts":"2026-07-20T13:00:14.055-04:00","eventName":"n8n.node.finished","message":"n8n.node.finished","payload":{"workflowId":"5VBKbuuujEvgdIGs","workflowName":"power","executionId":"526","nodeType":"n8n-nodes-base.code","nodeName":"Code in JavaScript1","nodeId":"21ac27dd-d85f-45cb-b48f-eb6a3465a56b"}}
{"__type":"$$EventMessageConfirm","confirm":"37456e51-8dbb-406e-af29-d3b9ad98557d","ts":"2026-07-20T13:00:14.055-04:00","source":{"id":"0","name":"eventBus"}}
{"__type":"$$EventMessageWorkflow","id":"862995c9-e1eb-422d-852f-f7d255b41c76","ts":"2026-07-20T13:00:14.067-04:00","eventName":"n8n.workflow.success","message":"n8n.workflow.success","payload":{"executionId":"526","success":true,"isManual":false,"mode":"webhook","workflowId":"5VBKbuuujEvgdIGs","workflowName":"power"}}
{"__type":"$$EventMessageConfirm","confirm":"862995c9-e1eb-422d-852f-f7d255b41c76","ts":"2026-07-20T13:00:14.067-04:00","source":{"id":"0","name":"eventBus"}}
{"__type":"$$EventMessageWorkflow","id":"37ee0673-7a5e-4c49-812c-956c2b80b3fa","ts":"2026-07-20T13:00:14.431-04:00","eventName":"n8n.workflow.started","message":"n8n.workflow.started","payload":{"executionId":"527","workflowId":"HyiO9yqvE2q5kmov","isManual":false,"mode":"webhook","workflowName":"hvac"}}
{"__type":"$$EventMessageConfirm","confirm":"37ee0673-7a5e-4c49-812c-956c2b80b3fa","ts":"2026-07-20T13:00:14.431-04:00","source":{"id":"0","name":"eventBus"}}
{"__type":"$$EventMessageAudit","id":"70e86784-1956-4f5b-9102-fac240c54528","ts":"2026-07-20T13:00:14.433-04:00","eventName":"n8n.audit.workflow.executed","message":"n8n.audit.workflow.executed","payload":{"workflowId":"HyiO9yqvE2q5kmov","workflowName":"hvac","executionId":"527","source":"webhook"}}
{"__type":"$$EventMessageConfirm","confirm":"70e86784-1956-4f5b-9102-fac240c54528","ts":"2026-07-20T13:00:14.433-04:00","source":{"id":"0","name":"eventBus"}}
{"__type":"$$EventMessageNode","id":"e936b82c-e61d-4997-af6d-948d694cad43","ts":"2026-07-20T13:00:14.435-04:00","eventName":"n8n.node.started","message":"n8n.node.started","payload":{"workflowId":"HyiO9yqvE2q5kmov","workflowName":"hvac","executionId":"527","nodeType":"n8n-nodes-base.webhook","nodeName":"Webhook","nodeId":"21c4bb7e-a362-421b-819b-e396631df92a"}}
{"__type":"$$EventMessageConfirm","confirm":"e936b82c-e61d-4997-af6d-948d694cad43","ts":"2026-07-20T13:00:14.435-04:00","source":{"id":"0","name":"eventBus"}}
{"__type":"$$EventMessageNode","id":"59657b0e-d445-4265-a1df-7a42975db375","ts":"2026-07-20T13:00:14.436-04:00","eventName":"n8n.node.finished","message":"n8n.node.finished","payload":{"workflowId":"HyiO9yqvE2q5kmov","workflowName":"hvac","executionId":"527","nodeType":"n8n-nodes-base.webhook","nodeName":"Webhook","nodeId":"21c4bb7e-a362-421b-819b-e396631df92a"}}
{"__type":"$$EventMessageConfirm","confirm":"59657b0e-d445-4265-a1df-7a42975db375","ts":"2026-07-20T13:00:14.436-04:00","source":{"id":"0","name":"eventBus"}}
{"__type":"$$EventMessageNode","id":"f9feea9c-df75-4bae-a563-980051db2838","ts":"2026-07-20T13:00:14.437-04:00","eventName":"n8n.node.started","message":"n8n.node.started","payload":{"workflowId":"HyiO9yqvE2q5kmov","workflowName":"hvac","executionId":"527","nodeType":"n8n-nodes-base.code","nodeName":"Code in JavaScript","nodeId":"7f58ebee-2d23-411d-b5ed-d749b73e6774"}}
{"__type":"$$EventMessageConfirm","confirm":"f9feea9c-df75-4bae-a563-980051db2838","ts":"2026-07-20T13:00:14.437-04:00","source":{"id":"0","name":"eventBus"}}
{"__type":"$$EventMessageRunner","id":"48aaa879-2cc8-4c57-89dc-0cefba2330a0","ts":"2026-07-20T13:00:14.448-04:00","eventName":"n8n.runner.task.requested","message":"n8n.runner.task.requested","payload":{"taskId":"z14AK3WZ","nodeId":"7f58ebee-2d23-411d-b5ed-d749b73e6774","workflowId":"HyiO9yqvE2q5kmov","executionId":"527"}}
{"__type":"$$EventMessageConfirm","confirm":"48aaa879-2cc8-4c57-89dc-0cefba2330a0","ts":"2026-07-20T13:00:14.448-04:00","source":{"id":"0","name":"eventBus"}}
{"__type":"$$EventMessageRunner","id":"05dc064a-3e88-4a14-a650-93aa739ed292","ts":"2026-07-20T13:00:14.472-04:00","eventName":"n8n.runner.response.received","message":"n8n.runner.response.received","payload":{"taskId":"z14AK3WZ","nodeId":"7f58ebee-2d23-411d-b5ed-d749b73e6774","workflowId":"HyiO9yqvE2q5kmov","executionId":"527"}}
{"__type":"$$EventMessageConfirm","confirm":"05dc064a-3e88-4a14-a650-93aa739ed292","ts":"2026-07-20T13:00:14.472-04:00","source":{"id":"0","name":"eventBus"}}
{"__type":"$$EventMessageNode","id":"d83dd477-eddb-4db9-83f2-d6149b10dc5d","ts":"2026-07-20T13:00:14.473-04:00","eventName":"n8n.node.finished","message":"n8n.node.finished","payload":{"workflowId":"HyiO9yqvE2q5kmov","workflowName":"hvac","executionId":"527","nodeType":"n8n-nodes-base.code","nodeName":"Code in JavaScript","nodeId":"7f58ebee-2d23-411d-b5ed-d749b73e6774"}}
{"__type":"$$EventMessageConfirm","confirm":"d83dd477-eddb-4db9-83f2-d6149b10dc5d","ts":"2026-07-20T13:00:14.473-04:00","source":{"id":"0","name":"eventBus"}}
{"__type":"$$EventMessageNode","id":"351005dd-c5ca-4a5a-839e-da27c5dafc60","ts":"2026-07-20T13:00:14.473-04:00","eventName":"n8n.node.started","message":"n8n.node.started","payload":{"workflowId":"HyiO9yqvE2q5kmov","workflowName":"hvac","executionId":"527","nodeType":"n8n-nodes-base.code","nodeName":"Code in JavaScript1","nodeId":"60f93297-09f2-4aac-9a87-0874737aa293"}}
{"__type":"$$EventMessageConfirm","confirm":"351005dd-c5ca-4a5a-839e-da27c5dafc60","ts":"2026-07-20T13:00:14.473-04:00","source":{"id":"0","name":"eventBus"}}
{"__type":"$$EventMessageRunner","id":"748d4f98-c44f-4f3f-af38-49b130ed0724","ts":"2026-07-20T13:00:14.475-04:00","eventName":"n8n.runner.task.requested","message":"n8n.runner.task.requested","payload":{"taskId":"NLz13Ald","nodeId":"60f93297-09f2-4aac-9a87-0874737aa293","workflowId":"HyiO9yqvE2q5kmov","executionId":"527"}}
{"__type":"$$EventMessageConfirm","confirm":"748d4f98-c44f-4f3f-af38-49b130ed0724","ts":"2026-07-20T13:00:14.476-04:00","source":{"id":"0","name":"eventBus"}}
{"__type":"$$EventMessageRunner","id":"c5d880a4-2e07-49fb-9b49-e11d083704c5","ts":"2026-07-20T13:00:14.535-04:00","eventName":"n8n.runner.response.received","message":"n8n.runner.response.received","payload":{"taskId":"NLz13Ald","nodeId":"60f93297-09f2-4aac-9a87-0874737aa293","workflowId":"HyiO9yqvE2q5kmov","executionId":"527"}}
{"__type":"$$EventMessageConfirm","confirm":"c5d880a4-2e07-49fb-9b49-e11d083704c5","ts":"2026-07-20T13:00:14.535-04:00","source":{"id":"0","name":"eventBus"}}
{"__type":"$$EventMessageNode","id":"4b4ef1e0-8d7b-4a1d-ba44-a9db631e8200","ts":"2026-07-20T13:00:14.536-04:00","eventName":"n8n.node.finished","message":"n8n.node.finished","payload":{"workflowId":"HyiO9yqvE2q5kmov","workflowName":"hvac","executionId":"527","nodeType":"n8n-nodes-base.code","nodeName":"Code in JavaScript1","nodeId":"60f93297-09f2-4aac-9a87-0874737aa293"}}
{"__type":"$$EventMessageConfirm","confirm":"4b4ef1e0-8d7b-4a1d-ba44-a9db631e8200","ts":"2026-07-20T13:00:14.536-04:00","source":{"id":"0","name":"eventBus"}}
{"__type":"$$EventMessageWorkflow","id":"999a7436-29cb-474a-97b5-8cbfcab93519","ts":"2026-07-20T13:00:14.536-04:00","eventName":"n8n.workflow.success","message":"n8n.workflow.success","payload":{"executionId":"527","success":true,"isManual":false,"mode":"webhook","workflowId":"HyiO9yqvE2q5kmov","workflowName":"hvac"}}
{"__type":"$$EventMessageConfirm","confirm":"999a7436-29cb-474a-97b5-8cbfcab93519","ts":"2026-07-20T13:00:14.536-04:00","source":{"id":"0","name":"eventBus"}}
{"__type":"$$EventMessageWorkflow","id":"27107cd3-ee24-4b09-b472-94f8ffcf4087","ts":"2026-07-20T13:00:14.788-04:00","eventName":"n8n.workflow.started","message":"n8n.workflow.started","payload":{"executionId":"528","workflowId":"4060d0nwMZdXJrUS","isManual":false,"mode":"webhook","workflowName":"alert"}}
{"__type":"$$EventMessageConfirm","confirm":"27107cd3-ee24-4b09-b472-94f8ffcf4087","ts":"2026-07-20T13:00:14.789-04:00","source":{"id":"0","name":"eventBus"}}
{"__type":"$$EventMessageAudit","id":"828a972c-861e-471f-aaca-08fa60fddd05","ts":"2026-07-20T13:00:14.790-04:00","eventName":"n8n.audit.workflow.executed","message":"n8n.audit.workflow.executed","payload":{"workflowId":"4060d0nwMZdXJrUS","workflowName":"alert","executionId":"528","source":"webhook"}}
{"__type":"$$EventMessageConfirm","confirm":"828a972c-861e-471f-aaca-08fa60fddd05","ts":"2026-07-20T13:00:14.790-04:00","source":{"id":"0","name":"eventBus"}}
{"__type":"$$EventMessageNode","id":"b3679720-06f4-4e7e-824b-f71bc205a685","ts":"2026-07-20T13:00:14.801-04:00","eventName":"n8n.node.started","message":"n8n.node.started","payload":{"workflowId":"4060d0nwMZdXJrUS","workflowName":"alert","executionId":"528","nodeType":"n8n-nodes-base.webhook","nodeName":"Webhook","nodeId":"45b9a4be-0184-403c-83f3-41cbd14731c8"}}
{"__type":"$$EventMessageConfirm","confirm":"b3679720-06f4-4e7e-824b-f71bc205a685","ts":"2026-07-20T13:00:14.801-04:00","source":{"id":"0","name":"eventBus"}}
{"__type":"$$EventMessageNode","id":"ebbc4edd-49fa-4b3d-968b-e803939b1934","ts":"2026-07-20T13:00:14.802-04:00","eventName":"n8n.node.finished","message":"n8n.node.finished","payload":{"workflowId":"4060d0nwMZdXJrUS","workflowName":"alert","executionId":"528","nodeType":"n8n-nodes-base.webhook","nodeName":"Webhook","nodeId":"45b9a4be-0184-403c-83f3-41cbd14731c8"}}
{"__type":"$$EventMessageConfirm","confirm":"ebbc4edd-49fa-4b3d-968b-e803939b1934","ts":"2026-07-20T13:00:14.802-04:00","source":{"id":"0","name":"eventBus"}}
{"__type":"$$EventMessageNode","id":"d711f554-06f1-42e0-921a-f7811ec2891d","ts":"2026-07-20T13:00:14.802-04:00","eventName":"n8n.node.started","message":"n8n.node.started","payload":{"workflowId":"4060d0nwMZdXJrUS","workflowName":"alert","executionId":"528","nodeType":"n8n-nodes-base.code","nodeName":"Code in JavaScript","nodeId":"847e0d93-8488-41ce-97de-68b297df2b47"}}
{"__type":"$$EventMessageConfirm","confirm":"d711f554-06f1-42e0-921a-f7811ec2891d","ts":"2026-07-20T13:00:14.803-04:00","source":{"id":"0","name":"eventBus"}}
{"__type":"$$EventMessageRunner","id":"55321d3c-39a1-4917-9360-e502e15a7195","ts":"2026-07-20T13:00:14.805-04:00","eventName":"n8n.runner.task.requested","message":"n8n.runner.task.requested","payload":{"taskId":"00NMgG9m","nodeId":"847e0d93-8488-41ce-97de-68b297df2b47","workflowId":"4060d0nwMZdXJrUS","executionId":"528"}}
{"__type":"$$EventMessageConfirm","confirm":"55321d3c-39a1-4917-9360-e502e15a7195","ts":"2026-07-20T13:00:14.805-04:00","source":{"id":"0","name":"eventBus"}}
{"__type":"$$EventMessageRunner","id":"b7aac035-1c0f-4e64-a7d8-bea18b13926e","ts":"2026-07-20T13:00:14.827-04:00","eventName":"n8n.runner.response.received","message":"n8n.runner.response.received","payload":{"taskId":"00NMgG9m","nodeId":"847e0d93-8488-41ce-97de-68b297df2b47","workflowId":"4060d0nwMZdXJrUS","executionId":"528"}}
{"__type":"$$EventMessageConfirm","confirm":"b7aac035-1c0f-4e64-a7d8-bea18b13926e","ts":"2026-07-20T13:00:14.827-04:00","source":{"id":"0","name":"eventBus"}}
{"__type":"$$EventMessageNode","id":"8548f6c7-0792-40b3-be91-dcd0272f04ac","ts":"2026-07-20T13:00:14.828-04:00","eventName":"n8n.node.finished","message":"n8n.node.finished","payload":{"workflowId":"4060d0nwMZdXJrUS","workflowName":"alert","executionId":"528","nodeType":"n8n-nodes-base.code","nodeName":"Code in JavaScript","nodeId":"847e0d93-8488-41ce-97de-68b297df2b47"}}
{"__type":"$$EventMessageConfirm","confirm":"8548f6c7-0792-40b3-be91-dcd0272f04ac","ts":"2026-07-20T13:00:14.828-04:00","source":{"id":"0","name":"eventBus"}}
{"__type":"$$EventMessageNode","id":"af994f0d-38b5-4d12-b4a0-265e1f5bef85","ts":"2026-07-20T13:00:14.828-04:00","eventName":"n8n.node.started","message":"n8n.node.started","payload":{"workflowId":"4060d0nwMZdXJrUS","workflowName":"alert","executionId":"528","nodeType":"n8n-nodes-base.if","nodeName":"If","nodeId":"a8f0bf21-8151-4783-a4a5-ac8e38d0da13"}}
{"__type":"$$EventMessageConfirm","confirm":"af994f0d-38b5-4d12-b4a0-265e1f5bef85","ts":"2026-07-20T13:00:14.828-04:00","source":{"id":"0","name":"eventBus"}}
{"__type":"$$EventMessageNode","id":"94564686-ce80-4912-b883-0b48d4da6a72","ts":"2026-07-20T13:00:14.831-04:00","eventName":"n8n.node.finished","message":"n8n.node.finished","payload":{"workflowId":"4060d0nwMZdXJrUS","workflowName":"alert","executionId":"528","nodeType":"n8n-nodes-base.if","nodeName":"If","nodeId":"a8f0bf21-8151-4783-a4a5-ac8e38d0da13"}}
{"__type":"$$EventMessageConfirm","confirm":"94564686-ce80-4912-b883-0b48d4da6a72","ts":"2026-07-20T13:00:14.831-04:00","source":{"id":"0","name":"eventBus"}}
{"__type":"$$EventMessageNode","id":"f5c0e615-2f9c-4ab7-8f9f-0c11b88d952e","ts":"2026-07-20T13:00:14.831-04:00","eventName":"n8n.node.started","message":"n8n.node.started","payload":{"workflowId":"4060d0nwMZdXJrUS","workflowName":"alert","executionId":"528","nodeType":"n8n-nodes-base.code","nodeName":"Code in JavaScript1","nodeId":"50b098bd-b40a-4c90-b2d4-eb880777eaff"}}
{"__type":"$$EventMessageConfirm","confirm":"f5c0e615-2f9c-4ab7-8f9f-0c11b88d952e","ts":"2026-07-20T13:00:14.832-04:00","source":{"id":"0","name":"eventBus"}}
{"__type":"$$EventMessageRunner","id":"940dde48-8eb3-40b9-9413-90043f0586c1","ts":"2026-07-20T13:00:14.836-04:00","eventName":"n8n.runner.task.requested","message":"n8n.runner.task.requested","payload":{"taskId":"yPbHYiaO","nodeId":"50b098bd-b40a-4c90-b2d4-eb880777eaff","workflowId":"4060d0nwMZdXJrUS","executionId":"528"}}
{"__type":"$$EventMessageConfirm","confirm":"940dde48-8eb3-40b9-9413-90043f0586c1","ts":"2026-07-20T13:00:14.837-04:00","source":{"id":"0","name":"eventBus"}}
{"__type":"$$EventMessageRunner","id":"cf421e73-00ab-4a1f-953a-f6f54317805a","ts":"2026-07-20T13:00:14.858-04:00","eventName":"n8n.runner.response.received","message":"n8n.runner.response.received","payload":{"taskId":"yPbHYiaO","nodeId":"50b098bd-b40a-4c90-b2d4-eb880777eaff","workflowId":"4060d0nwMZdXJrUS","executionId":"528"}}
{"__type":"$$EventMessageConfirm","confirm":"cf421e73-00ab-4a1f-953a-f6f54317805a","ts":"2026-07-20T13:00:14.859-04:00","source":{"id":"0","name":"eventBus"}}
{"__type":"$$EventMessageNode","id":"324625ee-4f50-41b5-aae5-15bf60d1ba66","ts":"2026-07-20T13:00:14.859-04:00","eventName":"n8n.node.finished","message":"n8n.node.finished","payload":{"workflowId":"4060d0nwMZdXJrUS","workflowName":"alert","executionId":"528","nodeType":"n8n-nodes-base.code","nodeName":"Code in JavaScript1","nodeId":"50b098bd-b40a-4c90-b2d4-eb880777eaff"}}
{"__type":"$$EventMessageConfirm","confirm":"324625ee-4f50-41b5-aae5-15bf60d1ba66","ts":"2026-07-20T13:00:14.859-04:00","source":{"id":"0","name":"eventBus"}}
{"__type":"$$EventMessageWorkflow","id":"c573cb56-b93e-458c-b7cf-419aab31d43b","ts":"2026-07-20T13:00:14.860-04:00","eventName":"n8n.workflow.success","message":"n8n.workflow.success","payload":{"executionId":"528","success":true,"isManual":false,"mode":"webhook","workflowId":"4060d0nwMZdXJrUS","workflowName":"alert"}}
{"__type":"$$EventMessageConfirm","confirm":"c573cb56-b93e-458c-b7cf-419aab31d43b","ts":"2026-07-20T13:00:14.860-04:00","source":{"id":"0","name":"eventBus"}}
{"__type":"$$EventMessageWorkflow","id":"f7feb9ba-97d7-4b72-a518-59e1a12a9d63","ts":"2026-07-20T13:01:14.182-04:00","eventName":"n8n.workflow.started","message":"n8n.workflow.started","payload":{"executionId":"529","workflowId":"5VBKbuuujEvgdIGs","isManual":false,"mode":"webhook","workflowName":"power"}}
{"__type":"$$EventMessageConfirm","confirm":"f7feb9ba-97d7-4b72-a518-59e1a12a9d63","ts":"2026-07-20T13:01:14.182-04:00","source":{"id":"0","name":"eventBus"}}
{"__type":"$$EventMessageAudit","id":"52761c31-5a05-4dc7-b754-64bc1e493b3d","ts":"2026-07-20T13:01:14.184-04:00","eventName":"n8n.audit.workflow.executed","message":"n8n.audit.workflow.executed","payload":{"workflowId":"5VBKbuuujEvgdIGs","workflowName":"power","executionId":"529","source":"webhook"}}
{"__type":"$$EventMessageConfirm","confirm":"52761c31-5a05-4dc7-b754-64bc1e493b3d","ts":"2026-07-20T13:01:14.184-04:00","source":{"id":"0","name":"eventBus"}}
{"__type":"$$EventMessageNode","id":"89652963-565c-486b-a774-ce70c1f927f9","ts":"2026-07-20T13:01:14.186-04:00","eventName":"n8n.node.started","message":"n8n.node.started","payload":{"workflowId":"5VBKbuuujEvgdIGs","workflowName":"power","executionId":"529","nodeType":"n8n-nodes-base.webhook","nodeName":"Webhook","nodeId":"d2f68568-3d63-4615-8950-d51b3313419d"}}
{"__type":"$$EventMessageConfirm","confirm":"89652963-565c-486b-a774-ce70c1f927f9","ts":"2026-07-20T13:01:14.187-04:00","source":{"id":"0","name":"eventBus"}}
{"__type":"$$EventMessageNode","id":"7f1e8ff9-fb48-466e-982e-a6b22038b8ba","ts":"2026-07-20T13:01:14.187-04:00","eventName":"n8n.node.finished","message":"n8n.node.finished","payload":{"workflowId":"5VBKbuuujEvgdIGs","workflowName":"power","executionId":"529","nodeType":"n8n-nodes-base.webhook","nodeName":"Webhook","nodeId":"d2f68568-3d63-4615-8950-d51b3313419d"}}
{"__type":"$$EventMessageConfirm","confirm":"7f1e8ff9-fb48-466e-982e-a6b22038b8ba","ts":"2026-07-20T13:01:14.187-04:00","source":{"id":"0","name":"eventBus"}}
{"__type":"$$EventMessageNode","id":"03df7d81-817e-4594-9c07-16ad6de95a73","ts":"2026-07-20T13:01:14.188-04:00","eventName":"n8n.node.started","message":"n8n.node.started","payload":{"workflowId":"5VBKbuuujEvgdIGs","workflowName":"power","executionId":"529","nodeType":"n8n-nodes-base.code","nodeName":"Code in JavaScript","nodeId":"60178211-232e-4f7a-8bd9-97a66e5b9ec0"}}
{"__type":"$$EventMessageConfirm","confirm":"03df7d81-817e-4594-9c07-16ad6de95a73","ts":"2026-07-20T13:01:14.188-04:00","source":{"id":"0","name":"eventBus"}}
{"__type":"$$EventMessageRunner","id":"a485ac09-4f1f-41f8-9325-3e1ffc61ead4","ts":"2026-07-20T13:01:14.197-04:00","eventName":"n8n.runner.task.requested","message":"n8n.runner.task.requested","payload":{"taskId":"leplaInF","nodeId":"60178211-232e-4f7a-8bd9-97a66e5b9ec0","workflowId":"5VBKbuuujEvgdIGs","executionId":"529"}}
{"__type":"$$EventMessageConfirm","confirm":"a485ac09-4f1f-41f8-9325-3e1ffc61ead4","ts":"2026-07-20T13:01:14.198-04:00","source":{"id":"0","name":"eventBus"}}
{"__type":"$$EventMessageRunner","id":"93f7581a-4aed-427e-9489-fc9b2676a251","ts":"2026-07-20T13:01:14.218-04:00","eventName":"n8n.runner.response.received","message":"n8n.runner.response.received","payload":{"taskId":"leplaInF","nodeId":"60178211-232e-4f7a-8bd9-97a66e5b9ec0","workflowId":"5VBKbuuujEvgdIGs","executionId":"529"}}
{"__type":"$$EventMessageConfirm","confirm":"93f7581a-4aed-427e-9489-fc9b2676a251","ts":"2026-07-20T13:01:14.218-04:00","source":{"id":"0","name":"eventBus"}}
{"__type":"$$EventMessageNode","id":"8aaac142-efa3-4887-9d1b-976706e8c1c5","ts":"2026-07-20T13:01:14.219-04:00","eventName":"n8n.node.finished","message":"n8n.node.finished","payload":{"workflowId":"5VBKbuuujEvgdIGs","workflowName":"power","executionId":"529","nodeType":"n8n-nodes-base.code","nodeName":"Code in JavaScript","nodeId":"60178211-232e-4f7a-8bd9-97a66e5b9ec0"}}
{"__type":"$$EventMessageConfirm","confirm":"8aaac142-efa3-4887-9d1b-976706e8c1c5","ts":"2026-07-20T13:01:14.219-04:00","source":{"id":"0","name":"eventBus"}}
{"__type":"$$EventMessageNode","id":"b1a9b685-f1b1-4f9c-acd5-cc9224b8aa9b","ts":"2026-07-20T13:01:14.219-04:00","eventName":"n8n.node.started","message":"n8n.node.started","payload":{"workflowId":"5VBKbuuujEvgdIGs","workflowName":"power","executionId":"529","nodeType":"n8n-nodes-base.code","nodeName":"Code in JavaScript1","nodeId":"21ac27dd-d85f-45cb-b48f-eb6a3465a56b"}}
{"__type":"$$EventMessageConfirm","confirm":"b1a9b685-f1b1-4f9c-acd5-cc9224b8aa9b","ts":"2026-07-20T13:01:14.219-04:00","source":{"id":"0","name":"eventBus"}}
{"__type":"$$EventMessageRunner","id":"089bd939-03d0-4c97-90ca-05998f56fd00","ts":"2026-07-20T13:01:14.222-04:00","eventName":"n8n.runner.task.requested","message":"n8n.runner.task.requested","payload":{"taskId":"jbQmxlwd","nodeId":"21ac27dd-d85f-45cb-b48f-eb6a3465a56b","workflowId":"5VBKbuuujEvgdIGs","executionId":"529"}}
{"__type":"$$EventMessageConfirm","confirm":"089bd939-03d0-4c97-90ca-05998f56fd00","ts":"2026-07-20T13:01:14.223-04:00","source":{"id":"0","name":"eventBus"}}
{"__type":"$$EventMessageRunner","id":"6175358b-57fd-4fc4-a7e3-6e47f189c6de","ts":"2026-07-20T13:01:14.246-04:00","eventName":"n8n.runner.response.received","message":"n8n.runner.response.received","payload":{"taskId":"jbQmxlwd","nodeId":"21ac27dd-d85f-45cb-b48f-eb6a3465a56b","workflowId":"5VBKbuuujEvgdIGs","executionId":"529"}}
{"__type":"$$EventMessageConfirm","confirm":"6175358b-57fd-4fc4-a7e3-6e47f189c6de","ts":"2026-07-20T13:01:14.246-04:00","source":{"id":"0","name":"eventBus"}}
{"__type":"$$EventMessageNode","id":"4584d662-dcb6-40e0-b645-95f3b89d413e","ts":"2026-07-20T13:01:14.247-04:00","eventName":"n8n.node.finished","message":"n8n.node.finished","payload":{"workflowId":"5VBKbuuujEvgdIGs","workflowName":"power","executionId":"529","nodeType":"n8n-nodes-base.code","nodeName":"Code in JavaScript1","nodeId":"21ac27dd-d85f-45cb-b48f-eb6a3465a56b"}}
{"__type":"$$EventMessageConfirm","confirm":"4584d662-dcb6-40e0-b645-95f3b89d413e","ts":"2026-07-20T13:01:14.247-04:00","source":{"id":"0","name":"eventBus"}}
{"__type":"$$EventMessageWorkflow","id":"b851949b-22b8-428a-aba0-d067f4bac554","ts":"2026-07-20T13:01:14.248-04:00","eventName":"n8n.workflow.success","message":"n8n.workflow.success","payload":{"executionId":"529","success":true,"isManual":false,"mode":"webhook","workflowId":"5VBKbuuujEvgdIGs","workflowName":"power"}}
{"__type":"$$EventMessageConfirm","confirm":"b851949b-22b8-428a-aba0-d067f4bac554","ts":"2026-07-20T13:01:14.248-04:00","source":{"id":"0","name":"eventBus"}}
{"__type":"$$EventMessageWorkflow","id":"feccbdac-8a0e-41a3-ac33-cfffc07e088f","ts":"2026-07-20T13:01:14.383-04:00","eventName":"n8n.workflow.started","message":"n8n.workflow.started","payload":{"executionId":"530","workflowId":"HyiO9yqvE2q5kmov","isManual":false,"mode":"webhook","workflowName":"hvac"}}
{"__type":"$$EventMessageConfirm","confirm":"feccbdac-8a0e-41a3-ac33-cfffc07e088f","ts":"2026-07-20T13:01:14.383-04:00","source":{"id":"0","name":"eventBus"}}
{"__type":"$$EventMessageAudit","id":"c492945c-2fbc-499f-b9ef-ed74a363feca","ts":"2026-07-20T13:01:14.385-04:00","eventName":"n8n.audit.workflow.executed","message":"n8n.audit.workflow.executed","payload":{"workflowId":"HyiO9yqvE2q5kmov","workflowName":"hvac","executionId":"530","source":"webhook"}}
{"__type":"$$EventMessageConfirm","confirm":"c492945c-2fbc-499f-b9ef-ed74a363feca","ts":"2026-07-20T13:01:14.385-04:00","source":{"id":"0","name":"eventBus"}}
{"__type":"$$EventMessageNode","id":"10bc371b-4173-4b7c-8286-22e4e27620d3","ts":"2026-07-20T13:01:14.387-04:00","eventName":"n8n.node.started","message":"n8n.node.started","payload":{"workflowId":"HyiO9yqvE2q5kmov","workflowName":"hvac","executionId":"530","nodeType":"n8n-nodes-base.webhook","nodeName":"Webhook","nodeId":"21c4bb7e-a362-421b-819b-e396631df92a"}}
{"__type":"$$EventMessageConfirm","confirm":"10bc371b-4173-4b7c-8286-22e4e27620d3","ts":"2026-07-20T13:01:14.387-04:00","source":{"id":"0","name":"eventBus"}}
{"__type":"$$EventMessageNode","id":"a6bba784-780f-432f-b4d8-f11e6b0ca8d1","ts":"2026-07-20T13:01:14.389-04:00","eventName":"n8n.node.finished","message":"n8n.node.finished","payload":{"workflowId":"HyiO9yqvE2q5kmov","workflowName":"hvac","executionId":"530","nodeType":"n8n-nodes-base.webhook","nodeName":"Webhook","nodeId":"21c4bb7e-a362-421b-819b-e396631df92a"}}
{"__type":"$$EventMessageConfirm","confirm":"a6bba784-780f-432f-b4d8-f11e6b0ca8d1","ts":"2026-07-20T13:01:14.389-04:00","source":{"id":"0","name":"eventBus"}}
{"__type":"$$EventMessageNode","id":"12eb2398-d08a-4784-9e94-3cc74c0ea858","ts":"2026-07-20T13:01:14.389-04:00","eventName":"n8n.node.started","message":"n8n.node.started","payload":{"workflowId":"HyiO9yqvE2q5kmov","workflowName":"hvac","executionId":"530","nodeType":"n8n-nodes-base.code","nodeName":"Code in JavaScript","nodeId":"7f58ebee-2d23-411d-b5ed-d749b73e6774"}}
{"__type":"$$EventMessageConfirm","confirm":"12eb2398-d08a-4784-9e94-3cc74c0ea858","ts":"2026-07-20T13:01:14.389-04:00","source":{"id":"0","name":"eventBus"}}
{"__type":"$$EventMessageRunner","id":"bbb01177-7044-4db2-be43-f6a38268c861","ts":"2026-07-20T13:01:14.392-04:00","eventName":"n8n.runner.task.requested","message":"n8n.runner.task.requested","payload":{"taskId":"JGZBX2uN","nodeId":"7f58ebee-2d23-411d-b5ed-d749b73e6774","workflowId":"HyiO9yqvE2q5kmov","executionId":"530"}}
{"__type":"$$EventMessageConfirm","confirm":"bbb01177-7044-4db2-be43-f6a38268c861","ts":"2026-07-20T13:01:14.392-04:00","source":{"id":"0","name":"eventBus"}}
{"__type":"$$EventMessageRunner","id":"cf800090-f93c-487e-b2d1-68182779281a","ts":"2026-07-20T13:01:14.411-04:00","eventName":"n8n.runner.response.received","message":"n8n.runner.response.received","payload":{"taskId":"JGZBX2uN","nodeId":"7f58ebee-2d23-411d-b5ed-d749b73e6774","workflowId":"HyiO9yqvE2q5kmov","executionId":"530"}}
{"__type":"$$EventMessageConfirm","confirm":"cf800090-f93c-487e-b2d1-68182779281a","ts":"2026-07-20T13:01:14.412-04:00","source":{"id":"0","name":"eventBus"}}
{"__type":"$$EventMessageNode","id":"4ba6f68a-3fb1-48bb-a543-0ee688e0dd48","ts":"2026-07-20T13:01:14.412-04:00","eventName":"n8n.node.finished","message":"n8n.node.finished","payload":{"workflowId":"HyiO9yqvE2q5kmov","workflowName":"hvac","executionId":"530","nodeType":"n8n-nodes-base.code","nodeName":"Code in JavaScript","nodeId":"7f58ebee-2d23-411d-b5ed-d749b73e6774"}}
{"__type":"$$EventMessageConfirm","confirm":"4ba6f68a-3fb1-48bb-a543-0ee688e0dd48","ts":"2026-07-20T13:01:14.413-04:00","source":{"id":"0","name":"eventBus"}}
{"__type":"$$EventMessageNode","id":"83f65c12-d351-4f2a-82a6-87c9a53c8296","ts":"2026-07-20T13:01:14.413-04:00","eventName":"n8n.node.started","message":"n8n.node.started","payload":{"workflowId":"HyiO9yqvE2q5kmov","workflowName":"hvac","executionId":"530","nodeType":"n8n-nodes-base.code","nodeName":"Code in JavaScript1","nodeId":"60f93297-09f2-4aac-9a87-0874737aa293"}}
{"__type":"$$EventMessageConfirm","confirm":"83f65c12-d351-4f2a-82a6-87c9a53c8296","ts":"2026-07-20T13:01:14.414-04:00","source":{"id":"0","name":"eventBus"}}
{"__type":"$$EventMessageRunner","id":"78fe2f17-844f-41ed-84fd-8aa650f74a40","ts":"2026-07-20T13:01:14.432-04:00","eventName":"n8n.runner.task.requested","message":"n8n.runner.task.requested","payload":{"taskId":"1bvcRAMs","nodeId":"60f93297-09f2-4aac-9a87-0874737aa293","workflowId":"HyiO9yqvE2q5kmov","executionId":"530"}}
{"__type":"$$EventMessageConfirm","confirm":"78fe2f17-844f-41ed-84fd-8aa650f74a40","ts":"2026-07-20T13:01:14.432-04:00","source":{"id":"0","name":"eventBus"}}
{"__type":"$$EventMessageRunner","id":"c0863ee8-cf0e-4566-840a-6d6fa161e9f9","ts":"2026-07-20T13:01:14.474-04:00","eventName":"n8n.runner.response.received","message":"n8n.runner.response.received","payload":{"taskId":"1bvcRAMs","nodeId":"60f93297-09f2-4aac-9a87-0874737aa293","workflowId":"HyiO9yqvE2q5kmov","executionId":"530"}}
{"__type":"$$EventMessageConfirm","confirm":"c0863ee8-cf0e-4566-840a-6d6fa161e9f9","ts":"2026-07-20T13:01:14.474-04:00","source":{"id":"0","name":"eventBus"}}
{"__type":"$$EventMessageNode","id":"20f56adc-b62d-4e96-91f2-058b8fbec0eb","ts":"2026-07-20T13:01:14.475-04:00","eventName":"n8n.node.finished","message":"n8n.node.finished","payload":{"workflowId":"HyiO9yqvE2q5kmov","workflowName":"hvac","executionId":"530","nodeType":"n8n-nodes-base.code","nodeName":"Code in JavaScript1","nodeId":"60f93297-09f2-4aac-9a87-0874737aa293"}}
{"__type":"$$EventMessageConfirm","confirm":"20f56adc-b62d-4e96-91f2-058b8fbec0eb","ts":"2026-07-20T13:01:14.475-04:00","source":{"id":"0","name":"eventBus"}}
{"__type":"$$EventMessageWorkflow","id":"9a183fcb-1be2-4fee-8d08-7691b4025731","ts":"2026-07-20T13:01:14.476-04:00","eventName":"n8n.workflow.success","message":"n8n.workflow.success","payload":{"executionId":"530","success":true,"isManual":false,"mode":"webhook","workflowId":"HyiO9yqvE2q5kmov","workflowName":"hvac"}}
{"__type":"$$EventMessageConfirm","confirm":"9a183fcb-1be2-4fee-8d08-7691b4025731","ts":"2026-07-20T13:01:14.476-04:00","source":{"id":"0","name":"eventBus"}}
{"__type":"$$EventMessageWorkflow","id":"ed5555e5-9d31-40e1-a02e-0d3c8a7073d9","ts":"2026-07-20T13:01:14.610-04:00","eventName":"n8n.workflow.started","message":"n8n.workflow.started","payload":{"executionId":"531","workflowId":"4060d0nwMZdXJrUS","isManual":false,"mode":"webhook","workflowName":"alert"}}
{"__type":"$$EventMessageConfirm","confirm":"ed5555e5-9d31-40e1-a02e-0d3c8a7073d9","ts":"2026-07-20T13:01:14.610-04:00","source":{"id":"0","name":"eventBus"}}
{"__type":"$$EventMessageAudit","id":"0809998e-99b8-4d40-94c4-603d17db042b","ts":"2026-07-20T13:01:14.611-04:00","eventName":"n8n.audit.workflow.executed","message":"n8n.audit.workflow.executed","payload":{"workflowId":"4060d0nwMZdXJrUS","workflowName":"alert","executionId":"531","source":"webhook"}}
{"__type":"$$EventMessageConfirm","confirm":"0809998e-99b8-4d40-94c4-603d17db042b","ts":"2026-07-20T13:01:14.611-04:00","source":{"id":"0","name":"eventBus"}}
{"__type":"$$EventMessageNode","id":"41e47ef0-58fc-4347-8445-d96219a529a0","ts":"2026-07-20T13:01:14.613-04:00","eventName":"n8n.node.started","message":"n8n.node.started","payload":{"workflowId":"4060d0nwMZdXJrUS","workflowName":"alert","executionId":"531","nodeType":"n8n-nodes-base.webhook","nodeName":"Webhook","nodeId":"45b9a4be-0184-403c-83f3-41cbd14731c8"}}
{"__type":"$$EventMessageConfirm","confirm":"41e47ef0-58fc-4347-8445-d96219a529a0","ts":"2026-07-20T13:01:14.613-04:00","source":{"id":"0","name":"eventBus"}}
{"__type":"$$EventMessageNode","id":"ff4bd8a6-bc0d-4287-b976-bdf7fad7dea3","ts":"2026-07-20T13:01:14.613-04:00","eventName":"n8n.node.finished","message":"n8n.node.finished","payload":{"workflowId":"4060d0nwMZdXJrUS","workflowName":"alert","executionId":"531","nodeType":"n8n-nodes-base.webhook","nodeName":"Webhook","nodeId":"45b9a4be-0184-403c-83f3-41cbd14731c8"}}
{"__type":"$$EventMessageConfirm","confirm":"ff4bd8a6-bc0d-4287-b976-bdf7fad7dea3","ts":"2026-07-20T13:01:14.613-04:00","source":{"id":"0","name":"eventBus"}}
{"__type":"$$EventMessageNode","id":"40d84519-4ba5-468c-b6be-4369d295661f","ts":"2026-07-20T13:01:14.614-04:00","eventName":"n8n.node.started","message":"n8n.node.started","payload":{"workflowId":"4060d0nwMZdXJrUS","workflowName":"alert","executionId":"531","nodeType":"n8n-nodes-base.code","nodeName":"Code in JavaScript","nodeId":"847e0d93-8488-41ce-97de-68b297df2b47"}}
{"__type":"$$EventMessageConfirm","confirm":"40d84519-4ba5-468c-b6be-4369d295661f","ts":"2026-07-20T13:01:14.614-04:00","source":{"id":"0","name":"eventBus"}}
{"__type":"$$EventMessageRunner","id":"f3e49f73-e3a3-4e19-86c8-472c064bff03","ts":"2026-07-20T13:01:14.625-04:00","eventName":"n8n.runner.task.requested","message":"n8n.runner.task.requested","payload":{"taskId":"X061vdUR","nodeId":"847e0d93-8488-41ce-97de-68b297df2b47","workflowId":"4060d0nwMZdXJrUS","executionId":"531"}}
{"__type":"$$EventMessageConfirm","confirm":"f3e49f73-e3a3-4e19-86c8-472c064bff03","ts":"2026-07-20T13:01:14.625-04:00","source":{"id":"0","name":"eventBus"}}
{"__type":"$$EventMessageRunner","id":"c9aebb18-b539-4c1c-b3b8-06a7aff6fbf4","ts":"2026-07-20T13:01:14.636-04:00","eventName":"n8n.runner.response.received","message":"n8n.runner.response.received","payload":{"taskId":"X061vdUR","nodeId":"847e0d93-8488-41ce-97de-68b297df2b47","workflowId":"4060d0nwMZdXJrUS","executionId":"531"}}
{"__type":"$$EventMessageConfirm","confirm":"c9aebb18-b539-4c1c-b3b8-06a7aff6fbf4","ts":"2026-07-20T13:01:14.636-04:00","source":{"id":"0","name":"eventBus"}}
{"__type":"$$EventMessageNode","id":"f2383697-d1a1-4254-a566-3382adb97f08","ts":"2026-07-20T13:01:14.636-04:00","eventName":"n8n.node.finished","message":"n8n.node.finished","payload":{"workflowId":"4060d0nwMZdXJrUS","workflowName":"alert","executionId":"531","nodeType":"n8n-nodes-base.code","nodeName":"Code in JavaScript","nodeId":"847e0d93-8488-41ce-97de-68b297df2b47"}}
{"__type":"$$EventMessageConfirm","confirm":"f2383697-d1a1-4254-a566-3382adb97f08","ts":"2026-07-20T13:01:14.637-04:00","source":{"id":"0","name":"eventBus"}}
{"__type":"$$EventMessageNode","id":"909b8605-2f5f-45e6-823e-d5ac6ac8bd26","ts":"2026-07-20T13:01:14.637-04:00","eventName":"n8n.node.started","message":"n8n.node.started","payload":{"workflowId":"4060d0nwMZdXJrUS","workflowName":"alert","executionId":"531","nodeType":"n8n-nodes-base.if","nodeName":"If","nodeId":"a8f0bf21-8151-4783-a4a5-ac8e38d0da13"}}
{"__type":"$$EventMessageConfirm","confirm":"909b8605-2f5f-45e6-823e-d5ac6ac8bd26","ts":"2026-07-20T13:01:14.637-04:00","source":{"id":"0","name":"eventBus"}}
{"__type":"$$EventMessageNode","id":"161d230a-88e1-479b-8ca0-2182c3ba6551","ts":"2026-07-20T13:01:14.639-04:00","eventName":"n8n.node.finished","message":"n8n.node.finished","payload":{"workflowId":"4060d0nwMZdXJrUS","workflowName":"alert","executionId":"531","nodeType":"n8n-nodes-base.if","nodeName":"If","nodeId":"a8f0bf21-8151-4783-a4a5-ac8e38d0da13"}}
{"__type":"$$EventMessageConfirm","confirm":"161d230a-88e1-479b-8ca0-2182c3ba6551","ts":"2026-07-20T13:01:14.639-04:00","source":{"id":"0","name":"eventBus"}}
{"__type":"$$EventMessageNode","id":"d262da42-9aca-4910-87ae-b3458892f526","ts":"2026-07-20T13:01:14.640-04:00","eventName":"n8n.node.started","message":"n8n.node.started","payload":{"workflowId":"4060d0nwMZdXJrUS","workflowName":"alert","executionId":"531","nodeType":"n8n-nodes-base.code","nodeName":"Code in JavaScript1","nodeId":"50b098bd-b40a-4c90-b2d4-eb880777eaff"}}
{"__type":"$$EventMessageConfirm","confirm":"d262da42-9aca-4910-87ae-b3458892f526","ts":"2026-07-20T13:01:14.640-04:00","source":{"id":"0","name":"eventBus"}}
{"__type":"$$EventMessageRunner","id":"599703a1-1fe5-4274-b998-0c08a8cb0272","ts":"2026-07-20T13:01:14.642-04:00","eventName":"n8n.runner.task.requested","message":"n8n.runner.task.requested","payload":{"taskId":"6K0o-IMQ","nodeId":"50b098bd-b40a-4c90-b2d4-eb880777eaff","workflowId":"4060d0nwMZdXJrUS","executionId":"531"}}
{"__type":"$$EventMessageConfirm","confirm":"599703a1-1fe5-4274-b998-0c08a8cb0272","ts":"2026-07-20T13:01:14.642-04:00","source":{"id":"0","name":"eventBus"}}
{"__type":"$$EventMessageRunner","id":"4c4af8e8-7437-469c-a8bc-0e54e103067d","ts":"2026-07-20T13:01:14.671-04:00","eventName":"n8n.runner.response.received","message":"n8n.runner.response.received","payload":{"taskId":"6K0o-IMQ","nodeId":"50b098bd-b40a-4c90-b2d4-eb880777eaff","workflowId":"4060d0nwMZdXJrUS","executionId":"531"}}
{"__type":"$$EventMessageConfirm","confirm":"4c4af8e8-7437-469c-a8bc-0e54e103067d","ts":"2026-07-20T13:01:14.671-04:00","source":{"id":"0","name":"eventBus"}}
{"__type":"$$EventMessageNode","id":"ec0b61e5-dfe3-4b90-8a6b-682455a2376a","ts":"2026-07-20T13:01:14.671-04:00","eventName":"n8n.node.finished","message":"n8n.node.finished","payload":{"workflowId":"4060d0nwMZdXJrUS","workflowName":"alert","executionId":"531","nodeType":"n8n-nodes-base.code","nodeName":"Code in JavaScript1","nodeId":"50b098bd-b40a-4c90-b2d4-eb880777eaff"}}
{"__type":"$$EventMessageConfirm","confirm":"ec0b61e5-dfe3-4b90-8a6b-682455a2376a","ts":"2026-07-20T13:01:14.672-04:00","source":{"id":"0","name":"eventBus"}}
{"__type":"$$EventMessageWorkflow","id":"cd4eb16f-a7b4-4cba-825a-e2d7a65ba524","ts":"2026-07-20T13:01:14.672-04:00","eventName":"n8n.workflow.success","message":"n8n.workflow.success","payload":{"executionId":"531","success":true,"isManual":false,"mode":"webhook","workflowId":"4060d0nwMZdXJrUS","workflowName":"alert"}}
{"__type":"$$EventMessageConfirm","confirm":"cd4eb16f-a7b4-4cba-825a-e2d7a65ba524","ts":"2026-07-20T13:01:14.672-04:00","source":{"id":"0","name":"eventBus"}}
{"__type":"$$EventMessageWorkflow","id":"317d0574-04b9-403e-a77b-7f643e68855f","ts":"2026-07-20T13:02:39.357-04:00","eventName":"n8n.workflow.started","message":"n8n.workflow.started","payload":{"executionId":"532","workflowId":"csjSBc51yUkh2vRH","isManual":false,"mode":"webhook","workflowName":"fire"}}
{"__type":"$$EventMessageConfirm","confirm":"317d0574-04b9-403e-a77b-7f643e68855f","ts":"2026-07-20T13:02:39.357-04:00","source":{"id":"0","name":"eventBus"}}
{"__type":"$$EventMessageAudit","id":"36201d9d-3e30-4207-b6ef-a78fce130599","ts":"2026-07-20T13:02:39.359-04:00","eventName":"n8n.audit.workflow.executed","message":"n8n.audit.workflow.executed","payload":{"workflowId":"csjSBc51yUkh2vRH","workflowName":"fire","executionId":"532","source":"webhook"}}
{"__type":"$$EventMessageConfirm","confirm":"36201d9d-3e30-4207-b6ef-a78fce130599","ts":"2026-07-20T13:02:39.359-04:00","source":{"id":"0","name":"eventBus"}}
{"__type":"$$EventMessageNode","id":"af00a5cb-44d3-468a-9072-c5fe2d02b20b","ts":"2026-07-20T13:02:39.362-04:00","eventName":"n8n.node.started","message":"n8n.node.started","payload":{"workflowId":"csjSBc51yUkh2vRH","workflowName":"fire","executionId":"532","nodeType":"n8n-nodes-base.webhook","nodeName":"Webhook","nodeId":"24e7bc53-ee06-4b53-b753-97a049b3327b"}}
{"__type":"$$EventMessageConfirm","confirm":"af00a5cb-44d3-468a-9072-c5fe2d02b20b","ts":"2026-07-20T13:02:39.362-04:00","source":{"id":"0","name":"eventBus"}}
{"__type":"$$EventMessageNode","id":"461aebfe-abc6-496f-8acb-2ef52247d6ac","ts":"2026-07-20T13:02:39.363-04:00","eventName":"n8n.node.finished","message":"n8n.node.finished","payload":{"workflowId":"csjSBc51yUkh2vRH","workflowName":"fire","executionId":"532","nodeType":"n8n-nodes-base.webhook","nodeName":"Webhook","nodeId":"24e7bc53-ee06-4b53-b753-97a049b3327b"}}
{"__type":"$$EventMessageConfirm","confirm":"461aebfe-abc6-496f-8acb-2ef52247d6ac","ts":"2026-07-20T13:02:39.363-04:00","source":{"id":"0","name":"eventBus"}}
{"__type":"$$EventMessageNode","id":"97a360fe-523f-41df-a392-348364d9645c","ts":"2026-07-20T13:02:39.363-04:00","eventName":"n8n.node.started","message":"n8n.node.started","payload":{"workflowId":"csjSBc51yUkh2vRH","workflowName":"fire","executionId":"532","nodeType":"n8n-nodes-base.code","nodeName":"Code in JavaScript","nodeId":"f271c744-c46c-4766-b045-ed1d8821c40d"}}
{"__type":"$$EventMessageConfirm","confirm":"97a360fe-523f-41df-a392-348364d9645c","ts":"2026-07-20T13:02:39.363-04:00","source":{"id":"0","name":"eventBus"}}
{"__type":"$$EventMessageRunner","id":"2885e794-a896-4bfc-b972-bad1fdd05cf9","ts":"2026-07-20T13:02:39.375-04:00","eventName":"n8n.runner.task.requested","message":"n8n.runner.task.requested","payload":{"taskId":"yU8CfW4u","nodeId":"f271c744-c46c-4766-b045-ed1d8821c40d","workflowId":"csjSBc51yUkh2vRH","executionId":"532"}}
{"__type":"$$EventMessageConfirm","confirm":"2885e794-a896-4bfc-b972-bad1fdd05cf9","ts":"2026-07-20T13:02:39.375-04:00","source":{"id":"0","name":"eventBus"}}
{"__type":"$$EventMessageRunner","id":"a00469ba-6656-4062-bdfe-c3b3b1467d3c","ts":"2026-07-20T13:02:39.395-04:00","eventName":"n8n.runner.response.received","message":"n8n.runner.response.received","payload":{"taskId":"yU8CfW4u","nodeId":"f271c744-c46c-4766-b045-ed1d8821c40d","workflowId":"csjSBc51yUkh2vRH","executionId":"532"}}
{"__type":"$$EventMessageConfirm","confirm":"a00469ba-6656-4062-bdfe-c3b3b1467d3c","ts":"2026-07-20T13:02:39.395-04:00","source":{"id":"0","name":"eventBus"}}
{"__type":"$$EventMessageNode","id":"36025000-e304-46ae-89d6-a1adcc79af30","ts":"2026-07-20T13:02:39.395-04:00","eventName":"n8n.node.finished","message":"n8n.node.finished","payload":{"workflowId":"csjSBc51yUkh2vRH","workflowName":"fire","executionId":"532","nodeType":"n8n-nodes-base.code","nodeName":"Code in JavaScript","nodeId":"f271c744-c46c-4766-b045-ed1d8821c40d"}}
{"__type":"$$EventMessageConfirm","confirm":"36025000-e304-46ae-89d6-a1adcc79af30","ts":"2026-07-20T13:02:39.396-04:00","source":{"id":"0","name":"eventBus"}}
{"__type":"$$EventMessageNode","id":"10cd102a-3cb6-4f12-9235-726df97ccc60","ts":"2026-07-20T13:02:39.396-04:00","eventName":"n8n.node.started","message":"n8n.node.started","payload":{"workflowId":"csjSBc51yUkh2vRH","workflowName":"fire","executionId":"532","nodeType":"n8n-nodes-base.code","nodeName":"Code in JavaScript1","nodeId":"3cd55fa9-d0e9-43ab-b0ba-fe5047c0e593"}}
{"__type":"$$EventMessageConfirm","confirm":"10cd102a-3cb6-4f12-9235-726df97ccc60","ts":"2026-07-20T13:02:39.396-04:00","source":{"id":"0","name":"eventBus"}}
{"__type":"$$EventMessageRunner","id":"aae90d8f-d023-4261-baae-a1fe27934eb8","ts":"2026-07-20T13:02:39.398-04:00","eventName":"n8n.runner.task.requested","message":"n8n.runner.task.requested","payload":{"taskId":"KS3y0RcS","nodeId":"3cd55fa9-d0e9-43ab-b0ba-fe5047c0e593","workflowId":"csjSBc51yUkh2vRH","executionId":"532"}}
{"__type":"$$EventMessageConfirm","confirm":"aae90d8f-d023-4261-baae-a1fe27934eb8","ts":"2026-07-20T13:02:39.398-04:00","source":{"id":"0","name":"eventBus"}}
{"__type":"$$EventMessageRunner","id":"417902ac-3231-4610-ae52-e20ff8bb591e","ts":"2026-07-20T13:02:39.423-04:00","eventName":"n8n.runner.response.received","message":"n8n.runner.response.received","payload":{"taskId":"KS3y0RcS","nodeId":"3cd55fa9-d0e9-43ab-b0ba-fe5047c0e593","workflowId":"csjSBc51yUkh2vRH","executionId":"532"}}
{"__type":"$$EventMessageConfirm","confirm":"417902ac-3231-4610-ae52-e20ff8bb591e","ts":"2026-07-20T13:02:39.423-04:00","source":{"id":"0","name":"eventBus"}}
{"__type":"$$EventMessageNode","id":"cf7d6905-6fa3-4775-b87a-9f89e6dc7dd5","ts":"2026-07-20T13:02:39.423-04:00","eventName":"n8n.node.finished","message":"n8n.node.finished","payload":{"workflowId":"csjSBc51yUkh2vRH","workflowName":"fire","executionId":"532","nodeType":"n8n-nodes-base.code","nodeName":"Code in JavaScript1","nodeId":"3cd55fa9-d0e9-43ab-b0ba-fe5047c0e593"}}
{"__type":"$$EventMessageConfirm","confirm":"cf7d6905-6fa3-4775-b87a-9f89e6dc7dd5","ts":"2026-07-20T13:02:39.424-04:00","source":{"id":"0","name":"eventBus"}}
{"__type":"$$EventMessageWorkflow","id":"a922dd99-2e9d-4866-8455-3c6b7857c0ea","ts":"2026-07-20T13:02:39.424-04:00","eventName":"n8n.workflow.success","message":"n8n.workflow.success","payload":{"executionId":"532","success":true,"isManual":false,"mode":"webhook","workflowId":"csjSBc51yUkh2vRH","workflowName":"fire"}}
{"__type":"$$EventMessageConfirm","confirm":"a922dd99-2e9d-4866-8455-3c6b7857c0ea","ts":"2026-07-20T13:02:39.425-04:00","source":{"id":"0","name":"eventBus"}}
{"__type":"$$EventMessageWorkflow","id":"a162329f-70cb-45f8-b2c3-c25b56ce2f27","ts":"2026-07-20T13:02:41.393-04:00","eventName":"n8n.workflow.started","message":"n8n.workflow.started","payload":{"executionId":"533","workflowId":"4060d0nwMZdXJrUS","isManual":false,"mode":"webhook","workflowName":"alert"}}
{"__type":"$$EventMessageConfirm","confirm":"a162329f-70cb-45f8-b2c3-c25b56ce2f27","ts":"2026-07-20T13:02:41.393-04:00","source":{"id":"0","name":"eventBus"}}
{"__type":"$$EventMessageAudit","id":"2711b765-91f2-4531-8711-8998866602b2","ts":"2026-07-20T13:02:41.394-04:00","eventName":"n8n.audit.workflow.executed","message":"n8n.audit.workflow.executed","payload":{"workflowId":"4060d0nwMZdXJrUS","workflowName":"alert","executionId":"533","source":"webhook"}}
{"__type":"$$EventMessageConfirm","confirm":"2711b765-91f2-4531-8711-8998866602b2","ts":"2026-07-20T13:02:41.394-04:00","source":{"id":"0","name":"eventBus"}}
{"__type":"$$EventMessageNode","id":"fa77abc3-bc22-4573-9e0b-9bef697892fe","ts":"2026-07-20T13:02:41.395-04:00","eventName":"n8n.node.started","message":"n8n.node.started","payload":{"workflowId":"4060d0nwMZdXJrUS","workflowName":"alert","executionId":"533","nodeType":"n8n-nodes-base.webhook","nodeName":"Webhook","nodeId":"45b9a4be-0184-403c-83f3-41cbd14731c8"}}
{"__type":"$$EventMessageConfirm","confirm":"fa77abc3-bc22-4573-9e0b-9bef697892fe","ts":"2026-07-20T13:02:41.405-04:00","source":{"id":"0","name":"eventBus"}}
{"__type":"$$EventMessageNode","id":"a00ed9ea-56ae-426e-8af5-5da589f9b792","ts":"2026-07-20T13:02:41.405-04:00","eventName":"n8n.node.finished","message":"n8n.node.finished","payload":{"workflowId":"4060d0nwMZdXJrUS","workflowName":"alert","executionId":"533","nodeType":"n8n-nodes-base.webhook","nodeName":"Webhook","nodeId":"45b9a4be-0184-403c-83f3-41cbd14731c8"}}
{"__type":"$$EventMessageConfirm","confirm":"a00ed9ea-56ae-426e-8af5-5da589f9b792","ts":"2026-07-20T13:02:41.405-04:00","source":{"id":"0","name":"eventBus"}}
{"__type":"$$EventMessageNode","id":"20cbb107-1a55-466e-9e85-3e7e0a5a918d","ts":"2026-07-20T13:02:41.406-04:00","eventName":"n8n.node.started","message":"n8n.node.started","payload":{"workflowId":"4060d0nwMZdXJrUS","workflowName":"alert","executionId":"533","nodeType":"n8n-nodes-base.code","nodeName":"Code in JavaScript","nodeId":"847e0d93-8488-41ce-97de-68b297df2b47"}}
{"__type":"$$EventMessageConfirm","confirm":"20cbb107-1a55-466e-9e85-3e7e0a5a918d","ts":"2026-07-20T13:02:41.406-04:00","source":{"id":"0","name":"eventBus"}}
{"__type":"$$EventMessageRunner","id":"434abe2b-5fce-4ca1-80af-ca39a804bbfd","ts":"2026-07-20T13:02:41.408-04:00","eventName":"n8n.runner.task.requested","message":"n8n.runner.task.requested","payload":{"taskId":"oI6elZnq","nodeId":"847e0d93-8488-41ce-97de-68b297df2b47","workflowId":"4060d0nwMZdXJrUS","executionId":"533"}}
{"__type":"$$EventMessageConfirm","confirm":"434abe2b-5fce-4ca1-80af-ca39a804bbfd","ts":"2026-07-20T13:02:41.409-04:00","source":{"id":"0","name":"eventBus"}}
{"__type":"$$EventMessageRunner","id":"ef5165c8-f773-41b6-91fa-bba2e5a12ea7","ts":"2026-07-20T13:02:41.421-04:00","eventName":"n8n.runner.response.received","message":"n8n.runner.response.received","payload":{"taskId":"oI6elZnq","nodeId":"847e0d93-8488-41ce-97de-68b297df2b47","workflowId":"4060d0nwMZdXJrUS","executionId":"533"}}
{"__type":"$$EventMessageConfirm","confirm":"ef5165c8-f773-41b6-91fa-bba2e5a12ea7","ts":"2026-07-20T13:02:41.422-04:00","source":{"id":"0","name":"eventBus"}}
{"__type":"$$EventMessageNode","id":"8f1dd580-cbdb-442c-8901-c0b870b36f6f","ts":"2026-07-20T13:02:41.422-04:00","eventName":"n8n.node.finished","message":"n8n.node.finished","payload":{"workflowId":"4060d0nwMZdXJrUS","workflowName":"alert","executionId":"533","nodeType":"n8n-nodes-base.code","nodeName":"Code in JavaScript","nodeId":"847e0d93-8488-41ce-97de-68b297df2b47"}}
{"__type":"$$EventMessageConfirm","confirm":"8f1dd580-cbdb-442c-8901-c0b870b36f6f","ts":"2026-07-20T13:02:41.422-04:00","source":{"id":"0","name":"eventBus"}}
{"__type":"$$EventMessageNode","id":"30cdf1af-f332-4aa4-871e-95bb501e0876","ts":"2026-07-20T13:02:41.422-04:00","eventName":"n8n.node.started","message":"n8n.node.started","payload":{"workflowId":"4060d0nwMZdXJrUS","workflowName":"alert","executionId":"533","nodeType":"n8n-nodes-base.if","nodeName":"If","nodeId":"a8f0bf21-8151-4783-a4a5-ac8e38d0da13"}}
{"__type":"$$EventMessageConfirm","confirm":"30cdf1af-f332-4aa4-871e-95bb501e0876","ts":"2026-07-20T13:02:41.423-04:00","source":{"id":"0","name":"eventBus"}}
{"__type":"$$EventMessageNode","id":"d6c2cf5f-f2ab-4dd1-a2c2-b111b5486449","ts":"2026-07-20T13:02:41.425-04:00","eventName":"n8n.node.finished","message":"n8n.node.finished","payload":{"workflowId":"4060d0nwMZdXJrUS","workflowName":"alert","executionId":"533","nodeType":"n8n-nodes-base.if","nodeName":"If","nodeId":"a8f0bf21-8151-4783-a4a5-ac8e38d0da13"}}
{"__type":"$$EventMessageConfirm","confirm":"d6c2cf5f-f2ab-4dd1-a2c2-b111b5486449","ts":"2026-07-20T13:02:41.425-04:00","source":{"id":"0","name":"eventBus"}}
{"__type":"$$EventMessageNode","id":"308ab1f6-0f76-4ea5-bb71-443a154d4b34","ts":"2026-07-20T13:02:41.426-04:00","eventName":"n8n.node.started","message":"n8n.node.started","payload":{"workflowId":"4060d0nwMZdXJrUS","workflowName":"alert","executionId":"533","nodeType":"n8n-nodes-base.code","nodeName":"Code in JavaScript1","nodeId":"50b098bd-b40a-4c90-b2d4-eb880777eaff"}}
{"__type":"$$EventMessageConfirm","confirm":"308ab1f6-0f76-4ea5-bb71-443a154d4b34","ts":"2026-07-20T13:02:41.426-04:00","source":{"id":"0","name":"eventBus"}}
{"__type":"$$EventMessageRunner","id":"e5ff9733-84f0-462d-a7ec-e221cdf53253","ts":"2026-07-20T13:02:41.437-04:00","eventName":"n8n.runner.task.requested","message":"n8n.runner.task.requested","payload":{"taskId":"3gvw_2Mt","nodeId":"50b098bd-b40a-4c90-b2d4-eb880777eaff","workflowId":"4060d0nwMZdXJrUS","executionId":"533"}}
{"__type":"$$EventMessageConfirm","confirm":"e5ff9733-84f0-462d-a7ec-e221cdf53253","ts":"2026-07-20T13:02:41.437-04:00","source":{"id":"0","name":"eventBus"}}
{"__type":"$$EventMessageRunner","id":"cd7acd7f-96a1-4f50-9926-029d4c173eea","ts":"2026-07-20T13:02:41.452-04:00","eventName":"n8n.runner.response.received","message":"n8n.runner.response.received","payload":{"taskId":"3gvw_2Mt","nodeId":"50b098bd-b40a-4c90-b2d4-eb880777eaff","workflowId":"4060d0nwMZdXJrUS","executionId":"533"}}
{"__type":"$$EventMessageConfirm","confirm":"cd7acd7f-96a1-4f50-9926-029d4c173eea","ts":"2026-07-20T13:02:41.452-04:00","source":{"id":"0","name":"eventBus"}}
{"__type":"$$EventMessageNode","id":"22c803be-57c2-4f19-81a0-67ee33aab18b","ts":"2026-07-20T13:02:41.452-04:00","eventName":"n8n.node.finished","message":"n8n.node.finished","payload":{"workflowId":"4060d0nwMZdXJrUS","workflowName":"alert","executionId":"533","nodeType":"n8n-nodes-base.code","nodeName":"Code in JavaScript1","nodeId":"50b098bd-b40a-4c90-b2d4-eb880777eaff"}}
{"__type":"$$EventMessageConfirm","confirm":"22c803be-57c2-4f19-81a0-67ee33aab18b","ts":"2026-07-20T13:02:41.452-04:00","source":{"id":"0","name":"eventBus"}}
{"__type":"$$EventMessageWorkflow","id":"e6cb5b3d-dfbf-45b8-95ce-9f3f0637d09c","ts":"2026-07-20T13:02:41.453-04:00","eventName":"n8n.workflow.success","message":"n8n.workflow.success","payload":{"executionId":"533","success":true,"isManual":false,"mode":"webhook","workflowId":"4060d0nwMZdXJrUS","workflowName":"alert"}}
{"__type":"$$EventMessageConfirm","confirm":"e6cb5b3d-dfbf-45b8-95ce-9f3f0637d09c","ts":"2026-07-20T13:02:41.453-04:00","source":{"id":"0","name":"eventBus"}}
{"__type":"$$EventMessageWorkflow","id":"cafd3846-2798-47b1-93d1-39e1817dd0d5","ts":"2026-07-20T13:04:28.116-04:00","eventName":"n8n.workflow.started","message":"n8n.workflow.started","payload":{"executionId":"534","workflowId":"5VBKbuuujEvgdIGs","isManual":false,"mode":"webhook","workflowName":"power"}}
{"__type":"$$EventMessageConfirm","confirm":"cafd3846-2798-47b1-93d1-39e1817dd0d5","ts":"2026-07-20T13:04:28.116-04:00","source":{"id":"0","name":"eventBus"}}
{"__type":"$$EventMessageAudit","id":"6b966f36-cfa7-4f0d-bf5c-c9f47a187084","ts":"2026-07-20T13:04:28.117-04:00","eventName":"n8n.audit.workflow.executed","message":"n8n.audit.workflow.executed","payload":{"workflowId":"5VBKbuuujEvgdIGs","workflowName":"power","executionId":"534","source":"webhook"}}
{"__type":"$$EventMessageConfirm","confirm":"6b966f36-cfa7-4f0d-bf5c-c9f47a187084","ts":"2026-07-20T13:04:28.117-04:00","source":{"id":"0","name":"eventBus"}}
{"__type":"$$EventMessageNode","id":"fcf142b7-13b7-472b-9c46-d252a1da9392","ts":"2026-07-20T13:04:28.118-04:00","eventName":"n8n.node.started","message":"n8n.node.started","payload":{"workflowId":"5VBKbuuujEvgdIGs","workflowName":"power","executionId":"534","nodeType":"n8n-nodes-base.webhook","nodeName":"Webhook","nodeId":"d2f68568-3d63-4615-8950-d51b3313419d"}}
{"__type":"$$EventMessageConfirm","confirm":"fcf142b7-13b7-472b-9c46-d252a1da9392","ts":"2026-07-20T13:04:28.118-04:00","source":{"id":"0","name":"eventBus"}}
{"__type":"$$EventMessageNode","id":"6100dc85-aff1-4e9c-9ce3-6a770b20d34c","ts":"2026-07-20T13:04:28.118-04:00","eventName":"n8n.node.finished","message":"n8n.node.finished","payload":{"workflowId":"5VBKbuuujEvgdIGs","workflowName":"power","executionId":"534","nodeType":"n8n-nodes-base.webhook","nodeName":"Webhook","nodeId":"d2f68568-3d63-4615-8950-d51b3313419d"}}
{"__type":"$$EventMessageConfirm","confirm":"6100dc85-aff1-4e9c-9ce3-6a770b20d34c","ts":"2026-07-20T13:04:28.118-04:00","source":{"id":"0","name":"eventBus"}}
{"__type":"$$EventMessageNode","id":"aafb4bcb-e3a8-4cda-b0fb-9e1060a30d6b","ts":"2026-07-20T13:04:28.118-04:00","eventName":"n8n.node.started","message":"n8n.node.started","payload":{"workflowId":"5VBKbuuujEvgdIGs","workflowName":"power","executionId":"534","nodeType":"n8n-nodes-base.code","nodeName":"Code in JavaScript","nodeId":"60178211-232e-4f7a-8bd9-97a66e5b9ec0"}}
{"__type":"$$EventMessageConfirm","confirm":"aafb4bcb-e3a8-4cda-b0fb-9e1060a30d6b","ts":"2026-07-20T13:04:28.118-04:00","source":{"id":"0","name":"eventBus"}}
{"__type":"$$EventMessageRunner","id":"1fc72df5-2cfe-4d01-bf1d-469b7ccb8eec","ts":"2026-07-20T13:04:28.121-04:00","eventName":"n8n.runner.task.requested","message":"n8n.runner.task.requested","payload":{"taskId":"oUsK-brt","nodeId":"60178211-232e-4f7a-8bd9-97a66e5b9ec0","workflowId":"5VBKbuuujEvgdIGs","executionId":"534"}}
{"__type":"$$EventMessageConfirm","confirm":"1fc72df5-2cfe-4d01-bf1d-469b7ccb8eec","ts":"2026-07-20T13:04:28.121-04:00","source":{"id":"0","name":"eventBus"}}
{"__type":"$$EventMessageRunner","id":"73f3e9a3-9b97-4695-902e-b7ec42c82b44","ts":"2026-07-20T13:04:28.138-04:00","eventName":"n8n.runner.response.received","message":"n8n.runner.response.received","payload":{"taskId":"oUsK-brt","nodeId":"60178211-232e-4f7a-8bd9-97a66e5b9ec0","workflowId":"5VBKbuuujEvgdIGs","executionId":"534"}}
{"__type":"$$EventMessageConfirm","confirm":"73f3e9a3-9b97-4695-902e-b7ec42c82b44","ts":"2026-07-20T13:04:28.139-04:00","source":{"id":"0","name":"eventBus"}}
{"__type":"$$EventMessageNode","id":"095f05fb-06ea-4554-81d9-7d2a4b8e004f","ts":"2026-07-20T13:04:28.139-04:00","eventName":"n8n.node.finished","message":"n8n.node.finished","payload":{"workflowId":"5VBKbuuujEvgdIGs","workflowName":"power","executionId":"534","nodeType":"n8n-nodes-base.code","nodeName":"Code in JavaScript","nodeId":"60178211-232e-4f7a-8bd9-97a66e5b9ec0"}}
{"__type":"$$EventMessageConfirm","confirm":"095f05fb-06ea-4554-81d9-7d2a4b8e004f","ts":"2026-07-20T13:04:28.139-04:00","source":{"id":"0","name":"eventBus"}}
{"__type":"$$EventMessageNode","id":"70ba1a74-d728-4d23-abe2-f3fdd79a054d","ts":"2026-07-20T13:04:28.139-04:00","eventName":"n8n.node.started","message":"n8n.node.started","payload":{"workflowId":"5VBKbuuujEvgdIGs","workflowName":"power","executionId":"534","nodeType":"n8n-nodes-base.code","nodeName":"Code in JavaScript1","nodeId":"21ac27dd-d85f-45cb-b48f-eb6a3465a56b"}}
{"__type":"$$EventMessageConfirm","confirm":"70ba1a74-d728-4d23-abe2-f3fdd79a054d","ts":"2026-07-20T13:04:28.139-04:00","source":{"id":"0","name":"eventBus"}}
{"__type":"$$EventMessageRunner","id":"c5ab3dae-5f45-47fe-b088-9e1fca0247e2","ts":"2026-07-20T13:04:28.141-04:00","eventName":"n8n.runner.task.requested","message":"n8n.runner.task.requested","payload":{"taskId":"IPKPiLwu","nodeId":"21ac27dd-d85f-45cb-b48f-eb6a3465a56b","workflowId":"5VBKbuuujEvgdIGs","executionId":"534"}}
{"__type":"$$EventMessageConfirm","confirm":"c5ab3dae-5f45-47fe-b088-9e1fca0247e2","ts":"2026-07-20T13:04:28.142-04:00","source":{"id":"0","name":"eventBus"}}
{"__type":"$$EventMessageRunner","id":"9af80e8e-30f7-4984-bb34-ab9f82d839ff","ts":"2026-07-20T13:04:28.169-04:00","eventName":"n8n.runner.response.received","message":"n8n.runner.response.received","payload":{"taskId":"IPKPiLwu","nodeId":"21ac27dd-d85f-45cb-b48f-eb6a3465a56b","workflowId":"5VBKbuuujEvgdIGs","executionId":"534"}}
{"__type":"$$EventMessageConfirm","confirm":"9af80e8e-30f7-4984-bb34-ab9f82d839ff","ts":"2026-07-20T13:04:28.169-04:00","source":{"id":"0","name":"eventBus"}}
{"__type":"$$EventMessageNode","id":"17433b93-b17f-480c-8098-b7ec32acb045","ts":"2026-07-20T13:04:28.170-04:00","eventName":"n8n.node.finished","message":"n8n.node.finished","payload":{"workflowId":"5VBKbuuujEvgdIGs","workflowName":"power","executionId":"534","nodeType":"n8n-nodes-base.code","nodeName":"Code in JavaScript1","nodeId":"21ac27dd-d85f-45cb-b48f-eb6a3465a56b"}}
{"__type":"$$EventMessageConfirm","confirm":"17433b93-b17f-480c-8098-b7ec32acb045","ts":"2026-07-20T13:04:28.170-04:00","source":{"id":"0","name":"eventBus"}}
{"__type":"$$EventMessageWorkflow","id":"edb48cfa-1bca-4eef-8463-b61997ed2bca","ts":"2026-07-20T13:04:28.170-04:00","eventName":"n8n.workflow.success","message":"n8n.workflow.success","payload":{"executionId":"534","success":true,"isManual":false,"mode":"webhook","workflowId":"5VBKbuuujEvgdIGs","workflowName":"power"}}
{"__type":"$$EventMessageConfirm","confirm":"edb48cfa-1bca-4eef-8463-b61997ed2bca","ts":"2026-07-20T13:04:28.171-04:00","source":{"id":"0","name":"eventBus"}}
{"__type":"$$EventMessageWorkflow","id":"ea25c03d-8527-4d5b-85ef-6ad98d50af35","ts":"2026-07-20T13:04:28.269-04:00","eventName":"n8n.workflow.started","message":"n8n.workflow.started","payload":{"executionId":"535","workflowId":"HyiO9yqvE2q5kmov","isManual":false,"mode":"webhook","workflowName":"hvac"}}
{"__type":"$$EventMessageConfirm","confirm":"ea25c03d-8527-4d5b-85ef-6ad98d50af35","ts":"2026-07-20T13:04:28.269-04:00","source":{"id":"0","name":"eventBus"}}
{"__type":"$$EventMessageAudit","id":"ac12c7fb-49a0-40e7-bd6a-7638062aa636","ts":"2026-07-20T13:04:28.270-04:00","eventName":"n8n.audit.workflow.executed","message":"n8n.audit.workflow.executed","payload":{"workflowId":"HyiO9yqvE2q5kmov","workflowName":"hvac","executionId":"535","source":"webhook"}}
{"__type":"$$EventMessageConfirm","confirm":"ac12c7fb-49a0-40e7-bd6a-7638062aa636","ts":"2026-07-20T13:04:28.270-04:00","source":{"id":"0","name":"eventBus"}}
{"__type":"$$EventMessageNode","id":"f1652c58-51c2-4f26-a3d9-fc36004aad49","ts":"2026-07-20T13:04:28.271-04:00","eventName":"n8n.node.started","message":"n8n.node.started","payload":{"workflowId":"HyiO9yqvE2q5kmov","workflowName":"hvac","executionId":"535","nodeType":"n8n-nodes-base.webhook","nodeName":"Webhook","nodeId":"21c4bb7e-a362-421b-819b-e396631df92a"}}
{"__type":"$$EventMessageConfirm","confirm":"f1652c58-51c2-4f26-a3d9-fc36004aad49","ts":"2026-07-20T13:04:28.271-04:00","source":{"id":"0","name":"eventBus"}}
{"__type":"$$EventMessageNode","id":"82145b65-c16f-48c4-b52d-505d393e90ea","ts":"2026-07-20T13:04:28.271-04:00","eventName":"n8n.node.finished","message":"n8n.node.finished","payload":{"workflowId":"HyiO9yqvE2q5kmov","workflowName":"hvac","executionId":"535","nodeType":"n8n-nodes-base.webhook","nodeName":"Webhook","nodeId":"21c4bb7e-a362-421b-819b-e396631df92a"}}
{"__type":"$$EventMessageConfirm","confirm":"82145b65-c16f-48c4-b52d-505d393e90ea","ts":"2026-07-20T13:04:28.271-04:00","source":{"id":"0","name":"eventBus"}}
{"__type":"$$EventMessageNode","id":"9f4b1cc3-e4a9-4621-810b-5ba98e571bcd","ts":"2026-07-20T13:04:28.272-04:00","eventName":"n8n.node.started","message":"n8n.node.started","payload":{"workflowId":"HyiO9yqvE2q5kmov","workflowName":"hvac","executionId":"535","nodeType":"n8n-nodes-base.code","nodeName":"Code in JavaScript","nodeId":"7f58ebee-2d23-411d-b5ed-d749b73e6774"}}
{"__type":"$$EventMessageConfirm","confirm":"9f4b1cc3-e4a9-4621-810b-5ba98e571bcd","ts":"2026-07-20T13:04:28.272-04:00","source":{"id":"0","name":"eventBus"}}
{"__type":"$$EventMessageRunner","id":"308498bf-0a91-47ff-9b18-a8e389be8182","ts":"2026-07-20T13:04:28.275-04:00","eventName":"n8n.runner.task.requested","message":"n8n.runner.task.requested","payload":{"taskId":"ykaE26EL","nodeId":"7f58ebee-2d23-411d-b5ed-d749b73e6774","workflowId":"HyiO9yqvE2q5kmov","executionId":"535"}}
{"__type":"$$EventMessageConfirm","confirm":"308498bf-0a91-47ff-9b18-a8e389be8182","ts":"2026-07-20T13:04:28.275-04:00","source":{"id":"0","name":"eventBus"}}
{"__type":"$$EventMessageRunner","id":"4a9f4371-543a-4a77-aebf-c5bf3b70ac4f","ts":"2026-07-20T13:04:28.288-04:00","eventName":"n8n.runner.response.received","message":"n8n.runner.response.received","payload":{"taskId":"ykaE26EL","nodeId":"7f58ebee-2d23-411d-b5ed-d749b73e6774","workflowId":"HyiO9yqvE2q5kmov","executionId":"535"}}
{"__type":"$$EventMessageConfirm","confirm":"4a9f4371-543a-4a77-aebf-c5bf3b70ac4f","ts":"2026-07-20T13:04:28.288-04:00","source":{"id":"0","name":"eventBus"}}
{"__type":"$$EventMessageNode","id":"e0c23ac1-1077-4e05-85c7-9894c1d62936","ts":"2026-07-20T13:04:28.288-04:00","eventName":"n8n.node.finished","message":"n8n.node.finished","payload":{"workflowId":"HyiO9yqvE2q5kmov","workflowName":"hvac","executionId":"535","nodeType":"n8n-nodes-base.code","nodeName":"Code in JavaScript","nodeId":"7f58ebee-2d23-411d-b5ed-d749b73e6774"}}
{"__type":"$$EventMessageConfirm","confirm":"e0c23ac1-1077-4e05-85c7-9894c1d62936","ts":"2026-07-20T13:04:28.288-04:00","source":{"id":"0","name":"eventBus"}}
{"__type":"$$EventMessageNode","id":"69ab02b0-0b1e-46f3-b2f8-f37562a18229","ts":"2026-07-20T13:04:28.288-04:00","eventName":"n8n.node.started","message":"n8n.node.started","payload":{"workflowId":"HyiO9yqvE2q5kmov","workflowName":"hvac","executionId":"535","nodeType":"n8n-nodes-base.code","nodeName":"Code in JavaScript1","nodeId":"60f93297-09f2-4aac-9a87-0874737aa293"}}
{"__type":"$$EventMessageConfirm","confirm":"69ab02b0-0b1e-46f3-b2f8-f37562a18229","ts":"2026-07-20T13:04:28.289-04:00","source":{"id":"0","name":"eventBus"}}
{"__type":"$$EventMessageRunner","id":"6fbdfa33-b858-450d-84a9-4cb5fbf7bc19","ts":"2026-07-20T13:04:28.300-04:00","eventName":"n8n.runner.task.requested","message":"n8n.runner.task.requested","payload":{"taskId":"vYWqLs14","nodeId":"60f93297-09f2-4aac-9a87-0874737aa293","workflowId":"HyiO9yqvE2q5kmov","executionId":"535"}}
{"__type":"$$EventMessageConfirm","confirm":"6fbdfa33-b858-450d-84a9-4cb5fbf7bc19","ts":"2026-07-20T13:04:28.300-04:00","source":{"id":"0","name":"eventBus"}}
{"__type":"$$EventMessageRunner","id":"4e98c8fc-3665-4e04-b019-ed8c727f9926","ts":"2026-07-20T13:04:28.320-04:00","eventName":"n8n.runner.response.received","message":"n8n.runner.response.received","payload":{"taskId":"vYWqLs14","nodeId":"60f93297-09f2-4aac-9a87-0874737aa293","workflowId":"HyiO9yqvE2q5kmov","executionId":"535"}}
{"__type":"$$EventMessageConfirm","confirm":"4e98c8fc-3665-4e04-b019-ed8c727f9926","ts":"2026-07-20T13:04:28.321-04:00","source":{"id":"0","name":"eventBus"}}
{"__type":"$$EventMessageNode","id":"6195f905-3b0f-43ac-b2af-7a5876364825","ts":"2026-07-20T13:04:28.322-04:00","eventName":"n8n.node.finished","message":"n8n.node.finished","payload":{"workflowId":"HyiO9yqvE2q5kmov","workflowName":"hvac","executionId":"535","nodeType":"n8n-nodes-base.code","nodeName":"Code in JavaScript1","nodeId":"60f93297-09f2-4aac-9a87-0874737aa293"}}
{"__type":"$$EventMessageConfirm","confirm":"6195f905-3b0f-43ac-b2af-7a5876364825","ts":"2026-07-20T13:04:28.322-04:00","source":{"id":"0","name":"eventBus"}}
{"__type":"$$EventMessageWorkflow","id":"652b34cb-2840-48ba-b9c2-3b3ae4ed581e","ts":"2026-07-20T13:04:28.322-04:00","eventName":"n8n.workflow.success","message":"n8n.workflow.success","payload":{"executionId":"535","success":true,"isManual":false,"mode":"webhook","workflowId":"HyiO9yqvE2q5kmov","workflowName":"hvac"}}
{"__type":"$$EventMessageConfirm","confirm":"652b34cb-2840-48ba-b9c2-3b3ae4ed581e","ts":"2026-07-20T13:04:28.322-04:00","source":{"id":"0","name":"eventBus"}}
{"__type":"$$EventMessageWorkflow","id":"2e2d2f0e-e7d6-4353-80df-6c9da4b85748","ts":"2026-07-20T13:04:28.433-04:00","eventName":"n8n.workflow.started","message":"n8n.workflow.started","payload":{"executionId":"536","workflowId":"4060d0nwMZdXJrUS","isManual":false,"mode":"webhook","workflowName":"alert"}}
{"__type":"$$EventMessageConfirm","confirm":"2e2d2f0e-e7d6-4353-80df-6c9da4b85748","ts":"2026-07-20T13:04:28.434-04:00","source":{"id":"0","name":"eventBus"}}
{"__type":"$$EventMessageAudit","id":"24509b30-5169-4508-8175-44bdfb9af619","ts":"2026-07-20T13:04:28.434-04:00","eventName":"n8n.audit.workflow.executed","message":"n8n.audit.workflow.executed","payload":{"workflowId":"4060d0nwMZdXJrUS","workflowName":"alert","executionId":"536","source":"webhook"}}
{"__type":"$$EventMessageConfirm","confirm":"24509b30-5169-4508-8175-44bdfb9af619","ts":"2026-07-20T13:04:28.435-04:00","source":{"id":"0","name":"eventBus"}}
{"__type":"$$EventMessageNode","id":"fa75fb44-8eb9-4ab8-87a5-41257a21b2bd","ts":"2026-07-20T13:04:28.436-04:00","eventName":"n8n.node.started","message":"n8n.node.started","payload":{"workflowId":"4060d0nwMZdXJrUS","workflowName":"alert","executionId":"536","nodeType":"n8n-nodes-base.webhook","nodeName":"Webhook","nodeId":"45b9a4be-0184-403c-83f3-41cbd14731c8"}}
{"__type":"$$EventMessageConfirm","confirm":"fa75fb44-8eb9-4ab8-87a5-41257a21b2bd","ts":"2026-07-20T13:04:28.436-04:00","source":{"id":"0","name":"eventBus"}}
{"__type":"$$EventMessageNode","id":"e3793ece-f817-42f1-b2d5-2246e2493050","ts":"2026-07-20T13:04:28.436-04:00","eventName":"n8n.node.finished","message":"n8n.node.finished","payload":{"workflowId":"4060d0nwMZdXJrUS","workflowName":"alert","executionId":"536","nodeType":"n8n-nodes-base.webhook","nodeName":"Webhook","nodeId":"45b9a4be-0184-403c-83f3-41cbd14731c8"}}
{"__type":"$$EventMessageConfirm","confirm":"e3793ece-f817-42f1-b2d5-2246e2493050","ts":"2026-07-20T13:04:28.436-04:00","source":{"id":"0","name":"eventBus"}}
{"__type":"$$EventMessageNode","id":"4c9a5ea4-8af9-4ba6-8a46-44cb8029b00b","ts":"2026-07-20T13:04:28.436-04:00","eventName":"n8n.node.started","message":"n8n.node.started","payload":{"workflowId":"4060d0nwMZdXJrUS","workflowName":"alert","executionId":"536","nodeType":"n8n-nodes-base.code","nodeName":"Code in JavaScript","nodeId":"847e0d93-8488-41ce-97de-68b297df2b47"}}
{"__type":"$$EventMessageConfirm","confirm":"4c9a5ea4-8af9-4ba6-8a46-44cb8029b00b","ts":"2026-07-20T13:04:28.436-04:00","source":{"id":"0","name":"eventBus"}}
{"__type":"$$EventMessageRunner","id":"901eeed1-c3c5-40ec-841c-f70a3f3f9c73","ts":"2026-07-20T13:04:28.438-04:00","eventName":"n8n.runner.task.requested","message":"n8n.runner.task.requested","payload":{"taskId":"b0iiJCM-","nodeId":"847e0d93-8488-41ce-97de-68b297df2b47","workflowId":"4060d0nwMZdXJrUS","executionId":"536"}}
{"__type":"$$EventMessageConfirm","confirm":"901eeed1-c3c5-40ec-841c-f70a3f3f9c73","ts":"2026-07-20T13:04:28.439-04:00","source":{"id":"0","name":"eventBus"}}
{"__type":"$$EventMessageRunner","id":"033ca370-d6f5-4d65-8a85-1d48bdb40b1c","ts":"2026-07-20T13:04:28.474-04:00","eventName":"n8n.runner.response.received","message":"n8n.runner.response.received","payload":{"taskId":"b0iiJCM-","nodeId":"847e0d93-8488-41ce-97de-68b297df2b47","workflowId":"4060d0nwMZdXJrUS","executionId":"536"}}
{"__type":"$$EventMessageConfirm","confirm":"033ca370-d6f5-4d65-8a85-1d48bdb40b1c","ts":"2026-07-20T13:04:28.474-04:00","source":{"id":"0","name":"eventBus"}}
{"__type":"$$EventMessageNode","id":"253d5d79-6bd2-4827-9da3-c16c22b06123","ts":"2026-07-20T13:04:28.475-04:00","eventName":"n8n.node.finished","message":"n8n.node.finished","payload":{"workflowId":"4060d0nwMZdXJrUS","workflowName":"alert","executionId":"536","nodeType":"n8n-nodes-base.code","nodeName":"Code in JavaScript","nodeId":"847e0d93-8488-41ce-97de-68b297df2b47"}}
{"__type":"$$EventMessageConfirm","confirm":"253d5d79-6bd2-4827-9da3-c16c22b06123","ts":"2026-07-20T13:04:28.475-04:00","source":{"id":"0","name":"eventBus"}}
{"__type":"$$EventMessageNode","id":"4f99cf07-84e2-468a-b1a9-c0d5c65c997a","ts":"2026-07-20T13:04:28.475-04:00","eventName":"n8n.node.started","message":"n8n.node.started","payload":{"workflowId":"4060d0nwMZdXJrUS","workflowName":"alert","executionId":"536","nodeType":"n8n-nodes-base.if","nodeName":"If","nodeId":"a8f0bf21-8151-4783-a4a5-ac8e38d0da13"}}
{"__type":"$$EventMessageConfirm","confirm":"4f99cf07-84e2-468a-b1a9-c0d5c65c997a","ts":"2026-07-20T13:04:28.475-04:00","source":{"id":"0","name":"eventBus"}}
{"__type":"$$EventMessageNode","id":"d2203b48-3262-448b-b961-2f6314bf743a","ts":"2026-07-20T13:04:28.479-04:00","eventName":"n8n.node.finished","message":"n8n.node.finished","payload":{"workflowId":"4060d0nwMZdXJrUS","workflowName":"alert","executionId":"536","nodeType":"n8n-nodes-base.if","nodeName":"If","nodeId":"a8f0bf21-8151-4783-a4a5-ac8e38d0da13"}}
{"__type":"$$EventMessageConfirm","confirm":"d2203b48-3262-448b-b961-2f6314bf743a","ts":"2026-07-20T13:04:28.481-04:00","source":{"id":"0","name":"eventBus"}}
{"__type":"$$EventMessageNode","id":"a19dfdd6-b27c-4c20-99a9-b82e6267ba66","ts":"2026-07-20T13:04:28.481-04:00","eventName":"n8n.node.started","message":"n8n.node.started","payload":{"workflowId":"4060d0nwMZdXJrUS","workflowName":"alert","executionId":"536","nodeType":"n8n-nodes-base.code","nodeName":"Code in JavaScript1","nodeId":"50b098bd-b40a-4c90-b2d4-eb880777eaff"}}
{"__type":"$$EventMessageConfirm","confirm":"a19dfdd6-b27c-4c20-99a9-b82e6267ba66","ts":"2026-07-20T13:04:28.481-04:00","source":{"id":"0","name":"eventBus"}}
{"__type":"$$EventMessageRunner","id":"c401017f-efd8-4342-a1c7-191236ae07c2","ts":"2026-07-20T13:04:28.485-04:00","eventName":"n8n.runner.task.requested","message":"n8n.runner.task.requested","payload":{"taskId":"FqlGQ3Rn","nodeId":"50b098bd-b40a-4c90-b2d4-eb880777eaff","workflowId":"4060d0nwMZdXJrUS","executionId":"536"}}
{"__type":"$$EventMessageConfirm","confirm":"c401017f-efd8-4342-a1c7-191236ae07c2","ts":"2026-07-20T13:04:28.486-04:00","source":{"id":"0","name":"eventBus"}}
{"__type":"$$EventMessageRunner","id":"dac7e0fa-12ab-4475-bec6-68681e35cf7a","ts":"2026-07-20T13:04:28.505-04:00","eventName":"n8n.runner.response.received","message":"n8n.runner.response.received","payload":{"taskId":"FqlGQ3Rn","nodeId":"50b098bd-b40a-4c90-b2d4-eb880777eaff","workflowId":"4060d0nwMZdXJrUS","executionId":"536"}}
{"__type":"$$EventMessageConfirm","confirm":"dac7e0fa-12ab-4475-bec6-68681e35cf7a","ts":"2026-07-20T13:04:28.505-04:00","source":{"id":"0","name":"eventBus"}}
{"__type":"$$EventMessageNode","id":"dbad599f-8cb8-4241-ae1d-39286d40c06b","ts":"2026-07-20T13:04:28.506-04:00","eventName":"n8n.node.finished","message":"n8n.node.finished","payload":{"workflowId":"4060d0nwMZdXJrUS","workflowName":"alert","executionId":"536","nodeType":"n8n-nodes-base.code","nodeName":"Code in JavaScript1","nodeId":"50b098bd-b40a-4c90-b2d4-eb880777eaff"}}
{"__type":"$$EventMessageConfirm","confirm":"dbad599f-8cb8-4241-ae1d-39286d40c06b","ts":"2026-07-20T13:04:28.506-04:00","source":{"id":"0","name":"eventBus"}}
{"__type":"$$EventMessageWorkflow","id":"d4ade2e1-c59f-449a-aa8f-c70d09a37a1a","ts":"2026-07-20T13:04:28.506-04:00","eventName":"n8n.workflow.success","message":"n8n.workflow.success","payload":{"executionId":"536","success":true,"isManual":false,"mode":"webhook","workflowId":"4060d0nwMZdXJrUS","workflowName":"alert"}}
{"__type":"$$EventMessageConfirm","confirm":"d4ade2e1-c59f-449a-aa8f-c70d09a37a1a","ts":"2026-07-20T13:04:28.507-04:00","source":{"id":"0","name":"eventBus"}}
{"__type":"$$EventMessageWorkflow","id":"24a22013-ebc3-44cd-b678-d24a54611f96","ts":"2026-07-20T13:06:36.248-04:00","eventName":"n8n.workflow.started","message":"n8n.workflow.started","payload":{"executionId":"537","workflowId":"5VBKbuuujEvgdIGs","isManual":false,"mode":"webhook","workflowName":"power"}}
{"__type":"$$EventMessageConfirm","confirm":"24a22013-ebc3-44cd-b678-d24a54611f96","ts":"2026-07-20T13:06:36.248-04:00","source":{"id":"0","name":"eventBus"}}
{"__type":"$$EventMessageAudit","id":"96616ae8-323c-4a47-ba2b-fca54d5d8f4d","ts":"2026-07-20T13:06:36.249-04:00","eventName":"n8n.audit.workflow.executed","message":"n8n.audit.workflow.executed","payload":{"workflowId":"5VBKbuuujEvgdIGs","workflowName":"power","executionId":"537","source":"webhook"}}
{"__type":"$$EventMessageConfirm","confirm":"96616ae8-323c-4a47-ba2b-fca54d5d8f4d","ts":"2026-07-20T13:06:36.249-04:00","source":{"id":"0","name":"eventBus"}}
{"__type":"$$EventMessageNode","id":"283fcf35-2d60-4e72-abc8-b7cc55585f7f","ts":"2026-07-20T13:06:36.250-04:00","eventName":"n8n.node.started","message":"n8n.node.started","payload":{"workflowId":"5VBKbuuujEvgdIGs","workflowName":"power","executionId":"537","nodeType":"n8n-nodes-base.webhook","nodeName":"Webhook","nodeId":"d2f68568-3d63-4615-8950-d51b3313419d"}}
{"__type":"$$EventMessageConfirm","confirm":"283fcf35-2d60-4e72-abc8-b7cc55585f7f","ts":"2026-07-20T13:06:36.251-04:00","source":{"id":"0","name":"eventBus"}}
{"__type":"$$EventMessageNode","id":"f676e362-1da2-4430-90f0-b242a44260b5","ts":"2026-07-20T13:06:36.251-04:00","eventName":"n8n.node.finished","message":"n8n.node.finished","payload":{"workflowId":"5VBKbuuujEvgdIGs","workflowName":"power","executionId":"537","nodeType":"n8n-nodes-base.webhook","nodeName":"Webhook","nodeId":"d2f68568-3d63-4615-8950-d51b3313419d"}}
{"__type":"$$EventMessageConfirm","confirm":"f676e362-1da2-4430-90f0-b242a44260b5","ts":"2026-07-20T13:06:36.251-04:00","source":{"id":"0","name":"eventBus"}}
{"__type":"$$EventMessageNode","id":"06344af8-6292-4518-8d95-8db50aa45083","ts":"2026-07-20T13:06:36.251-04:00","eventName":"n8n.node.started","message":"n8n.node.started","payload":{"workflowId":"5VBKbuuujEvgdIGs","workflowName":"power","executionId":"537","nodeType":"n8n-nodes-base.code","nodeName":"Code in JavaScript","nodeId":"60178211-232e-4f7a-8bd9-97a66e5b9ec0"}}
{"__type":"$$EventMessageConfirm","confirm":"06344af8-6292-4518-8d95-8db50aa45083","ts":"2026-07-20T13:06:36.251-04:00","source":{"id":"0","name":"eventBus"}}
{"__type":"$$EventMessageRunner","id":"380d3cd1-4eb2-41be-8570-b54645170888","ts":"2026-07-20T13:06:36.254-04:00","eventName":"n8n.runner.task.requested","message":"n8n.runner.task.requested","payload":{"taskId":"no0Zu-bx","nodeId":"60178211-232e-4f7a-8bd9-97a66e5b9ec0","workflowId":"5VBKbuuujEvgdIGs","executionId":"537"}}
{"__type":"$$EventMessageConfirm","confirm":"380d3cd1-4eb2-41be-8570-b54645170888","ts":"2026-07-20T13:06:36.254-04:00","source":{"id":"0","name":"eventBus"}}
{"__type":"$$EventMessageRunner","id":"0be41a6f-680e-48e2-9880-92c2aee17e2b","ts":"2026-07-20T13:06:36.271-04:00","eventName":"n8n.runner.response.received","message":"n8n.runner.response.received","payload":{"taskId":"no0Zu-bx","nodeId":"60178211-232e-4f7a-8bd9-97a66e5b9ec0","workflowId":"5VBKbuuujEvgdIGs","executionId":"537"}}
{"__type":"$$EventMessageConfirm","confirm":"0be41a6f-680e-48e2-9880-92c2aee17e2b","ts":"2026-07-20T13:06:36.271-04:00","source":{"id":"0","name":"eventBus"}}
{"__type":"$$EventMessageNode","id":"2c6054f5-aba9-40ba-9a2a-c89e4cfd5471","ts":"2026-07-20T13:06:36.272-04:00","eventName":"n8n.node.finished","message":"n8n.node.finished","payload":{"workflowId":"5VBKbuuujEvgdIGs","workflowName":"power","executionId":"537","nodeType":"n8n-nodes-base.code","nodeName":"Code in JavaScript","nodeId":"60178211-232e-4f7a-8bd9-97a66e5b9ec0"}}
{"__type":"$$EventMessageConfirm","confirm":"2c6054f5-aba9-40ba-9a2a-c89e4cfd5471","ts":"2026-07-20T13:06:36.273-04:00","source":{"id":"0","name":"eventBus"}}
{"__type":"$$EventMessageNode","id":"16f3ab94-ff5f-4b2d-834c-cea66bc0e0d2","ts":"2026-07-20T13:06:36.274-04:00","eventName":"n8n.node.started","message":"n8n.node.started","payload":{"workflowId":"5VBKbuuujEvgdIGs","workflowName":"power","executionId":"537","nodeType":"n8n-nodes-base.code","nodeName":"Code in JavaScript1","nodeId":"21ac27dd-d85f-45cb-b48f-eb6a3465a56b"}}
{"__type":"$$EventMessageConfirm","confirm":"16f3ab94-ff5f-4b2d-834c-cea66bc0e0d2","ts":"2026-07-20T13:06:36.274-04:00","source":{"id":"0","name":"eventBus"}}
{"__type":"$$EventMessageRunner","id":"21952539-81bc-4283-9477-e35cfb360317","ts":"2026-07-20T13:06:36.276-04:00","eventName":"n8n.runner.task.requested","message":"n8n.runner.task.requested","payload":{"taskId":"jClt_9eL","nodeId":"21ac27dd-d85f-45cb-b48f-eb6a3465a56b","workflowId":"5VBKbuuujEvgdIGs","executionId":"537"}}
{"__type":"$$EventMessageConfirm","confirm":"21952539-81bc-4283-9477-e35cfb360317","ts":"2026-07-20T13:06:36.277-04:00","source":{"id":"0","name":"eventBus"}}
{"__type":"$$EventMessageRunner","id":"d77953ba-50a3-48c0-94ac-a837684c39f8","ts":"2026-07-20T13:06:36.303-04:00","eventName":"n8n.runner.response.received","message":"n8n.runner.response.received","payload":{"taskId":"jClt_9eL","nodeId":"21ac27dd-d85f-45cb-b48f-eb6a3465a56b","workflowId":"5VBKbuuujEvgdIGs","executionId":"537"}}
{"__type":"$$EventMessageConfirm","confirm":"d77953ba-50a3-48c0-94ac-a837684c39f8","ts":"2026-07-20T13:06:36.303-04:00","source":{"id":"0","name":"eventBus"}}
{"__type":"$$EventMessageNode","id":"2b2c6f4b-8ad0-44ab-bbff-83e95d182569","ts":"2026-07-20T13:06:36.304-04:00","eventName":"n8n.node.finished","message":"n8n.node.finished","payload":{"workflowId":"5VBKbuuujEvgdIGs","workflowName":"power","executionId":"537","nodeType":"n8n-nodes-base.code","nodeName":"Code in JavaScript1","nodeId":"21ac27dd-d85f-45cb-b48f-eb6a3465a56b"}}
{"__type":"$$EventMessageConfirm","confirm":"2b2c6f4b-8ad0-44ab-bbff-83e95d182569","ts":"2026-07-20T13:06:36.305-04:00","source":{"id":"0","name":"eventBus"}}
{"__type":"$$EventMessageWorkflow","id":"13604bcc-e18e-4828-aad2-96937d833bd5","ts":"2026-07-20T13:06:36.305-04:00","eventName":"n8n.workflow.success","message":"n8n.workflow.success","payload":{"executionId":"537","success":true,"isManual":false,"mode":"webhook","workflowId":"5VBKbuuujEvgdIGs","workflowName":"power"}}
{"__type":"$$EventMessageConfirm","confirm":"13604bcc-e18e-4828-aad2-96937d833bd5","ts":"2026-07-20T13:06:36.306-04:00","source":{"id":"0","name":"eventBus"}}
{"__type":"$$EventMessageWorkflow","id":"6b8d08ef-ae16-4281-af11-486d75cfb8f8","ts":"2026-07-20T13:06:36.666-04:00","eventName":"n8n.workflow.started","message":"n8n.workflow.started","payload":{"executionId":"538","workflowId":"HyiO9yqvE2q5kmov","isManual":false,"mode":"webhook","workflowName":"hvac"}}
{"__type":"$$EventMessageConfirm","confirm":"6b8d08ef-ae16-4281-af11-486d75cfb8f8","ts":"2026-07-20T13:06:36.666-04:00","source":{"id":"0","name":"eventBus"}}
{"__type":"$$EventMessageAudit","id":"c4a73f06-35fb-4caf-806d-f53751a8310d","ts":"2026-07-20T13:06:36.667-04:00","eventName":"n8n.audit.workflow.executed","message":"n8n.audit.workflow.executed","payload":{"workflowId":"HyiO9yqvE2q5kmov","workflowName":"hvac","executionId":"538","source":"webhook"}}
{"__type":"$$EventMessageConfirm","confirm":"c4a73f06-35fb-4caf-806d-f53751a8310d","ts":"2026-07-20T13:06:36.667-04:00","source":{"id":"0","name":"eventBus"}}
{"__type":"$$EventMessageNode","id":"432a0f2d-bdcc-4b2f-a751-9dfbddb90c16","ts":"2026-07-20T13:06:36.668-04:00","eventName":"n8n.node.started","message":"n8n.node.started","payload":{"workflowId":"HyiO9yqvE2q5kmov","workflowName":"hvac","executionId":"538","nodeType":"n8n-nodes-base.webhook","nodeName":"Webhook","nodeId":"21c4bb7e-a362-421b-819b-e396631df92a"}}
{"__type":"$$EventMessageConfirm","confirm":"432a0f2d-bdcc-4b2f-a751-9dfbddb90c16","ts":"2026-07-20T13:06:36.668-04:00","source":{"id":"0","name":"eventBus"}}
{"__type":"$$EventMessageNode","id":"72783343-77f2-4426-823b-2233432ee6b9","ts":"2026-07-20T13:06:36.668-04:00","eventName":"n8n.node.finished","message":"n8n.node.finished","payload":{"workflowId":"HyiO9yqvE2q5kmov","workflowName":"hvac","executionId":"538","nodeType":"n8n-nodes-base.webhook","nodeName":"Webhook","nodeId":"21c4bb7e-a362-421b-819b-e396631df92a"}}
{"__type":"$$EventMessageConfirm","confirm":"72783343-77f2-4426-823b-2233432ee6b9","ts":"2026-07-20T13:06:36.669-04:00","source":{"id":"0","name":"eventBus"}}
{"__type":"$$EventMessageNode","id":"fca94768-26ae-4319-9ae2-1789aa4577ba","ts":"2026-07-20T13:06:36.669-04:00","eventName":"n8n.node.started","message":"n8n.node.started","payload":{"workflowId":"HyiO9yqvE2q5kmov","workflowName":"hvac","executionId":"538","nodeType":"n8n-nodes-base.code","nodeName":"Code in JavaScript","nodeId":"7f58ebee-2d23-411d-b5ed-d749b73e6774"}}
{"__type":"$$EventMessageConfirm","confirm":"fca94768-26ae-4319-9ae2-1789aa4577ba","ts":"2026-07-20T13:06:36.669-04:00","source":{"id":"0","name":"eventBus"}}
{"__type":"$$EventMessageRunner","id":"085fb501-5ec0-4527-b761-34f7c49e4f9f","ts":"2026-07-20T13:06:36.671-04:00","eventName":"n8n.runner.task.requested","message":"n8n.runner.task.requested","payload":{"taskId":"mwRtJkOP","nodeId":"7f58ebee-2d23-411d-b5ed-d749b73e6774","workflowId":"HyiO9yqvE2q5kmov","executionId":"538"}}
{"__type":"$$EventMessageConfirm","confirm":"085fb501-5ec0-4527-b761-34f7c49e4f9f","ts":"2026-07-20T13:06:36.671-04:00","source":{"id":"0","name":"eventBus"}}
{"__type":"$$EventMessageRunner","id":"eb613187-c6bf-48e0-8dc1-08c98ec498ae","ts":"2026-07-20T13:06:36.681-04:00","eventName":"n8n.runner.response.received","message":"n8n.runner.response.received","payload":{"taskId":"mwRtJkOP","nodeId":"7f58ebee-2d23-411d-b5ed-d749b73e6774","workflowId":"HyiO9yqvE2q5kmov","executionId":"538"}}
{"__type":"$$EventMessageConfirm","confirm":"eb613187-c6bf-48e0-8dc1-08c98ec498ae","ts":"2026-07-20T13:06:36.681-04:00","source":{"id":"0","name":"eventBus"}}
{"__type":"$$EventMessageNode","id":"ccd4c130-fa28-4be9-a03a-936f93dd50cc","ts":"2026-07-20T13:06:36.681-04:00","eventName":"n8n.node.finished","message":"n8n.node.finished","payload":{"workflowId":"HyiO9yqvE2q5kmov","workflowName":"hvac","executionId":"538","nodeType":"n8n-nodes-base.code","nodeName":"Code in JavaScript","nodeId":"7f58ebee-2d23-411d-b5ed-d749b73e6774"}}
{"__type":"$$EventMessageConfirm","confirm":"ccd4c130-fa28-4be9-a03a-936f93dd50cc","ts":"2026-07-20T13:06:36.681-04:00","source":{"id":"0","name":"eventBus"}}
{"__type":"$$EventMessageNode","id":"d4eb8680-e106-443b-af1a-bd1220ef9e6b","ts":"2026-07-20T13:06:36.681-04:00","eventName":"n8n.node.started","message":"n8n.node.started","payload":{"workflowId":"HyiO9yqvE2q5kmov","workflowName":"hvac","executionId":"538","nodeType":"n8n-nodes-base.code","nodeName":"Code in JavaScript1","nodeId":"60f93297-09f2-4aac-9a87-0874737aa293"}}
{"__type":"$$EventMessageConfirm","confirm":"d4eb8680-e106-443b-af1a-bd1220ef9e6b","ts":"2026-07-20T13:06:36.681-04:00","source":{"id":"0","name":"eventBus"}}
{"__type":"$$EventMessageRunner","id":"4054519c-4ab1-4f2f-83f9-c8fd1d9d5531","ts":"2026-07-20T13:06:36.685-04:00","eventName":"n8n.runner.task.requested","message":"n8n.runner.task.requested","payload":{"taskId":"9jASkwS0","nodeId":"60f93297-09f2-4aac-9a87-0874737aa293","workflowId":"HyiO9yqvE2q5kmov","executionId":"538"}}
{"__type":"$$EventMessageConfirm","confirm":"4054519c-4ab1-4f2f-83f9-c8fd1d9d5531","ts":"2026-07-20T13:06:36.685-04:00","source":{"id":"0","name":"eventBus"}}
{"__type":"$$EventMessageRunner","id":"2045fd75-5b63-4705-bd2f-7af4a9359a42","ts":"2026-07-20T13:06:36.706-04:00","eventName":"n8n.runner.response.received","message":"n8n.runner.response.received","payload":{"taskId":"9jASkwS0","nodeId":"60f93297-09f2-4aac-9a87-0874737aa293","workflowId":"HyiO9yqvE2q5kmov","executionId":"538"}}
{"__type":"$$EventMessageConfirm","confirm":"2045fd75-5b63-4705-bd2f-7af4a9359a42","ts":"2026-07-20T13:06:36.706-04:00","source":{"id":"0","name":"eventBus"}}
{"__type":"$$EventMessageNode","id":"70f655bc-4631-49e3-8cbe-d5a0f1c8e64a","ts":"2026-07-20T13:06:36.707-04:00","eventName":"n8n.node.finished","message":"n8n.node.finished","payload":{"workflowId":"HyiO9yqvE2q5kmov","workflowName":"hvac","executionId":"538","nodeType":"n8n-nodes-base.code","nodeName":"Code in JavaScript1","nodeId":"60f93297-09f2-4aac-9a87-0874737aa293"}}
{"__type":"$$EventMessageConfirm","confirm":"70f655bc-4631-49e3-8cbe-d5a0f1c8e64a","ts":"2026-07-20T13:06:36.707-04:00","source":{"id":"0","name":"eventBus"}}
{"__type":"$$EventMessageWorkflow","id":"4f8f934a-b585-49d7-b52a-ec935d513e97","ts":"2026-07-20T13:06:36.707-04:00","eventName":"n8n.workflow.success","message":"n8n.workflow.success","payload":{"executionId":"538","success":true,"isManual":false,"mode":"webhook","workflowId":"HyiO9yqvE2q5kmov","workflowName":"hvac"}}
{"__type":"$$EventMessageConfirm","confirm":"4f8f934a-b585-49d7-b52a-ec935d513e97","ts":"2026-07-20T13:06:36.707-04:00","source":{"id":"0","name":"eventBus"}}
{"__type":"$$EventMessageWorkflow","id":"8b2639cc-f7bd-4306-a9c4-602a4a114b06","ts":"2026-07-20T13:06:36.797-04:00","eventName":"n8n.workflow.started","message":"n8n.workflow.started","payload":{"executionId":"539","workflowId":"4060d0nwMZdXJrUS","isManual":false,"mode":"webhook","workflowName":"alert"}}
{"__type":"$$EventMessageConfirm","confirm":"8b2639cc-f7bd-4306-a9c4-602a4a114b06","ts":"2026-07-20T13:06:36.797-04:00","source":{"id":"0","name":"eventBus"}}
{"__type":"$$EventMessageAudit","id":"ad8574cf-5374-481c-b87b-a02171d8c99f","ts":"2026-07-20T13:06:36.798-04:00","eventName":"n8n.audit.workflow.executed","message":"n8n.audit.workflow.executed","payload":{"workflowId":"4060d0nwMZdXJrUS","workflowName":"alert","executionId":"539","source":"webhook"}}
{"__type":"$$EventMessageConfirm","confirm":"ad8574cf-5374-481c-b87b-a02171d8c99f","ts":"2026-07-20T13:06:36.798-04:00","source":{"id":"0","name":"eventBus"}}
{"__type":"$$EventMessageNode","id":"2127cd91-69b2-48ea-a446-621eed29cb7a","ts":"2026-07-20T13:06:36.799-04:00","eventName":"n8n.node.started","message":"n8n.node.started","payload":{"workflowId":"4060d0nwMZdXJrUS","workflowName":"alert","executionId":"539","nodeType":"n8n-nodes-base.webhook","nodeName":"Webhook","nodeId":"45b9a4be-0184-403c-83f3-41cbd14731c8"}}
{"__type":"$$EventMessageConfirm","confirm":"2127cd91-69b2-48ea-a446-621eed29cb7a","ts":"2026-07-20T13:06:36.799-04:00","source":{"id":"0","name":"eventBus"}}
{"__type":"$$EventMessageNode","id":"c1cbd090-c8b8-454e-8cda-739565203805","ts":"2026-07-20T13:06:36.800-04:00","eventName":"n8n.node.finished","message":"n8n.node.finished","payload":{"workflowId":"4060d0nwMZdXJrUS","workflowName":"alert","executionId":"539","nodeType":"n8n-nodes-base.webhook","nodeName":"Webhook","nodeId":"45b9a4be-0184-403c-83f3-41cbd14731c8"}}
{"__type":"$$EventMessageConfirm","confirm":"c1cbd090-c8b8-454e-8cda-739565203805","ts":"2026-07-20T13:06:36.800-04:00","source":{"id":"0","name":"eventBus"}}
{"__type":"$$EventMessageNode","id":"ad2219ab-2b0c-4d38-9fc7-593e6e2a2543","ts":"2026-07-20T13:06:36.800-04:00","eventName":"n8n.node.started","message":"n8n.node.started","payload":{"workflowId":"4060d0nwMZdXJrUS","workflowName":"alert","executionId":"539","nodeType":"n8n-nodes-base.code","nodeName":"Code in JavaScript","nodeId":"847e0d93-8488-41ce-97de-68b297df2b47"}}
{"__type":"$$EventMessageConfirm","confirm":"ad2219ab-2b0c-4d38-9fc7-593e6e2a2543","ts":"2026-07-20T13:06:36.800-04:00","source":{"id":"0","name":"eventBus"}}
{"__type":"$$EventMessageRunner","id":"1fe41191-59ad-455e-8a6e-0571fea7782f","ts":"2026-07-20T13:06:36.802-04:00","eventName":"n8n.runner.task.requested","message":"n8n.runner.task.requested","payload":{"taskId":"B_izn0Jk","nodeId":"847e0d93-8488-41ce-97de-68b297df2b47","workflowId":"4060d0nwMZdXJrUS","executionId":"539"}}
{"__type":"$$EventMessageConfirm","confirm":"1fe41191-59ad-455e-8a6e-0571fea7782f","ts":"2026-07-20T13:06:36.802-04:00","source":{"id":"0","name":"eventBus"}}
{"__type":"$$EventMessageRunner","id":"eff67034-8289-4e9f-b5f8-f2da77efa981","ts":"2026-07-20T13:06:36.811-04:00","eventName":"n8n.runner.response.received","message":"n8n.runner.response.received","payload":{"taskId":"B_izn0Jk","nodeId":"847e0d93-8488-41ce-97de-68b297df2b47","workflowId":"4060d0nwMZdXJrUS","executionId":"539"}}
{"__type":"$$EventMessageConfirm","confirm":"eff67034-8289-4e9f-b5f8-f2da77efa981","ts":"2026-07-20T13:06:36.812-04:00","source":{"id":"0","name":"eventBus"}}
{"__type":"$$EventMessageNode","id":"c17469d3-8b27-4c6b-a58c-910f6d273004","ts":"2026-07-20T13:06:36.812-04:00","eventName":"n8n.node.finished","message":"n8n.node.finished","payload":{"workflowId":"4060d0nwMZdXJrUS","workflowName":"alert","executionId":"539","nodeType":"n8n-nodes-base.code","nodeName":"Code in JavaScript","nodeId":"847e0d93-8488-41ce-97de-68b297df2b47"}}
{"__type":"$$EventMessageConfirm","confirm":"c17469d3-8b27-4c6b-a58c-910f6d273004","ts":"2026-07-20T13:06:36.812-04:00","source":{"id":"0","name":"eventBus"}}
{"__type":"$$EventMessageNode","id":"2184a712-20e3-4e2f-b144-b63eafed1325","ts":"2026-07-20T13:06:36.812-04:00","eventName":"n8n.node.started","message":"n8n.node.started","payload":{"workflowId":"4060d0nwMZdXJrUS","workflowName":"alert","executionId":"539","nodeType":"n8n-nodes-base.if","nodeName":"If","nodeId":"a8f0bf21-8151-4783-a4a5-ac8e38d0da13"}}
{"__type":"$$EventMessageConfirm","confirm":"2184a712-20e3-4e2f-b144-b63eafed1325","ts":"2026-07-20T13:06:36.812-04:00","source":{"id":"0","name":"eventBus"}}
{"__type":"$$EventMessageNode","id":"454e4a66-4f68-4111-8a46-bade88e721b6","ts":"2026-07-20T13:06:36.814-04:00","eventName":"n8n.node.finished","message":"n8n.node.finished","payload":{"workflowId":"4060d0nwMZdXJrUS","workflowName":"alert","executionId":"539","nodeType":"n8n-nodes-base.if","nodeName":"If","nodeId":"a8f0bf21-8151-4783-a4a5-ac8e38d0da13"}}
{"__type":"$$EventMessageConfirm","confirm":"454e4a66-4f68-4111-8a46-bade88e721b6","ts":"2026-07-20T13:06:36.814-04:00","source":{"id":"0","name":"eventBus"}}
{"__type":"$$EventMessageNode","id":"e038c850-88cf-4592-bfb5-51d5e36ede82","ts":"2026-07-20T13:06:36.814-04:00","eventName":"n8n.node.started","message":"n8n.node.started","payload":{"workflowId":"4060d0nwMZdXJrUS","workflowName":"alert","executionId":"539","nodeType":"n8n-nodes-base.code","nodeName":"Code in JavaScript1","nodeId":"50b098bd-b40a-4c90-b2d4-eb880777eaff"}}
{"__type":"$$EventMessageConfirm","confirm":"e038c850-88cf-4592-bfb5-51d5e36ede82","ts":"2026-07-20T13:06:36.814-04:00","source":{"id":"0","name":"eventBus"}}
{"__type":"$$EventMessageRunner","id":"968b5978-bdff-4ba5-9eb8-c032de7e56ce","ts":"2026-07-20T13:06:36.817-04:00","eventName":"n8n.runner.task.requested","message":"n8n.runner.task.requested","payload":{"taskId":"B7UAGfv2","nodeId":"50b098bd-b40a-4c90-b2d4-eb880777eaff","workflowId":"4060d0nwMZdXJrUS","executionId":"539"}}
{"__type":"$$EventMessageConfirm","confirm":"968b5978-bdff-4ba5-9eb8-c032de7e56ce","ts":"2026-07-20T13:06:36.817-04:00","source":{"id":"0","name":"eventBus"}}
{"__type":"$$EventMessageRunner","id":"f4f9daee-f249-4884-9b75-592e734fc543","ts":"2026-07-20T13:06:36.826-04:00","eventName":"n8n.runner.response.received","message":"n8n.runner.response.received","payload":{"taskId":"B7UAGfv2","nodeId":"50b098bd-b40a-4c90-b2d4-eb880777eaff","workflowId":"4060d0nwMZdXJrUS","executionId":"539"}}
{"__type":"$$EventMessageConfirm","confirm":"f4f9daee-f249-4884-9b75-592e734fc543","ts":"2026-07-20T13:06:36.826-04:00","source":{"id":"0","name":"eventBus"}}
{"__type":"$$EventMessageNode","id":"e3d73111-f5f3-4f12-b6b5-bb138d246e4b","ts":"2026-07-20T13:06:36.826-04:00","eventName":"n8n.node.finished","message":"n8n.node.finished","payload":{"workflowId":"4060d0nwMZdXJrUS","workflowName":"alert","executionId":"539","nodeType":"n8n-nodes-base.code","nodeName":"Code in JavaScript1","nodeId":"50b098bd-b40a-4c90-b2d4-eb880777eaff"}}
{"__type":"$$EventMessageConfirm","confirm":"e3d73111-f5f3-4f12-b6b5-bb138d246e4b","ts":"2026-07-20T13:06:36.827-04:00","source":{"id":"0","name":"eventBus"}}
{"__type":"$$EventMessageWorkflow","id":"3e5b7fd6-41ac-416f-90e2-db6744ec5989","ts":"2026-07-20T13:06:36.827-04:00","eventName":"n8n.workflow.success","message":"n8n.workflow.success","payload":{"executionId":"539","success":true,"isManual":false,"mode":"webhook","workflowId":"4060d0nwMZdXJrUS","workflowName":"alert"}}
{"__type":"$$EventMessageConfirm","confirm":"3e5b7fd6-41ac-416f-90e2-db6744ec5989","ts":"2026-07-20T13:06:36.827-04:00","source":{"id":"0","name":"eventBus"}}
{"__type":"$$EventMessageWorkflow","id":"6ab9d12d-c639-4801-8378-e524d2d22ddc","ts":"2026-07-20T13:07:42.114-04:00","eventName":"n8n.workflow.started","message":"n8n.workflow.started","payload":{"executionId":"540","workflowId":"5VBKbuuujEvgdIGs","isManual":false,"mode":"webhook","workflowName":"power"}}
{"__type":"$$EventMessageConfirm","confirm":"6ab9d12d-c639-4801-8378-e524d2d22ddc","ts":"2026-07-20T13:07:42.114-04:00","source":{"id":"0","name":"eventBus"}}
{"__type":"$$EventMessageAudit","id":"7dae843b-a8a6-43ad-a7f9-7fa8973d0839","ts":"2026-07-20T13:07:42.115-04:00","eventName":"n8n.audit.workflow.executed","message":"n8n.audit.workflow.executed","payload":{"workflowId":"5VBKbuuujEvgdIGs","workflowName":"power","executionId":"540","source":"webhook"}}
{"__type":"$$EventMessageConfirm","confirm":"7dae843b-a8a6-43ad-a7f9-7fa8973d0839","ts":"2026-07-20T13:07:42.115-04:00","source":{"id":"0","name":"eventBus"}}
{"__type":"$$EventMessageNode","id":"6005958c-e2e6-4187-b846-c0ab17c1e336","ts":"2026-07-20T13:07:42.117-04:00","eventName":"n8n.node.started","message":"n8n.node.started","payload":{"workflowId":"5VBKbuuujEvgdIGs","workflowName":"power","executionId":"540","nodeType":"n8n-nodes-base.webhook","nodeName":"Webhook","nodeId":"d2f68568-3d63-4615-8950-d51b3313419d"}}
{"__type":"$$EventMessageConfirm","confirm":"6005958c-e2e6-4187-b846-c0ab17c1e336","ts":"2026-07-20T13:07:42.117-04:00","source":{"id":"0","name":"eventBus"}}
{"__type":"$$EventMessageNode","id":"a95e378c-5ff6-4a77-bcc7-c1741270d9a1","ts":"2026-07-20T13:07:42.118-04:00","eventName":"n8n.node.finished","message":"n8n.node.finished","payload":{"workflowId":"5VBKbuuujEvgdIGs","workflowName":"power","executionId":"540","nodeType":"n8n-nodes-base.webhook","nodeName":"Webhook","nodeId":"d2f68568-3d63-4615-8950-d51b3313419d"}}
{"__type":"$$EventMessageConfirm","confirm":"a95e378c-5ff6-4a77-bcc7-c1741270d9a1","ts":"2026-07-20T13:07:42.118-04:00","source":{"id":"0","name":"eventBus"}}
{"__type":"$$EventMessageNode","id":"ccabfd7c-6ed4-4332-b939-c330ee0395de","ts":"2026-07-20T13:07:42.118-04:00","eventName":"n8n.node.started","message":"n8n.node.started","payload":{"workflowId":"5VBKbuuujEvgdIGs","workflowName":"power","executionId":"540","nodeType":"n8n-nodes-base.code","nodeName":"Code in JavaScript","nodeId":"60178211-232e-4f7a-8bd9-97a66e5b9ec0"}}
{"__type":"$$EventMessageConfirm","confirm":"ccabfd7c-6ed4-4332-b939-c330ee0395de","ts":"2026-07-20T13:07:42.118-04:00","source":{"id":"0","name":"eventBus"}}
{"__type":"$$EventMessageRunner","id":"66137368-1bd6-482b-9b7c-83357419dd64","ts":"2026-07-20T13:07:42.122-04:00","eventName":"n8n.runner.task.requested","message":"n8n.runner.task.requested","payload":{"taskId":"dqZ5vFsP","nodeId":"60178211-232e-4f7a-8bd9-97a66e5b9ec0","workflowId":"5VBKbuuujEvgdIGs","executionId":"540"}}
{"__type":"$$EventMessageConfirm","confirm":"66137368-1bd6-482b-9b7c-83357419dd64","ts":"2026-07-20T13:07:42.122-04:00","source":{"id":"0","name":"eventBus"}}
{"__type":"$$EventMessageRunner","id":"77cb9ddf-2e9e-4eb0-80f4-dbec82eb76f1","ts":"2026-07-20T13:07:42.132-04:00","eventName":"n8n.runner.response.received","message":"n8n.runner.response.received","payload":{"taskId":"dqZ5vFsP","nodeId":"60178211-232e-4f7a-8bd9-97a66e5b9ec0","workflowId":"5VBKbuuujEvgdIGs","executionId":"540"}}
{"__type":"$$EventMessageConfirm","confirm":"77cb9ddf-2e9e-4eb0-80f4-dbec82eb76f1","ts":"2026-07-20T13:07:42.132-04:00","source":{"id":"0","name":"eventBus"}}
{"__type":"$$EventMessageNode","id":"87770434-3cad-4a01-a8fc-b07295a57418","ts":"2026-07-20T13:07:42.133-04:00","eventName":"n8n.node.finished","message":"n8n.node.finished","payload":{"workflowId":"5VBKbuuujEvgdIGs","workflowName":"power","executionId":"540","nodeType":"n8n-nodes-base.code","nodeName":"Code in JavaScript","nodeId":"60178211-232e-4f7a-8bd9-97a66e5b9ec0"}}
{"__type":"$$EventMessageConfirm","confirm":"87770434-3cad-4a01-a8fc-b07295a57418","ts":"2026-07-20T13:07:42.133-04:00","source":{"id":"0","name":"eventBus"}}
{"__type":"$$EventMessageNode","id":"4cb6344d-cdc1-46bb-858c-a6302bda76dd","ts":"2026-07-20T13:07:42.133-04:00","eventName":"n8n.node.started","message":"n8n.node.started","payload":{"workflowId":"5VBKbuuujEvgdIGs","workflowName":"power","executionId":"540","nodeType":"n8n-nodes-base.code","nodeName":"Code in JavaScript1","nodeId":"21ac27dd-d85f-45cb-b48f-eb6a3465a56b"}}
{"__type":"$$EventMessageConfirm","confirm":"4cb6344d-cdc1-46bb-858c-a6302bda76dd","ts":"2026-07-20T13:07:42.133-04:00","source":{"id":"0","name":"eventBus"}}
{"__type":"$$EventMessageRunner","id":"b5647388-76b5-4265-baa0-a6c5d9e9792a","ts":"2026-07-20T13:07:42.136-04:00","eventName":"n8n.runner.task.requested","message":"n8n.runner.task.requested","payload":{"taskId":"CrynbeIF","nodeId":"21ac27dd-d85f-45cb-b48f-eb6a3465a56b","workflowId":"5VBKbuuujEvgdIGs","executionId":"540"}}
{"__type":"$$EventMessageConfirm","confirm":"b5647388-76b5-4265-baa0-a6c5d9e9792a","ts":"2026-07-20T13:07:42.136-04:00","source":{"id":"0","name":"eventBus"}}
{"__type":"$$EventMessageRunner","id":"34d2377c-fb6b-4afd-ac4c-e75f4aff7fd2","ts":"2026-07-20T13:07:42.145-04:00","eventName":"n8n.runner.response.received","message":"n8n.runner.response.received","payload":{"taskId":"CrynbeIF","nodeId":"21ac27dd-d85f-45cb-b48f-eb6a3465a56b","workflowId":"5VBKbuuujEvgdIGs","executionId":"540"}}
{"__type":"$$EventMessageConfirm","confirm":"34d2377c-fb6b-4afd-ac4c-e75f4aff7fd2","ts":"2026-07-20T13:07:42.145-04:00","source":{"id":"0","name":"eventBus"}}
{"__type":"$$EventMessageNode","id":"c6027618-f2ad-45d9-8cd6-3606738ee66b","ts":"2026-07-20T13:07:42.145-04:00","eventName":"n8n.node.finished","message":"n8n.node.finished","payload":{"workflowId":"5VBKbuuujEvgdIGs","workflowName":"power","executionId":"540","nodeType":"n8n-nodes-base.code","nodeName":"Code in JavaScript1","nodeId":"21ac27dd-d85f-45cb-b48f-eb6a3465a56b"}}
{"__type":"$$EventMessageConfirm","confirm":"c6027618-f2ad-45d9-8cd6-3606738ee66b","ts":"2026-07-20T13:07:42.145-04:00","source":{"id":"0","name":"eventBus"}}
{"__type":"$$EventMessageWorkflow","id":"6633ef50-80d5-4a83-9572-3f51d951ea0c","ts":"2026-07-20T13:07:42.145-04:00","eventName":"n8n.workflow.success","message":"n8n.workflow.success","payload":{"executionId":"540","success":true,"isManual":false,"mode":"webhook","workflowId":"5VBKbuuujEvgdIGs","workflowName":"power"}}
{"__type":"$$EventMessageConfirm","confirm":"6633ef50-80d5-4a83-9572-3f51d951ea0c","ts":"2026-07-20T13:07:42.145-04:00","source":{"id":"0","name":"eventBus"}}
{"__type":"$$EventMessageWorkflow","id":"482f599a-7e2c-4a8e-b750-f3282fbcfc2c","ts":"2026-07-20T13:07:42.246-04:00","eventName":"n8n.workflow.started","message":"n8n.workflow.started","payload":{"executionId":"541","workflowId":"HyiO9yqvE2q5kmov","isManual":false,"mode":"webhook","workflowName":"hvac"}}
{"__type":"$$EventMessageConfirm","confirm":"482f599a-7e2c-4a8e-b750-f3282fbcfc2c","ts":"2026-07-20T13:07:42.246-04:00","source":{"id":"0","name":"eventBus"}}
{"__type":"$$EventMessageAudit","id":"a7d8e85c-9b7e-456b-a1ab-3f58c1bc4798","ts":"2026-07-20T13:07:42.247-04:00","eventName":"n8n.audit.workflow.executed","message":"n8n.audit.workflow.executed","payload":{"workflowId":"HyiO9yqvE2q5kmov","workflowName":"hvac","executionId":"541","source":"webhook"}}
{"__type":"$$EventMessageConfirm","confirm":"a7d8e85c-9b7e-456b-a1ab-3f58c1bc4798","ts":"2026-07-20T13:07:42.247-04:00","source":{"id":"0","name":"eventBus"}}
{"__type":"$$EventMessageNode","id":"ddef20f5-3c9e-4838-ba1a-36956e20321e","ts":"2026-07-20T13:07:42.248-04:00","eventName":"n8n.node.started","message":"n8n.node.started","payload":{"workflowId":"HyiO9yqvE2q5kmov","workflowName":"hvac","executionId":"541","nodeType":"n8n-nodes-base.webhook","nodeName":"Webhook","nodeId":"21c4bb7e-a362-421b-819b-e396631df92a"}}
{"__type":"$$EventMessageConfirm","confirm":"ddef20f5-3c9e-4838-ba1a-36956e20321e","ts":"2026-07-20T13:07:42.248-04:00","source":{"id":"0","name":"eventBus"}}
{"__type":"$$EventMessageNode","id":"c1813999-e1b5-4d70-bc9a-6e704fa5340d","ts":"2026-07-20T13:07:42.248-04:00","eventName":"n8n.node.finished","message":"n8n.node.finished","payload":{"workflowId":"HyiO9yqvE2q5kmov","workflowName":"hvac","executionId":"541","nodeType":"n8n-nodes-base.webhook","nodeName":"Webhook","nodeId":"21c4bb7e-a362-421b-819b-e396631df92a"}}
{"__type":"$$EventMessageConfirm","confirm":"c1813999-e1b5-4d70-bc9a-6e704fa5340d","ts":"2026-07-20T13:07:42.248-04:00","source":{"id":"0","name":"eventBus"}}
{"__type":"$$EventMessageNode","id":"91b0d9a7-2350-4d8a-a21f-be162cea0886","ts":"2026-07-20T13:07:42.248-04:00","eventName":"n8n.node.started","message":"n8n.node.started","payload":{"workflowId":"HyiO9yqvE2q5kmov","workflowName":"hvac","executionId":"541","nodeType":"n8n-nodes-base.code","nodeName":"Code in JavaScript","nodeId":"7f58ebee-2d23-411d-b5ed-d749b73e6774"}}
{"__type":"$$EventMessageConfirm","confirm":"91b0d9a7-2350-4d8a-a21f-be162cea0886","ts":"2026-07-20T13:07:42.248-04:00","source":{"id":"0","name":"eventBus"}}
{"__type":"$$EventMessageRunner","id":"8961af5a-d5db-4c6f-8ea0-4d1e2adf688a","ts":"2026-07-20T13:07:42.250-04:00","eventName":"n8n.runner.task.requested","message":"n8n.runner.task.requested","payload":{"taskId":"YeHzB-mA","nodeId":"7f58ebee-2d23-411d-b5ed-d749b73e6774","workflowId":"HyiO9yqvE2q5kmov","executionId":"541"}}
{"__type":"$$EventMessageConfirm","confirm":"8961af5a-d5db-4c6f-8ea0-4d1e2adf688a","ts":"2026-07-20T13:07:42.250-04:00","source":{"id":"0","name":"eventBus"}}
{"__type":"$$EventMessageRunner","id":"00c8bd6d-c9e6-46f5-a542-5d3a2c5c145f","ts":"2026-07-20T13:07:42.263-04:00","eventName":"n8n.runner.response.received","message":"n8n.runner.response.received","payload":{"taskId":"YeHzB-mA","nodeId":"7f58ebee-2d23-411d-b5ed-d749b73e6774","workflowId":"HyiO9yqvE2q5kmov","executionId":"541"}}
{"__type":"$$EventMessageConfirm","confirm":"00c8bd6d-c9e6-46f5-a542-5d3a2c5c145f","ts":"2026-07-20T13:07:42.263-04:00","source":{"id":"0","name":"eventBus"}}
{"__type":"$$EventMessageNode","id":"008875a0-76ff-411a-8162-8d4317c4e036","ts":"2026-07-20T13:07:42.263-04:00","eventName":"n8n.node.finished","message":"n8n.node.finished","payload":{"workflowId":"HyiO9yqvE2q5kmov","workflowName":"hvac","executionId":"541","nodeType":"n8n-nodes-base.code","nodeName":"Code in JavaScript","nodeId":"7f58ebee-2d23-411d-b5ed-d749b73e6774"}}
{"__type":"$$EventMessageConfirm","confirm":"008875a0-76ff-411a-8162-8d4317c4e036","ts":"2026-07-20T13:07:42.263-04:00","source":{"id":"0","name":"eventBus"}}
{"__type":"$$EventMessageNode","id":"bc80a1e7-9200-4247-b977-82e06ad37057","ts":"2026-07-20T13:07:42.263-04:00","eventName":"n8n.node.started","message":"n8n.node.started","payload":{"workflowId":"HyiO9yqvE2q5kmov","workflowName":"hvac","executionId":"541","nodeType":"n8n-nodes-base.code","nodeName":"Code in JavaScript1","nodeId":"60f93297-09f2-4aac-9a87-0874737aa293"}}
{"__type":"$$EventMessageConfirm","confirm":"bc80a1e7-9200-4247-b977-82e06ad37057","ts":"2026-07-20T13:07:42.263-04:00","source":{"id":"0","name":"eventBus"}}
{"__type":"$$EventMessageRunner","id":"9f127407-75ab-43d9-90a3-88f62323db88","ts":"2026-07-20T13:07:42.266-04:00","eventName":"n8n.runner.task.requested","message":"n8n.runner.task.requested","payload":{"taskId":"nCmUKchp","nodeId":"60f93297-09f2-4aac-9a87-0874737aa293","workflowId":"HyiO9yqvE2q5kmov","executionId":"541"}}
{"__type":"$$EventMessageConfirm","confirm":"9f127407-75ab-43d9-90a3-88f62323db88","ts":"2026-07-20T13:07:42.266-04:00","source":{"id":"0","name":"eventBus"}}
{"__type":"$$EventMessageRunner","id":"5c1e4676-da90-427b-8748-4a24f6f762f9","ts":"2026-07-20T13:07:42.290-04:00","eventName":"n8n.runner.response.received","message":"n8n.runner.response.received","payload":{"taskId":"nCmUKchp","nodeId":"60f93297-09f2-4aac-9a87-0874737aa293","workflowId":"HyiO9yqvE2q5kmov","executionId":"541"}}
{"__type":"$$EventMessageConfirm","confirm":"5c1e4676-da90-427b-8748-4a24f6f762f9","ts":"2026-07-20T13:07:42.290-04:00","source":{"id":"0","name":"eventBus"}}
{"__type":"$$EventMessageNode","id":"dc2ae424-daef-4ed1-892a-0c9b222ed38e","ts":"2026-07-20T13:07:42.291-04:00","eventName":"n8n.node.finished","message":"n8n.node.finished","payload":{"workflowId":"HyiO9yqvE2q5kmov","workflowName":"hvac","executionId":"541","nodeType":"n8n-nodes-base.code","nodeName":"Code in JavaScript1","nodeId":"60f93297-09f2-4aac-9a87-0874737aa293"}}
{"__type":"$$EventMessageConfirm","confirm":"dc2ae424-daef-4ed1-892a-0c9b222ed38e","ts":"2026-07-20T13:07:42.291-04:00","source":{"id":"0","name":"eventBus"}}
{"__type":"$$EventMessageWorkflow","id":"1d61bce7-1bd8-459d-b025-bc5883babbea","ts":"2026-07-20T13:07:42.291-04:00","eventName":"n8n.workflow.success","message":"n8n.workflow.success","payload":{"executionId":"541","success":true,"isManual":false,"mode":"webhook","workflowId":"HyiO9yqvE2q5kmov","workflowName":"hvac"}}
{"__type":"$$EventMessageConfirm","confirm":"1d61bce7-1bd8-459d-b025-bc5883babbea","ts":"2026-07-20T13:07:42.291-04:00","source":{"id":"0","name":"eventBus"}}
{"__type":"$$EventMessageWorkflow","id":"cfd56d2d-f7fd-4ce9-ad41-c93f654c2b14","ts":"2026-07-20T13:07:42.382-04:00","eventName":"n8n.workflow.started","message":"n8n.workflow.started","payload":{"executionId":"542","workflowId":"4060d0nwMZdXJrUS","isManual":false,"mode":"webhook","workflowName":"alert"}}
{"__type":"$$EventMessageConfirm","confirm":"cfd56d2d-f7fd-4ce9-ad41-c93f654c2b14","ts":"2026-07-20T13:07:42.382-04:00","source":{"id":"0","name":"eventBus"}}
{"__type":"$$EventMessageAudit","id":"74dd60c0-bd59-4269-8ce2-b0a80d02cd8f","ts":"2026-07-20T13:07:42.383-04:00","eventName":"n8n.audit.workflow.executed","message":"n8n.audit.workflow.executed","payload":{"workflowId":"4060d0nwMZdXJrUS","workflowName":"alert","executionId":"542","source":"webhook"}}
{"__type":"$$EventMessageConfirm","confirm":"74dd60c0-bd59-4269-8ce2-b0a80d02cd8f","ts":"2026-07-20T13:07:42.383-04:00","source":{"id":"0","name":"eventBus"}}
{"__type":"$$EventMessageNode","id":"f907a0f4-7fe5-498a-881e-68bbed725fe8","ts":"2026-07-20T13:07:42.384-04:00","eventName":"n8n.node.started","message":"n8n.node.started","payload":{"workflowId":"4060d0nwMZdXJrUS","workflowName":"alert","executionId":"542","nodeType":"n8n-nodes-base.webhook","nodeName":"Webhook","nodeId":"45b9a4be-0184-403c-83f3-41cbd14731c8"}}
{"__type":"$$EventMessageConfirm","confirm":"f907a0f4-7fe5-498a-881e-68bbed725fe8","ts":"2026-07-20T13:07:42.384-04:00","source":{"id":"0","name":"eventBus"}}
{"__type":"$$EventMessageNode","id":"0a695c84-557b-4d01-8461-124fc0ced84b","ts":"2026-07-20T13:07:42.385-04:00","eventName":"n8n.node.finished","message":"n8n.node.finished","payload":{"workflowId":"4060d0nwMZdXJrUS","workflowName":"alert","executionId":"542","nodeType":"n8n-nodes-base.webhook","nodeName":"Webhook","nodeId":"45b9a4be-0184-403c-83f3-41cbd14731c8"}}
{"__type":"$$EventMessageConfirm","confirm":"0a695c84-557b-4d01-8461-124fc0ced84b","ts":"2026-07-20T13:07:42.385-04:00","source":{"id":"0","name":"eventBus"}}
{"__type":"$$EventMessageNode","id":"90c1dd55-756a-481e-ab51-b18a1cb9ccc8","ts":"2026-07-20T13:07:42.385-04:00","eventName":"n8n.node.started","message":"n8n.node.started","payload":{"workflowId":"4060d0nwMZdXJrUS","workflowName":"alert","executionId":"542","nodeType":"n8n-nodes-base.code","nodeName":"Code in JavaScript","nodeId":"847e0d93-8488-41ce-97de-68b297df2b47"}}
{"__type":"$$EventMessageConfirm","confirm":"90c1dd55-756a-481e-ab51-b18a1cb9ccc8","ts":"2026-07-20T13:07:42.385-04:00","source":{"id":"0","name":"eventBus"}}
{"__type":"$$EventMessageRunner","id":"f4fc73ff-2605-4e01-817a-0e82db86f051","ts":"2026-07-20T13:07:42.387-04:00","eventName":"n8n.runner.task.requested","message":"n8n.runner.task.requested","payload":{"taskId":"2G6GZQOK","nodeId":"847e0d93-8488-41ce-97de-68b297df2b47","workflowId":"4060d0nwMZdXJrUS","executionId":"542"}}
{"__type":"$$EventMessageConfirm","confirm":"f4fc73ff-2605-4e01-817a-0e82db86f051","ts":"2026-07-20T13:07:42.387-04:00","source":{"id":"0","name":"eventBus"}}
{"__type":"$$EventMessageRunner","id":"b1f90401-c601-4204-9cb5-42d425cfacfb","ts":"2026-07-20T13:07:42.397-04:00","eventName":"n8n.runner.response.received","message":"n8n.runner.response.received","payload":{"taskId":"2G6GZQOK","nodeId":"847e0d93-8488-41ce-97de-68b297df2b47","workflowId":"4060d0nwMZdXJrUS","executionId":"542"}}
{"__type":"$$EventMessageConfirm","confirm":"b1f90401-c601-4204-9cb5-42d425cfacfb","ts":"2026-07-20T13:07:42.398-04:00","source":{"id":"0","name":"eventBus"}}
{"__type":"$$EventMessageNode","id":"a9ff0549-0775-4a06-8e60-d37d06da52c1","ts":"2026-07-20T13:07:42.398-04:00","eventName":"n8n.node.finished","message":"n8n.node.finished","payload":{"workflowId":"4060d0nwMZdXJrUS","workflowName":"alert","executionId":"542","nodeType":"n8n-nodes-base.code","nodeName":"Code in JavaScript","nodeId":"847e0d93-8488-41ce-97de-68b297df2b47"}}
{"__type":"$$EventMessageConfirm","confirm":"a9ff0549-0775-4a06-8e60-d37d06da52c1","ts":"2026-07-20T13:07:42.398-04:00","source":{"id":"0","name":"eventBus"}}
{"__type":"$$EventMessageNode","id":"45f52a98-c2c6-4f72-8d82-f2625ec7c40d","ts":"2026-07-20T13:07:42.398-04:00","eventName":"n8n.node.started","message":"n8n.node.started","payload":{"workflowId":"4060d0nwMZdXJrUS","workflowName":"alert","executionId":"542","nodeType":"n8n-nodes-base.if","nodeName":"If","nodeId":"a8f0bf21-8151-4783-a4a5-ac8e38d0da13"}}
{"__type":"$$EventMessageConfirm","confirm":"45f52a98-c2c6-4f72-8d82-f2625ec7c40d","ts":"2026-07-20T13:07:42.398-04:00","source":{"id":"0","name":"eventBus"}}
{"__type":"$$EventMessageNode","id":"c9d39be8-da35-4327-b15e-545386200a1c","ts":"2026-07-20T13:07:42.400-04:00","eventName":"n8n.node.finished","message":"n8n.node.finished","payload":{"workflowId":"4060d0nwMZdXJrUS","workflowName":"alert","executionId":"542","nodeType":"n8n-nodes-base.if","nodeName":"If","nodeId":"a8f0bf21-8151-4783-a4a5-ac8e38d0da13"}}
{"__type":"$$EventMessageConfirm","confirm":"c9d39be8-da35-4327-b15e-545386200a1c","ts":"2026-07-20T13:07:42.400-04:00","source":{"id":"0","name":"eventBus"}}
{"__type":"$$EventMessageNode","id":"e357c193-53b3-4f8a-ba97-ceeb527dc6af","ts":"2026-07-20T13:07:42.400-04:00","eventName":"n8n.node.started","message":"n8n.node.started","payload":{"workflowId":"4060d0nwMZdXJrUS","workflowName":"alert","executionId":"542","nodeType":"n8n-nodes-base.code","nodeName":"Code in JavaScript1","nodeId":"50b098bd-b40a-4c90-b2d4-eb880777eaff"}}
{"__type":"$$EventMessageConfirm","confirm":"e357c193-53b3-4f8a-ba97-ceeb527dc6af","ts":"2026-07-20T13:07:42.400-04:00","source":{"id":"0","name":"eventBus"}}
{"__type":"$$EventMessageRunner","id":"9d3f8f0c-4c0d-49ea-ba9e-52874802ca27","ts":"2026-07-20T13:07:42.404-04:00","eventName":"n8n.runner.task.requested","message":"n8n.runner.task.requested","payload":{"taskId":"JAGsYO5M","nodeId":"50b098bd-b40a-4c90-b2d4-eb880777eaff","workflowId":"4060d0nwMZdXJrUS","executionId":"542"}}
{"__type":"$$EventMessageConfirm","confirm":"9d3f8f0c-4c0d-49ea-ba9e-52874802ca27","ts":"2026-07-20T13:07:42.404-04:00","source":{"id":"0","name":"eventBus"}}
{"__type":"$$EventMessageRunner","id":"3ec48fc3-1a03-4c0a-8f40-59557a2a7e19","ts":"2026-07-20T13:07:42.415-04:00","eventName":"n8n.runner.response.received","message":"n8n.runner.response.received","payload":{"taskId":"JAGsYO5M","nodeId":"50b098bd-b40a-4c90-b2d4-eb880777eaff","workflowId":"4060d0nwMZdXJrUS","executionId":"542"}}
{"__type":"$$EventMessageConfirm","confirm":"3ec48fc3-1a03-4c0a-8f40-59557a2a7e19","ts":"2026-07-20T13:07:42.415-04:00","source":{"id":"0","name":"eventBus"}}
{"__type":"$$EventMessageNode","id":"e085c7ba-1b49-4212-b5d3-877b4c77b695","ts":"2026-07-20T13:07:42.415-04:00","eventName":"n8n.node.finished","message":"n8n.node.finished","payload":{"workflowId":"4060d0nwMZdXJrUS","workflowName":"alert","executionId":"542","nodeType":"n8n-nodes-base.code","nodeName":"Code in JavaScript1","nodeId":"50b098bd-b40a-4c90-b2d4-eb880777eaff"}}
{"__type":"$$EventMessageConfirm","confirm":"e085c7ba-1b49-4212-b5d3-877b4c77b695","ts":"2026-07-20T13:07:42.416-04:00","source":{"id":"0","name":"eventBus"}}
{"__type":"$$EventMessageWorkflow","id":"115cbd9a-a485-40a4-9241-25bb3ec4ed29","ts":"2026-07-20T13:07:42.416-04:00","eventName":"n8n.workflow.success","message":"n8n.workflow.success","payload":{"executionId":"542","success":true,"isManual":false,"mode":"webhook","workflowId":"4060d0nwMZdXJrUS","workflowName":"alert"}}
{"__type":"$$EventMessageConfirm","confirm":"115cbd9a-a485-40a4-9241-25bb3ec4ed29","ts":"2026-07-20T13:07:42.417-04:00","source":{"id":"0","name":"eventBus"}}
{"__type":"$$EventMessageWorkflow","id":"1e1bb709-280d-4e17-9489-1eb184d60b03","ts":"2026-07-20T13:08:50.571-04:00","eventName":"n8n.workflow.started","message":"n8n.workflow.started","payload":{"executionId":"543","workflowId":"csjSBc51yUkh2vRH","isManual":false,"mode":"webhook","workflowName":"fire"}}
{"__type":"$$EventMessageConfirm","confirm":"1e1bb709-280d-4e17-9489-1eb184d60b03","ts":"2026-07-20T13:08:50.572-04:00","source":{"id":"0","name":"eventBus"}}
{"__type":"$$EventMessageAudit","id":"0b58a23a-7744-4188-a869-11dafc8e1b0d","ts":"2026-07-20T13:08:50.573-04:00","eventName":"n8n.audit.workflow.executed","message":"n8n.audit.workflow.executed","payload":{"workflowId":"csjSBc51yUkh2vRH","workflowName":"fire","executionId":"543","source":"webhook"}}
{"__type":"$$EventMessageConfirm","confirm":"0b58a23a-7744-4188-a869-11dafc8e1b0d","ts":"2026-07-20T13:08:50.573-04:00","source":{"id":"0","name":"eventBus"}}
{"__type":"$$EventMessageNode","id":"4beb7606-8ef6-4b3e-8c1b-c248583b6d9a","ts":"2026-07-20T13:08:50.574-04:00","eventName":"n8n.node.started","message":"n8n.node.started","payload":{"workflowId":"csjSBc51yUkh2vRH","workflowName":"fire","executionId":"543","nodeType":"n8n-nodes-base.webhook","nodeName":"Webhook","nodeId":"24e7bc53-ee06-4b53-b753-97a049b3327b"}}
{"__type":"$$EventMessageConfirm","confirm":"4beb7606-8ef6-4b3e-8c1b-c248583b6d9a","ts":"2026-07-20T13:08:50.575-04:00","source":{"id":"0","name":"eventBus"}}
{"__type":"$$EventMessageNode","id":"2795ece3-5109-444b-afcc-2d8ab8ddc5ed","ts":"2026-07-20T13:08:50.575-04:00","eventName":"n8n.node.finished","message":"n8n.node.finished","payload":{"workflowId":"csjSBc51yUkh2vRH","workflowName":"fire","executionId":"543","nodeType":"n8n-nodes-base.webhook","nodeName":"Webhook","nodeId":"24e7bc53-ee06-4b53-b753-97a049b3327b"}}
{"__type":"$$EventMessageConfirm","confirm":"2795ece3-5109-444b-afcc-2d8ab8ddc5ed","ts":"2026-07-20T13:08:50.575-04:00","source":{"id":"0","name":"eventBus"}}
{"__type":"$$EventMessageNode","id":"a6244647-cef6-482b-91cc-3b4bcf372bf9","ts":"2026-07-20T13:08:50.575-04:00","eventName":"n8n.node.started","message":"n8n.node.started","payload":{"workflowId":"csjSBc51yUkh2vRH","workflowName":"fire","executionId":"543","nodeType":"n8n-nodes-base.code","nodeName":"Code in JavaScript","nodeId":"f271c744-c46c-4766-b045-ed1d8821c40d"}}
{"__type":"$$EventMessageConfirm","confirm":"a6244647-cef6-482b-91cc-3b4bcf372bf9","ts":"2026-07-20T13:08:50.575-04:00","source":{"id":"0","name":"eventBus"}}
{"__type":"$$EventMessageRunner","id":"e9214011-a117-4046-b31d-5b51708cbe59","ts":"2026-07-20T13:08:50.577-04:00","eventName":"n8n.runner.task.requested","message":"n8n.runner.task.requested","payload":{"taskId":"kHDfgtla","nodeId":"f271c744-c46c-4766-b045-ed1d8821c40d","workflowId":"csjSBc51yUkh2vRH","executionId":"543"}}
{"__type":"$$EventMessageConfirm","confirm":"e9214011-a117-4046-b31d-5b51708cbe59","ts":"2026-07-20T13:08:50.578-04:00","source":{"id":"0","name":"eventBus"}}
{"__type":"$$EventMessageRunner","id":"7bbea8ff-4cb9-4bea-be52-19fcde17351b","ts":"2026-07-20T13:08:50.589-04:00","eventName":"n8n.runner.response.received","message":"n8n.runner.response.received","payload":{"taskId":"kHDfgtla","nodeId":"f271c744-c46c-4766-b045-ed1d8821c40d","workflowId":"csjSBc51yUkh2vRH","executionId":"543"}}
{"__type":"$$EventMessageConfirm","confirm":"7bbea8ff-4cb9-4bea-be52-19fcde17351b","ts":"2026-07-20T13:08:50.590-04:00","source":{"id":"0","name":"eventBus"}}
{"__type":"$$EventMessageNode","id":"d9f7e21d-66c9-4c85-b89d-0816165b72bf","ts":"2026-07-20T13:08:50.590-04:00","eventName":"n8n.node.finished","message":"n8n.node.finished","payload":{"workflowId":"csjSBc51yUkh2vRH","workflowName":"fire","executionId":"543","nodeType":"n8n-nodes-base.code","nodeName":"Code in JavaScript","nodeId":"f271c744-c46c-4766-b045-ed1d8821c40d"}}
{"__type":"$$EventMessageConfirm","confirm":"d9f7e21d-66c9-4c85-b89d-0816165b72bf","ts":"2026-07-20T13:08:50.590-04:00","source":{"id":"0","name":"eventBus"}}
{"__type":"$$EventMessageNode","id":"6cf85243-8921-4957-a72d-58cf4ccf1edd","ts":"2026-07-20T13:08:50.590-04:00","eventName":"n8n.node.started","message":"n8n.node.started","payload":{"workflowId":"csjSBc51yUkh2vRH","workflowName":"fire","executionId":"543","nodeType":"n8n-nodes-base.code","nodeName":"Code in JavaScript1","nodeId":"3cd55fa9-d0e9-43ab-b0ba-fe5047c0e593"}}
{"__type":"$$EventMessageConfirm","confirm":"6cf85243-8921-4957-a72d-58cf4ccf1edd","ts":"2026-07-20T13:08:50.590-04:00","source":{"id":"0","name":"eventBus"}}
{"__type":"$$EventMessageRunner","id":"2820d513-5aac-44b5-9807-00751000dbcc","ts":"2026-07-20T13:08:50.594-04:00","eventName":"n8n.runner.task.requested","message":"n8n.runner.task.requested","payload":{"taskId":"ODKTC6gu","nodeId":"3cd55fa9-d0e9-43ab-b0ba-fe5047c0e593","workflowId":"csjSBc51yUkh2vRH","executionId":"543"}}
{"__type":"$$EventMessageConfirm","confirm":"2820d513-5aac-44b5-9807-00751000dbcc","ts":"2026-07-20T13:08:50.594-04:00","source":{"id":"0","name":"eventBus"}}
{"__type":"$$EventMessageRunner","id":"d0a6834e-543e-4066-93ad-7133ef0e95cd","ts":"2026-07-20T13:08:50.625-04:00","eventName":"n8n.runner.response.received","message":"n8n.runner.response.received","payload":{"taskId":"ODKTC6gu","nodeId":"3cd55fa9-d0e9-43ab-b0ba-fe5047c0e593","workflowId":"csjSBc51yUkh2vRH","executionId":"543"}}
{"__type":"$$EventMessageConfirm","confirm":"d0a6834e-543e-4066-93ad-7133ef0e95cd","ts":"2026-07-20T13:08:50.625-04:00","source":{"id":"0","name":"eventBus"}}
{"__type":"$$EventMessageNode","id":"62bb5562-e3df-45a7-b07b-545d1c80a4e7","ts":"2026-07-20T13:08:50.626-04:00","eventName":"n8n.node.finished","message":"n8n.node.finished","payload":{"workflowId":"csjSBc51yUkh2vRH","workflowName":"fire","executionId":"543","nodeType":"n8n-nodes-base.code","nodeName":"Code in JavaScript1","nodeId":"3cd55fa9-d0e9-43ab-b0ba-fe5047c0e593"}}
{"__type":"$$EventMessageConfirm","confirm":"62bb5562-e3df-45a7-b07b-545d1c80a4e7","ts":"2026-07-20T13:08:50.626-04:00","source":{"id":"0","name":"eventBus"}}
{"__type":"$$EventMessageWorkflow","id":"b3d88306-daae-4ba6-854f-3c8d8a8ca69c","ts":"2026-07-20T13:08:50.626-04:00","eventName":"n8n.workflow.success","message":"n8n.workflow.success","payload":{"executionId":"543","success":true,"isManual":false,"mode":"webhook","workflowId":"csjSBc51yUkh2vRH","workflowName":"fire"}}
{"__type":"$$EventMessageConfirm","confirm":"b3d88306-daae-4ba6-854f-3c8d8a8ca69c","ts":"2026-07-20T13:08:50.626-04:00","source":{"id":"0","name":"eventBus"}}
{"__type":"$$EventMessageWorkflow","id":"cc194645-19ca-4b9b-95f5-32ae4361972c","ts":"2026-07-20T13:08:50.714-04:00","eventName":"n8n.workflow.started","message":"n8n.workflow.started","payload":{"executionId":"544","workflowId":"4060d0nwMZdXJrUS","isManual":false,"mode":"webhook","workflowName":"alert"}}
{"__type":"$$EventMessageConfirm","confirm":"cc194645-19ca-4b9b-95f5-32ae4361972c","ts":"2026-07-20T13:08:50.714-04:00","source":{"id":"0","name":"eventBus"}}
{"__type":"$$EventMessageAudit","id":"d495896b-c1aa-4513-b29d-4673632a1b67","ts":"2026-07-20T13:08:50.715-04:00","eventName":"n8n.audit.workflow.executed","message":"n8n.audit.workflow.executed","payload":{"workflowId":"4060d0nwMZdXJrUS","workflowName":"alert","executionId":"544","source":"webhook"}}
{"__type":"$$EventMessageConfirm","confirm":"d495896b-c1aa-4513-b29d-4673632a1b67","ts":"2026-07-20T13:08:50.715-04:00","source":{"id":"0","name":"eventBus"}}
{"__type":"$$EventMessageNode","id":"c9604a6b-f095-43f6-abc4-ebd03549baca","ts":"2026-07-20T13:08:50.715-04:00","eventName":"n8n.node.started","message":"n8n.node.started","payload":{"workflowId":"4060d0nwMZdXJrUS","workflowName":"alert","executionId":"544","nodeType":"n8n-nodes-base.webhook","nodeName":"Webhook","nodeId":"45b9a4be-0184-403c-83f3-41cbd14731c8"}}
{"__type":"$$EventMessageConfirm","confirm":"c9604a6b-f095-43f6-abc4-ebd03549baca","ts":"2026-07-20T13:08:50.716-04:00","source":{"id":"0","name":"eventBus"}}
{"__type":"$$EventMessageNode","id":"32068cb9-61aa-476a-bd01-9285fe789166","ts":"2026-07-20T13:08:50.716-04:00","eventName":"n8n.node.finished","message":"n8n.node.finished","payload":{"workflowId":"4060d0nwMZdXJrUS","workflowName":"alert","executionId":"544","nodeType":"n8n-nodes-base.webhook","nodeName":"Webhook","nodeId":"45b9a4be-0184-403c-83f3-41cbd14731c8"}}
{"__type":"$$EventMessageConfirm","confirm":"32068cb9-61aa-476a-bd01-9285fe789166","ts":"2026-07-20T13:08:50.716-04:00","source":{"id":"0","name":"eventBus"}}
{"__type":"$$EventMessageNode","id":"1c9c996f-be5d-4efc-af2e-83e185b4a2e8","ts":"2026-07-20T13:08:50.716-04:00","eventName":"n8n.node.started","message":"n8n.node.started","payload":{"workflowId":"4060d0nwMZdXJrUS","workflowName":"alert","executionId":"544","nodeType":"n8n-nodes-base.code","nodeName":"Code in JavaScript","nodeId":"847e0d93-8488-41ce-97de-68b297df2b47"}}
{"__type":"$$EventMessageConfirm","confirm":"1c9c996f-be5d-4efc-af2e-83e185b4a2e8","ts":"2026-07-20T13:08:50.716-04:00","source":{"id":"0","name":"eventBus"}}
{"__type":"$$EventMessageRunner","id":"33a6ad4d-9b41-46f1-99fe-ca12c39146bd","ts":"2026-07-20T13:08:50.725-04:00","eventName":"n8n.runner.task.requested","message":"n8n.runner.task.requested","payload":{"taskId":"JZDJC_PS","nodeId":"847e0d93-8488-41ce-97de-68b297df2b47","workflowId":"4060d0nwMZdXJrUS","executionId":"544"}}
{"__type":"$$EventMessageConfirm","confirm":"33a6ad4d-9b41-46f1-99fe-ca12c39146bd","ts":"2026-07-20T13:08:50.725-04:00","source":{"id":"0","name":"eventBus"}}
{"__type":"$$EventMessageRunner","id":"362f7c92-eb23-444f-bb3e-af0da2f40d9c","ts":"2026-07-20T13:08:50.732-04:00","eventName":"n8n.runner.response.received","message":"n8n.runner.response.received","payload":{"taskId":"JZDJC_PS","nodeId":"847e0d93-8488-41ce-97de-68b297df2b47","workflowId":"4060d0nwMZdXJrUS","executionId":"544"}}
{"__type":"$$EventMessageConfirm","confirm":"362f7c92-eb23-444f-bb3e-af0da2f40d9c","ts":"2026-07-20T13:08:50.732-04:00","source":{"id":"0","name":"eventBus"}}
{"__type":"$$EventMessageNode","id":"e95de5d7-c705-4e66-9047-4f9ba333cca4","ts":"2026-07-20T13:08:50.732-04:00","eventName":"n8n.node.finished","message":"n8n.node.finished","payload":{"workflowId":"4060d0nwMZdXJrUS","workflowName":"alert","executionId":"544","nodeType":"n8n-nodes-base.code","nodeName":"Code in JavaScript","nodeId":"847e0d93-8488-41ce-97de-68b297df2b47"}}
{"__type":"$$EventMessageConfirm","confirm":"e95de5d7-c705-4e66-9047-4f9ba333cca4","ts":"2026-07-20T13:08:50.732-04:00","source":{"id":"0","name":"eventBus"}}
{"__type":"$$EventMessageNode","id":"12499830-b31f-4ad4-9811-f32625499f49","ts":"2026-07-20T13:08:50.733-04:00","eventName":"n8n.node.started","message":"n8n.node.started","payload":{"workflowId":"4060d0nwMZdXJrUS","workflowName":"alert","executionId":"544","nodeType":"n8n-nodes-base.if","nodeName":"If","nodeId":"a8f0bf21-8151-4783-a4a5-ac8e38d0da13"}}
{"__type":"$$EventMessageConfirm","confirm":"12499830-b31f-4ad4-9811-f32625499f49","ts":"2026-07-20T13:08:50.733-04:00","source":{"id":"0","name":"eventBus"}}
{"__type":"$$EventMessageNode","id":"cbf9f192-44b2-40b7-957c-02d564a6eb71","ts":"2026-07-20T13:08:50.735-04:00","eventName":"n8n.node.finished","message":"n8n.node.finished","payload":{"workflowId":"4060d0nwMZdXJrUS","workflowName":"alert","executionId":"544","nodeType":"n8n-nodes-base.if","nodeName":"If","nodeId":"a8f0bf21-8151-4783-a4a5-ac8e38d0da13"}}
{"__type":"$$EventMessageConfirm","confirm":"cbf9f192-44b2-40b7-957c-02d564a6eb71","ts":"2026-07-20T13:08:50.735-04:00","source":{"id":"0","name":"eventBus"}}
{"__type":"$$EventMessageNode","id":"19b4b078-0f59-4f99-81ec-90db03c8990d","ts":"2026-07-20T13:08:50.735-04:00","eventName":"n8n.node.started","message":"n8n.node.started","payload":{"workflowId":"4060d0nwMZdXJrUS","workflowName":"alert","executionId":"544","nodeType":"n8n-nodes-base.code","nodeName":"Code in JavaScript1","nodeId":"50b098bd-b40a-4c90-b2d4-eb880777eaff"}}
{"__type":"$$EventMessageConfirm","confirm":"19b4b078-0f59-4f99-81ec-90db03c8990d","ts":"2026-07-20T13:08:50.735-04:00","source":{"id":"0","name":"eventBus"}}
{"__type":"$$EventMessageRunner","id":"2dca45c8-1244-4557-a27b-43d85d9f7e49","ts":"2026-07-20T13:08:50.737-04:00","eventName":"n8n.runner.task.requested","message":"n8n.runner.task.requested","payload":{"taskId":"Qcj4hRNE","nodeId":"50b098bd-b40a-4c90-b2d4-eb880777eaff","workflowId":"4060d0nwMZdXJrUS","executionId":"544"}}
{"__type":"$$EventMessageConfirm","confirm":"2dca45c8-1244-4557-a27b-43d85d9f7e49","ts":"2026-07-20T13:08:50.737-04:00","source":{"id":"0","name":"eventBus"}}
{"__type":"$$EventMessageRunner","id":"bd900cbf-3fd3-4b62-ba44-78349c19246b","ts":"2026-07-20T13:08:50.747-04:00","eventName":"n8n.runner.response.received","message":"n8n.runner.response.received","payload":{"taskId":"Qcj4hRNE","nodeId":"50b098bd-b40a-4c90-b2d4-eb880777eaff","workflowId":"4060d0nwMZdXJrUS","executionId":"544"}}
{"__type":"$$EventMessageConfirm","confirm":"bd900cbf-3fd3-4b62-ba44-78349c19246b","ts":"2026-07-20T13:08:50.747-04:00","source":{"id":"0","name":"eventBus"}}
{"__type":"$$EventMessageNode","id":"81c24dc0-ee72-4520-b507-3be42f871449","ts":"2026-07-20T13:08:50.747-04:00","eventName":"n8n.node.finished","message":"n8n.node.finished","payload":{"workflowId":"4060d0nwMZdXJrUS","workflowName":"alert","executionId":"544","nodeType":"n8n-nodes-base.code","nodeName":"Code in JavaScript1","nodeId":"50b098bd-b40a-4c90-b2d4-eb880777eaff"}}
{"__type":"$$EventMessageConfirm","confirm":"81c24dc0-ee72-4520-b507-3be42f871449","ts":"2026-07-20T13:08:50.748-04:00","source":{"id":"0","name":"eventBus"}}
{"__type":"$$EventMessageWorkflow","id":"a1cc0176-d159-49c6-a71e-686576f5b510","ts":"2026-07-20T13:08:50.748-04:00","eventName":"n8n.workflow.success","message":"n8n.workflow.success","payload":{"executionId":"544","success":true,"isManual":false,"mode":"webhook","workflowId":"4060d0nwMZdXJrUS","workflowName":"alert"}}
{"__type":"$$EventMessageConfirm","confirm":"a1cc0176-d159-49c6-a71e-686576f5b510","ts":"2026-07-20T13:08:50.748-04:00","source":{"id":"0","name":"eventBus"}}
{"__type":"$$EventMessageWorkflow","id":"f86a440f-7843-4677-a1cb-a0d72d2ea966","ts":"2026-07-20T13:12:37.777-04:00","eventName":"n8n.workflow.started","message":"n8n.workflow.started","payload":{"executionId":"545","workflowId":"5VBKbuuujEvgdIGs","isManual":false,"mode":"webhook","workflowName":"power"}}
{"__type":"$$EventMessageConfirm","confirm":"f86a440f-7843-4677-a1cb-a0d72d2ea966","ts":"2026-07-20T13:12:37.777-04:00","source":{"id":"0","name":"eventBus"}}
{"__type":"$$EventMessageAudit","id":"65f84d6c-809d-4b48-b093-9a45fc78f3e2","ts":"2026-07-20T13:12:37.778-04:00","eventName":"n8n.audit.workflow.executed","message":"n8n.audit.workflow.executed","payload":{"workflowId":"5VBKbuuujEvgdIGs","workflowName":"power","executionId":"545","source":"webhook"}}
{"__type":"$$EventMessageConfirm","confirm":"65f84d6c-809d-4b48-b093-9a45fc78f3e2","ts":"2026-07-20T13:12:37.778-04:00","source":{"id":"0","name":"eventBus"}}
{"__type":"$$EventMessageNode","id":"a91d6cb3-c8fe-4d91-89f6-173e5c12e476","ts":"2026-07-20T13:12:37.780-04:00","eventName":"n8n.node.started","message":"n8n.node.started","payload":{"workflowId":"5VBKbuuujEvgdIGs","workflowName":"power","executionId":"545","nodeType":"n8n-nodes-base.webhook","nodeName":"Webhook","nodeId":"d2f68568-3d63-4615-8950-d51b3313419d"}}
{"__type":"$$EventMessageConfirm","confirm":"a91d6cb3-c8fe-4d91-89f6-173e5c12e476","ts":"2026-07-20T13:12:37.780-04:00","source":{"id":"0","name":"eventBus"}}
{"__type":"$$EventMessageNode","id":"00f0a2b4-8e5d-4fba-be8e-7a69f4e2c064","ts":"2026-07-20T13:12:37.781-04:00","eventName":"n8n.node.finished","message":"n8n.node.finished","payload":{"workflowId":"5VBKbuuujEvgdIGs","workflowName":"power","executionId":"545","nodeType":"n8n-nodes-base.webhook","nodeName":"Webhook","nodeId":"d2f68568-3d63-4615-8950-d51b3313419d"}}
{"__type":"$$EventMessageConfirm","confirm":"00f0a2b4-8e5d-4fba-be8e-7a69f4e2c064","ts":"2026-07-20T13:12:37.781-04:00","source":{"id":"0","name":"eventBus"}}
{"__type":"$$EventMessageNode","id":"b5f67532-be44-49d9-8280-31b7d4dd1539","ts":"2026-07-20T13:12:37.781-04:00","eventName":"n8n.node.started","message":"n8n.node.started","payload":{"workflowId":"5VBKbuuujEvgdIGs","workflowName":"power","executionId":"545","nodeType":"n8n-nodes-base.code","nodeName":"Code in JavaScript","nodeId":"60178211-232e-4f7a-8bd9-97a66e5b9ec0"}}
{"__type":"$$EventMessageConfirm","confirm":"b5f67532-be44-49d9-8280-31b7d4dd1539","ts":"2026-07-20T13:12:37.781-04:00","source":{"id":"0","name":"eventBus"}}
{"__type":"$$EventMessageRunner","id":"16d05704-fdbd-4407-af0e-3437119fa592","ts":"2026-07-20T13:12:37.785-04:00","eventName":"n8n.runner.task.requested","message":"n8n.runner.task.requested","payload":{"taskId":"3O0mtEN7","nodeId":"60178211-232e-4f7a-8bd9-97a66e5b9ec0","workflowId":"5VBKbuuujEvgdIGs","executionId":"545"}}
{"__type":"$$EventMessageConfirm","confirm":"16d05704-fdbd-4407-af0e-3437119fa592","ts":"2026-07-20T13:12:37.785-04:00","source":{"id":"0","name":"eventBus"}}
{"__type":"$$EventMessageRunner","id":"b550bea5-8f72-43e7-9a11-3b18cb996722","ts":"2026-07-20T13:12:37.798-04:00","eventName":"n8n.runner.response.received","message":"n8n.runner.response.received","payload":{"taskId":"3O0mtEN7","nodeId":"60178211-232e-4f7a-8bd9-97a66e5b9ec0","workflowId":"5VBKbuuujEvgdIGs","executionId":"545"}}
{"__type":"$$EventMessageConfirm","confirm":"b550bea5-8f72-43e7-9a11-3b18cb996722","ts":"2026-07-20T13:12:37.799-04:00","source":{"id":"0","name":"eventBus"}}
{"__type":"$$EventMessageNode","id":"6bec2f23-5ef6-4254-ab44-85988db80c9a","ts":"2026-07-20T13:12:37.799-04:00","eventName":"n8n.node.finished","message":"n8n.node.finished","payload":{"workflowId":"5VBKbuuujEvgdIGs","workflowName":"power","executionId":"545","nodeType":"n8n-nodes-base.code","nodeName":"Code in JavaScript","nodeId":"60178211-232e-4f7a-8bd9-97a66e5b9ec0"}}
{"__type":"$$EventMessageConfirm","confirm":"6bec2f23-5ef6-4254-ab44-85988db80c9a","ts":"2026-07-20T13:12:37.799-04:00","source":{"id":"0","name":"eventBus"}}
{"__type":"$$EventMessageNode","id":"d07e1255-20f9-4465-8489-9a7a38a645b3","ts":"2026-07-20T13:12:37.799-04:00","eventName":"n8n.node.started","message":"n8n.node.started","payload":{"workflowId":"5VBKbuuujEvgdIGs","workflowName":"power","executionId":"545","nodeType":"n8n-nodes-base.code","nodeName":"Code in JavaScript1","nodeId":"21ac27dd-d85f-45cb-b48f-eb6a3465a56b"}}
{"__type":"$$EventMessageConfirm","confirm":"d07e1255-20f9-4465-8489-9a7a38a645b3","ts":"2026-07-20T13:12:37.799-04:00","source":{"id":"0","name":"eventBus"}}
{"__type":"$$EventMessageRunner","id":"0d497f37-9a69-44c5-8257-984bfc033c80","ts":"2026-07-20T13:12:37.806-04:00","eventName":"n8n.runner.task.requested","message":"n8n.runner.task.requested","payload":{"taskId":"Us1a8Q01","nodeId":"21ac27dd-d85f-45cb-b48f-eb6a3465a56b","workflowId":"5VBKbuuujEvgdIGs","executionId":"545"}}
{"__type":"$$EventMessageConfirm","confirm":"0d497f37-9a69-44c5-8257-984bfc033c80","ts":"2026-07-20T13:12:37.807-04:00","source":{"id":"0","name":"eventBus"}}
{"__type":"$$EventMessageRunner","id":"82c75770-3151-4d6b-93dd-7694f2857b76","ts":"2026-07-20T13:12:37.836-04:00","eventName":"n8n.runner.response.received","message":"n8n.runner.response.received","payload":{"taskId":"Us1a8Q01","nodeId":"21ac27dd-d85f-45cb-b48f-eb6a3465a56b","workflowId":"5VBKbuuujEvgdIGs","executionId":"545"}}
{"__type":"$$EventMessageConfirm","confirm":"82c75770-3151-4d6b-93dd-7694f2857b76","ts":"2026-07-20T13:12:37.836-04:00","source":{"id":"0","name":"eventBus"}}
{"__type":"$$EventMessageNode","id":"8a352635-a949-480c-bb89-4085183a0029","ts":"2026-07-20T13:12:37.836-04:00","eventName":"n8n.node.finished","message":"n8n.node.finished","payload":{"workflowId":"5VBKbuuujEvgdIGs","workflowName":"power","executionId":"545","nodeType":"n8n-nodes-base.code","nodeName":"Code in JavaScript1","nodeId":"21ac27dd-d85f-45cb-b48f-eb6a3465a56b"}}
{"__type":"$$EventMessageConfirm","confirm":"8a352635-a949-480c-bb89-4085183a0029","ts":"2026-07-20T13:12:37.836-04:00","source":{"id":"0","name":"eventBus"}}
{"__type":"$$EventMessageWorkflow","id":"26756255-ce3b-47b2-a641-0a3b3a3e8b84","ts":"2026-07-20T13:12:37.837-04:00","eventName":"n8n.workflow.success","message":"n8n.workflow.success","payload":{"executionId":"545","success":true,"isManual":false,"mode":"webhook","workflowId":"5VBKbuuujEvgdIGs","workflowName":"power"}}
{"__type":"$$EventMessageConfirm","confirm":"26756255-ce3b-47b2-a641-0a3b3a3e8b84","ts":"2026-07-20T13:12:37.837-04:00","source":{"id":"0","name":"eventBus"}}
{"__type":"$$EventMessageWorkflow","id":"eeb5e3a2-0a30-47b3-9e30-93ad64139610","ts":"2026-07-20T13:12:37.940-04:00","eventName":"n8n.workflow.started","message":"n8n.workflow.started","payload":{"executionId":"546","workflowId":"HyiO9yqvE2q5kmov","isManual":false,"mode":"webhook","workflowName":"hvac"}}
{"__type":"$$EventMessageConfirm","confirm":"eeb5e3a2-0a30-47b3-9e30-93ad64139610","ts":"2026-07-20T13:12:37.941-04:00","source":{"id":"0","name":"eventBus"}}
{"__type":"$$EventMessageAudit","id":"d1149d6e-436d-454a-bdc5-03e3abdc64f7","ts":"2026-07-20T13:12:37.946-04:00","eventName":"n8n.audit.workflow.executed","message":"n8n.audit.workflow.executed","payload":{"workflowId":"HyiO9yqvE2q5kmov","workflowName":"hvac","executionId":"546","source":"webhook"}}
{"__type":"$$EventMessageConfirm","confirm":"d1149d6e-436d-454a-bdc5-03e3abdc64f7","ts":"2026-07-20T13:12:37.947-04:00","source":{"id":"0","name":"eventBus"}}
{"__type":"$$EventMessageNode","id":"04e75312-1294-4ece-8d69-dbf4fbdc2736","ts":"2026-07-20T13:12:37.948-04:00","eventName":"n8n.node.started","message":"n8n.node.started","payload":{"workflowId":"HyiO9yqvE2q5kmov","workflowName":"hvac","executionId":"546","nodeType":"n8n-nodes-base.webhook","nodeName":"Webhook","nodeId":"21c4bb7e-a362-421b-819b-e396631df92a"}}
{"__type":"$$EventMessageConfirm","confirm":"04e75312-1294-4ece-8d69-dbf4fbdc2736","ts":"2026-07-20T13:12:37.948-04:00","source":{"id":"0","name":"eventBus"}}
{"__type":"$$EventMessageNode","id":"34ad7424-1921-4d0b-932d-1896ec05098f","ts":"2026-07-20T13:12:37.948-04:00","eventName":"n8n.node.finished","message":"n8n.node.finished","payload":{"workflowId":"HyiO9yqvE2q5kmov","workflowName":"hvac","executionId":"546","nodeType":"n8n-nodes-base.webhook","nodeName":"Webhook","nodeId":"21c4bb7e-a362-421b-819b-e396631df92a"}}
{"__type":"$$EventMessageConfirm","confirm":"34ad7424-1921-4d0b-932d-1896ec05098f","ts":"2026-07-20T13:12:37.949-04:00","source":{"id":"0","name":"eventBus"}}
{"__type":"$$EventMessageNode","id":"b4c4734a-b3e3-4ed4-9df8-857623b122b5","ts":"2026-07-20T13:12:37.949-04:00","eventName":"n8n.node.started","message":"n8n.node.started","payload":{"workflowId":"HyiO9yqvE2q5kmov","workflowName":"hvac","executionId":"546","nodeType":"n8n-nodes-base.code","nodeName":"Code in JavaScript","nodeId":"7f58ebee-2d23-411d-b5ed-d749b73e6774"}}
{"__type":"$$EventMessageConfirm","confirm":"b4c4734a-b3e3-4ed4-9df8-857623b122b5","ts":"2026-07-20T13:12:37.949-04:00","source":{"id":"0","name":"eventBus"}}
{"__type":"$$EventMessageRunner","id":"0d345fb4-bd7b-46b7-849a-dc3a6e3fb439","ts":"2026-07-20T13:12:37.951-04:00","eventName":"n8n.runner.task.requested","message":"n8n.runner.task.requested","payload":{"taskId":"AJW_JdAF","nodeId":"7f58ebee-2d23-411d-b5ed-d749b73e6774","workflowId":"HyiO9yqvE2q5kmov","executionId":"546"}}
{"__type":"$$EventMessageConfirm","confirm":"0d345fb4-bd7b-46b7-849a-dc3a6e3fb439","ts":"2026-07-20T13:12:37.951-04:00","source":{"id":"0","name":"eventBus"}}
{"__type":"$$EventMessageRunner","id":"e5826e7e-05d8-4551-9144-a1ae237e6b21","ts":"2026-07-20T13:12:37.970-04:00","eventName":"n8n.runner.response.received","message":"n8n.runner.response.received","payload":{"taskId":"AJW_JdAF","nodeId":"7f58ebee-2d23-411d-b5ed-d749b73e6774","workflowId":"HyiO9yqvE2q5kmov","executionId":"546"}}
{"__type":"$$EventMessageConfirm","confirm":"e5826e7e-05d8-4551-9144-a1ae237e6b21","ts":"2026-07-20T13:12:37.970-04:00","source":{"id":"0","name":"eventBus"}}
{"__type":"$$EventMessageNode","id":"f6940bc4-13b2-40ec-b4ee-6b9540165056","ts":"2026-07-20T13:12:37.970-04:00","eventName":"n8n.node.finished","message":"n8n.node.finished","payload":{"workflowId":"HyiO9yqvE2q5kmov","workflowName":"hvac","executionId":"546","nodeType":"n8n-nodes-base.code","nodeName":"Code in JavaScript","nodeId":"7f58ebee-2d23-411d-b5ed-d749b73e6774"}}
{"__type":"$$EventMessageConfirm","confirm":"f6940bc4-13b2-40ec-b4ee-6b9540165056","ts":"2026-07-20T13:12:37.971-04:00","source":{"id":"0","name":"eventBus"}}
{"__type":"$$EventMessageNode","id":"ff6fe158-592c-402d-bbdf-6818966caa2d","ts":"2026-07-20T13:12:37.971-04:00","eventName":"n8n.node.started","message":"n8n.node.started","payload":{"workflowId":"HyiO9yqvE2q5kmov","workflowName":"hvac","executionId":"546","nodeType":"n8n-nodes-base.code","nodeName":"Code in JavaScript1","nodeId":"60f93297-09f2-4aac-9a87-0874737aa293"}}
{"__type":"$$EventMessageConfirm","confirm":"ff6fe158-592c-402d-bbdf-6818966caa2d","ts":"2026-07-20T13:12:37.971-04:00","source":{"id":"0","name":"eventBus"}}
{"__type":"$$EventMessageRunner","id":"cfffe487-f0bf-4fae-acc5-9f9652642ba9","ts":"2026-07-20T13:12:37.983-04:00","eventName":"n8n.runner.task.requested","message":"n8n.runner.task.requested","payload":{"taskId":"_FmJyk-_","nodeId":"60f93297-09f2-4aac-9a87-0874737aa293","workflowId":"HyiO9yqvE2q5kmov","executionId":"546"}}
{"__type":"$$EventMessageConfirm","confirm":"cfffe487-f0bf-4fae-acc5-9f9652642ba9","ts":"2026-07-20T13:12:37.984-04:00","source":{"id":"0","name":"eventBus"}}
{"__type":"$$EventMessageRunner","id":"98126c97-f47c-4d3c-aab6-42b75202dd85","ts":"2026-07-20T13:12:38.008-04:00","eventName":"n8n.runner.response.received","message":"n8n.runner.response.received","payload":{"taskId":"_FmJyk-_","nodeId":"60f93297-09f2-4aac-9a87-0874737aa293","workflowId":"HyiO9yqvE2q5kmov","executionId":"546"}}
{"__type":"$$EventMessageConfirm","confirm":"98126c97-f47c-4d3c-aab6-42b75202dd85","ts":"2026-07-20T13:12:38.008-04:00","source":{"id":"0","name":"eventBus"}}
{"__type":"$$EventMessageNode","id":"fceff928-d332-46df-b9a6-7d759859b422","ts":"2026-07-20T13:12:38.009-04:00","eventName":"n8n.node.finished","message":"n8n.node.finished","payload":{"workflowId":"HyiO9yqvE2q5kmov","workflowName":"hvac","executionId":"546","nodeType":"n8n-nodes-base.code","nodeName":"Code in JavaScript1","nodeId":"60f93297-09f2-4aac-9a87-0874737aa293"}}
{"__type":"$$EventMessageConfirm","confirm":"fceff928-d332-46df-b9a6-7d759859b422","ts":"2026-07-20T13:12:38.009-04:00","source":{"id":"0","name":"eventBus"}}
{"__type":"$$EventMessageWorkflow","id":"81f63e79-1a91-49de-90fe-4d83525ea789","ts":"2026-07-20T13:12:38.009-04:00","eventName":"n8n.workflow.success","message":"n8n.workflow.success","payload":{"executionId":"546","success":true,"isManual":false,"mode":"webhook","workflowId":"HyiO9yqvE2q5kmov","workflowName":"hvac"}}
{"__type":"$$EventMessageConfirm","confirm":"81f63e79-1a91-49de-90fe-4d83525ea789","ts":"2026-07-20T13:12:38.010-04:00","source":{"id":"0","name":"eventBus"}}
{"__type":"$$EventMessageWorkflow","id":"c52703c6-a1b9-46d7-b5fe-a1be2e9b673b","ts":"2026-07-20T13:12:38.123-04:00","eventName":"n8n.workflow.started","message":"n8n.workflow.started","payload":{"executionId":"547","workflowId":"4060d0nwMZdXJrUS","isManual":false,"mode":"webhook","workflowName":"alert"}}
{"__type":"$$EventMessageConfirm","confirm":"c52703c6-a1b9-46d7-b5fe-a1be2e9b673b","ts":"2026-07-20T13:12:38.126-04:00","source":{"id":"0","name":"eventBus"}}
{"__type":"$$EventMessageAudit","id":"5ebd728e-82f0-4661-a7ee-b10025e85b18","ts":"2026-07-20T13:12:38.127-04:00","eventName":"n8n.audit.workflow.executed","message":"n8n.audit.workflow.executed","payload":{"workflowId":"4060d0nwMZdXJrUS","workflowName":"alert","executionId":"547","source":"webhook"}}
{"__type":"$$EventMessageConfirm","confirm":"5ebd728e-82f0-4661-a7ee-b10025e85b18","ts":"2026-07-20T13:12:38.127-04:00","source":{"id":"0","name":"eventBus"}}
{"__type":"$$EventMessageNode","id":"9ae17e13-aafb-48ce-8d20-136b86c2f506","ts":"2026-07-20T13:12:38.129-04:00","eventName":"n8n.node.started","message":"n8n.node.started","payload":{"workflowId":"4060d0nwMZdXJrUS","workflowName":"alert","executionId":"547","nodeType":"n8n-nodes-base.webhook","nodeName":"Webhook","nodeId":"45b9a4be-0184-403c-83f3-41cbd14731c8"}}
{"__type":"$$EventMessageConfirm","confirm":"9ae17e13-aafb-48ce-8d20-136b86c2f506","ts":"2026-07-20T13:12:38.129-04:00","source":{"id":"0","name":"eventBus"}}
{"__type":"$$EventMessageNode","id":"9f802982-6f29-40ec-9ff7-e3aa814ab58a","ts":"2026-07-20T13:12:38.129-04:00","eventName":"n8n.node.finished","message":"n8n.node.finished","payload":{"workflowId":"4060d0nwMZdXJrUS","workflowName":"alert","executionId":"547","nodeType":"n8n-nodes-base.webhook","nodeName":"Webhook","nodeId":"45b9a4be-0184-403c-83f3-41cbd14731c8"}}
{"__type":"$$EventMessageConfirm","confirm":"9f802982-6f29-40ec-9ff7-e3aa814ab58a","ts":"2026-07-20T13:12:38.129-04:00","source":{"id":"0","name":"eventBus"}}
{"__type":"$$EventMessageNode","id":"88232529-ed8a-452d-a184-8a8b8b4ee89f","ts":"2026-07-20T13:12:38.129-04:00","eventName":"n8n.node.started","message":"n8n.node.started","payload":{"workflowId":"4060d0nwMZdXJrUS","workflowName":"alert","executionId":"547","nodeType":"n8n-nodes-base.code","nodeName":"Code in JavaScript","nodeId":"847e0d93-8488-41ce-97de-68b297df2b47"}}
{"__type":"$$EventMessageConfirm","confirm":"88232529-ed8a-452d-a184-8a8b8b4ee89f","ts":"2026-07-20T13:12:38.130-04:00","source":{"id":"0","name":"eventBus"}}
{"__type":"$$EventMessageRunner","id":"d032b687-10d6-49c2-80f2-8ff41499c1af","ts":"2026-07-20T13:12:38.132-04:00","eventName":"n8n.runner.task.requested","message":"n8n.runner.task.requested","payload":{"taskId":"P_gKqzPi","nodeId":"847e0d93-8488-41ce-97de-68b297df2b47","workflowId":"4060d0nwMZdXJrUS","executionId":"547"}}
{"__type":"$$EventMessageConfirm","confirm":"d032b687-10d6-49c2-80f2-8ff41499c1af","ts":"2026-07-20T13:12:38.132-04:00","source":{"id":"0","name":"eventBus"}}
{"__type":"$$EventMessageRunner","id":"081bfa77-82f6-470c-a087-03756989ff91","ts":"2026-07-20T13:12:38.150-04:00","eventName":"n8n.runner.response.received","message":"n8n.runner.response.received","payload":{"taskId":"P_gKqzPi","nodeId":"847e0d93-8488-41ce-97de-68b297df2b47","workflowId":"4060d0nwMZdXJrUS","executionId":"547"}}
{"__type":"$$EventMessageConfirm","confirm":"081bfa77-82f6-470c-a087-03756989ff91","ts":"2026-07-20T13:12:38.150-04:00","source":{"id":"0","name":"eventBus"}}
{"__type":"$$EventMessageNode","id":"79efdc3c-5bde-40df-8062-004075ac5429","ts":"2026-07-20T13:12:38.151-04:00","eventName":"n8n.node.finished","message":"n8n.node.finished","payload":{"workflowId":"4060d0nwMZdXJrUS","workflowName":"alert","executionId":"547","nodeType":"n8n-nodes-base.code","nodeName":"Code in JavaScript","nodeId":"847e0d93-8488-41ce-97de-68b297df2b47"}}
{"__type":"$$EventMessageConfirm","confirm":"79efdc3c-5bde-40df-8062-004075ac5429","ts":"2026-07-20T13:12:38.151-04:00","source":{"id":"0","name":"eventBus"}}
{"__type":"$$EventMessageNode","id":"047c9278-53bf-43e6-ab8d-47a0effd0e8a","ts":"2026-07-20T13:12:38.151-04:00","eventName":"n8n.node.started","message":"n8n.node.started","payload":{"workflowId":"4060d0nwMZdXJrUS","workflowName":"alert","executionId":"547","nodeType":"n8n-nodes-base.if","nodeName":"If","nodeId":"a8f0bf21-8151-4783-a4a5-ac8e38d0da13"}}
{"__type":"$$EventMessageConfirm","confirm":"047c9278-53bf-43e6-ab8d-47a0effd0e8a","ts":"2026-07-20T13:12:38.151-04:00","source":{"id":"0","name":"eventBus"}}
{"__type":"$$EventMessageNode","id":"b11c3839-1e38-4615-9c99-e1902cf46293","ts":"2026-07-20T13:12:38.160-04:00","eventName":"n8n.node.finished","message":"n8n.node.finished","payload":{"workflowId":"4060d0nwMZdXJrUS","workflowName":"alert","executionId":"547","nodeType":"n8n-nodes-base.if","nodeName":"If","nodeId":"a8f0bf21-8151-4783-a4a5-ac8e38d0da13"}}
{"__type":"$$EventMessageConfirm","confirm":"b11c3839-1e38-4615-9c99-e1902cf46293","ts":"2026-07-20T13:12:38.160-04:00","source":{"id":"0","name":"eventBus"}}
{"__type":"$$EventMessageNode","id":"e9eb3406-5da4-43d0-ae92-01b774f799fe","ts":"2026-07-20T13:12:38.161-04:00","eventName":"n8n.node.started","message":"n8n.node.started","payload":{"workflowId":"4060d0nwMZdXJrUS","workflowName":"alert","executionId":"547","nodeType":"n8n-nodes-base.code","nodeName":"Code in JavaScript1","nodeId":"50b098bd-b40a-4c90-b2d4-eb880777eaff"}}
{"__type":"$$EventMessageConfirm","confirm":"e9eb3406-5da4-43d0-ae92-01b774f799fe","ts":"2026-07-20T13:12:38.161-04:00","source":{"id":"0","name":"eventBus"}}
{"__type":"$$EventMessageRunner","id":"bd1a975b-b5ec-4b84-90db-4ff9a8854ec0","ts":"2026-07-20T13:12:38.163-04:00","eventName":"n8n.runner.task.requested","message":"n8n.runner.task.requested","payload":{"taskId":"RpC_3mz0","nodeId":"50b098bd-b40a-4c90-b2d4-eb880777eaff","workflowId":"4060d0nwMZdXJrUS","executionId":"547"}}
{"__type":"$$EventMessageConfirm","confirm":"bd1a975b-b5ec-4b84-90db-4ff9a8854ec0","ts":"2026-07-20T13:12:38.164-04:00","source":{"id":"0","name":"eventBus"}}
{"__type":"$$EventMessageRunner","id":"8852cdae-303b-41ba-a869-c366a51a0289","ts":"2026-07-20T13:12:38.182-04:00","eventName":"n8n.runner.response.received","message":"n8n.runner.response.received","payload":{"taskId":"RpC_3mz0","nodeId":"50b098bd-b40a-4c90-b2d4-eb880777eaff","workflowId":"4060d0nwMZdXJrUS","executionId":"547"}}
{"__type":"$$EventMessageConfirm","confirm":"8852cdae-303b-41ba-a869-c366a51a0289","ts":"2026-07-20T13:12:38.182-04:00","source":{"id":"0","name":"eventBus"}}
{"__type":"$$EventMessageNode","id":"d878c2b5-b75f-4a5d-a403-f7cda44b3b3a","ts":"2026-07-20T13:12:38.183-04:00","eventName":"n8n.node.finished","message":"n8n.node.finished","payload":{"workflowId":"4060d0nwMZdXJrUS","workflowName":"alert","executionId":"547","nodeType":"n8n-nodes-base.code","nodeName":"Code in JavaScript1","nodeId":"50b098bd-b40a-4c90-b2d4-eb880777eaff"}}
{"__type":"$$EventMessageConfirm","confirm":"d878c2b5-b75f-4a5d-a403-f7cda44b3b3a","ts":"2026-07-20T13:12:38.183-04:00","source":{"id":"0","name":"eventBus"}}
{"__type":"$$EventMessageWorkflow","id":"76131fe0-41d2-41b3-a534-87ffb6f9ec8e","ts":"2026-07-20T13:12:38.183-04:00","eventName":"n8n.workflow.success","message":"n8n.workflow.success","payload":{"executionId":"547","success":true,"isManual":false,"mode":"webhook","workflowId":"4060d0nwMZdXJrUS","workflowName":"alert"}}
{"__type":"$$EventMessageConfirm","confirm":"76131fe0-41d2-41b3-a534-87ffb6f9ec8e","ts":"2026-07-20T13:12:38.183-04:00","source":{"id":"0","name":"eventBus"}}
{"__type":"$$EventMessageWorkflow","id":"63c708b8-c8f7-46ba-9d27-77f2d1b16453","ts":"2026-07-20T13:13:48.945-04:00","eventName":"n8n.workflow.started","message":"n8n.workflow.started","payload":{"executionId":"548","workflowId":"5VBKbuuujEvgdIGs","isManual":false,"mode":"webhook","workflowName":"power"}}
{"__type":"$$EventMessageConfirm","confirm":"63c708b8-c8f7-46ba-9d27-77f2d1b16453","ts":"2026-07-20T13:13:48.947-04:00","source":{"id":"0","name":"eventBus"}}
{"__type":"$$EventMessageAudit","id":"d550edd8-36a7-48a9-bd67-555270e79982","ts":"2026-07-20T13:13:48.949-04:00","eventName":"n8n.audit.workflow.executed","message":"n8n.audit.workflow.executed","payload":{"workflowId":"5VBKbuuujEvgdIGs","workflowName":"power","executionId":"548","source":"webhook"}}
{"__type":"$$EventMessageConfirm","confirm":"d550edd8-36a7-48a9-bd67-555270e79982","ts":"2026-07-20T13:13:48.950-04:00","source":{"id":"0","name":"eventBus"}}
{"__type":"$$EventMessageNode","id":"19e7c21d-8c49-4222-ae9f-3d2add31d226","ts":"2026-07-20T13:13:48.955-04:00","eventName":"n8n.node.started","message":"n8n.node.started","payload":{"workflowId":"5VBKbuuujEvgdIGs","workflowName":"power","executionId":"548","nodeType":"n8n-nodes-base.webhook","nodeName":"Webhook","nodeId":"d2f68568-3d63-4615-8950-d51b3313419d"}}
{"__type":"$$EventMessageConfirm","confirm":"19e7c21d-8c49-4222-ae9f-3d2add31d226","ts":"2026-07-20T13:13:48.955-04:00","source":{"id":"0","name":"eventBus"}}
{"__type":"$$EventMessageNode","id":"00a390c3-1717-41a6-971a-4c6844cf3dc6","ts":"2026-07-20T13:13:48.956-04:00","eventName":"n8n.node.finished","message":"n8n.node.finished","payload":{"workflowId":"5VBKbuuujEvgdIGs","workflowName":"power","executionId":"548","nodeType":"n8n-nodes-base.webhook","nodeName":"Webhook","nodeId":"d2f68568-3d63-4615-8950-d51b3313419d"}}
{"__type":"$$EventMessageConfirm","confirm":"00a390c3-1717-41a6-971a-4c6844cf3dc6","ts":"2026-07-20T13:13:48.956-04:00","source":{"id":"0","name":"eventBus"}}
{"__type":"$$EventMessageNode","id":"10652648-fe33-4158-8bff-df8c7c91fb15","ts":"2026-07-20T13:13:48.956-04:00","eventName":"n8n.node.started","message":"n8n.node.started","payload":{"workflowId":"5VBKbuuujEvgdIGs","workflowName":"power","executionId":"548","nodeType":"n8n-nodes-base.code","nodeName":"Code in JavaScript","nodeId":"60178211-232e-4f7a-8bd9-97a66e5b9ec0"}}
{"__type":"$$EventMessageConfirm","confirm":"10652648-fe33-4158-8bff-df8c7c91fb15","ts":"2026-07-20T13:13:48.956-04:00","source":{"id":"0","name":"eventBus"}}
{"__type":"$$EventMessageRunner","id":"7a3864fb-997f-49aa-a308-9c3e39919574","ts":"2026-07-20T13:13:48.958-04:00","eventName":"n8n.runner.task.requested","message":"n8n.runner.task.requested","payload":{"taskId":"k_PTtbiz","nodeId":"60178211-232e-4f7a-8bd9-97a66e5b9ec0","workflowId":"5VBKbuuujEvgdIGs","executionId":"548"}}
{"__type":"$$EventMessageConfirm","confirm":"7a3864fb-997f-49aa-a308-9c3e39919574","ts":"2026-07-20T13:13:48.959-04:00","source":{"id":"0","name":"eventBus"}}
{"__type":"$$EventMessageRunner","id":"4797a305-6371-44b5-8d57-06acbfff2bc5","ts":"2026-07-20T13:13:48.974-04:00","eventName":"n8n.runner.response.received","message":"n8n.runner.response.received","payload":{"taskId":"k_PTtbiz","nodeId":"60178211-232e-4f7a-8bd9-97a66e5b9ec0","workflowId":"5VBKbuuujEvgdIGs","executionId":"548"}}
{"__type":"$$EventMessageConfirm","confirm":"4797a305-6371-44b5-8d57-06acbfff2bc5","ts":"2026-07-20T13:13:48.974-04:00","source":{"id":"0","name":"eventBus"}}
{"__type":"$$EventMessageNode","id":"c0797b3e-6a83-49d8-98ac-db781c5a752d","ts":"2026-07-20T13:13:48.974-04:00","eventName":"n8n.node.finished","message":"n8n.node.finished","payload":{"workflowId":"5VBKbuuujEvgdIGs","workflowName":"power","executionId":"548","nodeType":"n8n-nodes-base.code","nodeName":"Code in JavaScript","nodeId":"60178211-232e-4f7a-8bd9-97a66e5b9ec0"}}
{"__type":"$$EventMessageConfirm","confirm":"c0797b3e-6a83-49d8-98ac-db781c5a752d","ts":"2026-07-20T13:13:48.974-04:00","source":{"id":"0","name":"eventBus"}}
{"__type":"$$EventMessageNode","id":"be31b15e-4f28-4067-a2d7-79407f1ec622","ts":"2026-07-20T13:13:48.974-04:00","eventName":"n8n.node.started","message":"n8n.node.started","payload":{"workflowId":"5VBKbuuujEvgdIGs","workflowName":"power","executionId":"548","nodeType":"n8n-nodes-base.code","nodeName":"Code in JavaScript1","nodeId":"21ac27dd-d85f-45cb-b48f-eb6a3465a56b"}}
{"__type":"$$EventMessageConfirm","confirm":"be31b15e-4f28-4067-a2d7-79407f1ec622","ts":"2026-07-20T13:13:48.974-04:00","source":{"id":"0","name":"eventBus"}}
{"__type":"$$EventMessageRunner","id":"1df8f18c-41e7-45c9-8f73-3623400b88b9","ts":"2026-07-20T13:13:48.979-04:00","eventName":"n8n.runner.task.requested","message":"n8n.runner.task.requested","payload":{"taskId":"SmeYmfJt","nodeId":"21ac27dd-d85f-45cb-b48f-eb6a3465a56b","workflowId":"5VBKbuuujEvgdIGs","executionId":"548"}}
{"__type":"$$EventMessageConfirm","confirm":"1df8f18c-41e7-45c9-8f73-3623400b88b9","ts":"2026-07-20T13:13:48.979-04:00","source":{"id":"0","name":"eventBus"}}
{"__type":"$$EventMessageRunner","id":"0a6897d6-1de0-417c-aeaa-7f31f121ee2f","ts":"2026-07-20T13:13:49.001-04:00","eventName":"n8n.runner.response.received","message":"n8n.runner.response.received","payload":{"taskId":"SmeYmfJt","nodeId":"21ac27dd-d85f-45cb-b48f-eb6a3465a56b","workflowId":"5VBKbuuujEvgdIGs","executionId":"548"}}
{"__type":"$$EventMessageConfirm","confirm":"0a6897d6-1de0-417c-aeaa-7f31f121ee2f","ts":"2026-07-20T13:13:49.002-04:00","source":{"id":"0","name":"eventBus"}}
{"__type":"$$EventMessageNode","id":"0c72fbd9-06c8-48c7-a6b3-2ab372afe20e","ts":"2026-07-20T13:13:49.003-04:00","eventName":"n8n.node.finished","message":"n8n.node.finished","payload":{"workflowId":"5VBKbuuujEvgdIGs","workflowName":"power","executionId":"548","nodeType":"n8n-nodes-base.code","nodeName":"Code in JavaScript1","nodeId":"21ac27dd-d85f-45cb-b48f-eb6a3465a56b"}}
{"__type":"$$EventMessageConfirm","confirm":"0c72fbd9-06c8-48c7-a6b3-2ab372afe20e","ts":"2026-07-20T13:13:49.003-04:00","source":{"id":"0","name":"eventBus"}}
{"__type":"$$EventMessageWorkflow","id":"ceb2ec18-39a4-4c32-a03c-a28beff0ea55","ts":"2026-07-20T13:13:49.003-04:00","eventName":"n8n.workflow.success","message":"n8n.workflow.success","payload":{"executionId":"548","success":true,"isManual":false,"mode":"webhook","workflowId":"5VBKbuuujEvgdIGs","workflowName":"power"}}
{"__type":"$$EventMessageConfirm","confirm":"ceb2ec18-39a4-4c32-a03c-a28beff0ea55","ts":"2026-07-20T13:13:49.003-04:00","source":{"id":"0","name":"eventBus"}}
{"__type":"$$EventMessageWorkflow","id":"4b5cf41f-80ec-463f-b745-a10f6ecc75b7","ts":"2026-07-20T13:13:49.113-04:00","eventName":"n8n.workflow.started","message":"n8n.workflow.started","payload":{"executionId":"549","workflowId":"HyiO9yqvE2q5kmov","isManual":false,"mode":"webhook","workflowName":"hvac"}}
{"__type":"$$EventMessageConfirm","confirm":"4b5cf41f-80ec-463f-b745-a10f6ecc75b7","ts":"2026-07-20T13:13:49.113-04:00","source":{"id":"0","name":"eventBus"}}
{"__type":"$$EventMessageAudit","id":"b05a75cc-14cb-4302-8e11-44f5ecfaa4de","ts":"2026-07-20T13:13:49.114-04:00","eventName":"n8n.audit.workflow.executed","message":"n8n.audit.workflow.executed","payload":{"workflowId":"HyiO9yqvE2q5kmov","workflowName":"hvac","executionId":"549","source":"webhook"}}
{"__type":"$$EventMessageConfirm","confirm":"b05a75cc-14cb-4302-8e11-44f5ecfaa4de","ts":"2026-07-20T13:13:49.114-04:00","source":{"id":"0","name":"eventBus"}}
{"__type":"$$EventMessageNode","id":"a3578a27-6019-42ab-894e-1af9a2006eb9","ts":"2026-07-20T13:13:49.115-04:00","eventName":"n8n.node.started","message":"n8n.node.started","payload":{"workflowId":"HyiO9yqvE2q5kmov","workflowName":"hvac","executionId":"549","nodeType":"n8n-nodes-base.webhook","nodeName":"Webhook","nodeId":"21c4bb7e-a362-421b-819b-e396631df92a"}}
{"__type":"$$EventMessageConfirm","confirm":"a3578a27-6019-42ab-894e-1af9a2006eb9","ts":"2026-07-20T13:13:49.115-04:00","source":{"id":"0","name":"eventBus"}}
{"__type":"$$EventMessageNode","id":"acc33d32-1786-471f-99d4-4896a1b08027","ts":"2026-07-20T13:13:49.115-04:00","eventName":"n8n.node.finished","message":"n8n.node.finished","payload":{"workflowId":"HyiO9yqvE2q5kmov","workflowName":"hvac","executionId":"549","nodeType":"n8n-nodes-base.webhook","nodeName":"Webhook","nodeId":"21c4bb7e-a362-421b-819b-e396631df92a"}}
{"__type":"$$EventMessageConfirm","confirm":"acc33d32-1786-471f-99d4-4896a1b08027","ts":"2026-07-20T13:13:49.115-04:00","source":{"id":"0","name":"eventBus"}}
{"__type":"$$EventMessageNode","id":"7c5bce3d-25b5-4d99-8e5b-e0d736435161","ts":"2026-07-20T13:13:49.115-04:00","eventName":"n8n.node.started","message":"n8n.node.started","payload":{"workflowId":"HyiO9yqvE2q5kmov","workflowName":"hvac","executionId":"549","nodeType":"n8n-nodes-base.code","nodeName":"Code in JavaScript","nodeId":"7f58ebee-2d23-411d-b5ed-d749b73e6774"}}
{"__type":"$$EventMessageConfirm","confirm":"7c5bce3d-25b5-4d99-8e5b-e0d736435161","ts":"2026-07-20T13:13:49.115-04:00","source":{"id":"0","name":"eventBus"}}
{"__type":"$$EventMessageRunner","id":"c64cf94d-d242-42d8-a942-e4847e3f4867","ts":"2026-07-20T13:13:49.117-04:00","eventName":"n8n.runner.task.requested","message":"n8n.runner.task.requested","payload":{"taskId":"2IPv7pdk","nodeId":"7f58ebee-2d23-411d-b5ed-d749b73e6774","workflowId":"HyiO9yqvE2q5kmov","executionId":"549"}}
{"__type":"$$EventMessageConfirm","confirm":"c64cf94d-d242-42d8-a942-e4847e3f4867","ts":"2026-07-20T13:13:49.117-04:00","source":{"id":"0","name":"eventBus"}}
{"__type":"$$EventMessageRunner","id":"9f6047fd-623e-4e2e-827d-78a8ea68d982","ts":"2026-07-20T13:13:49.127-04:00","eventName":"n8n.runner.response.received","message":"n8n.runner.response.received","payload":{"taskId":"2IPv7pdk","nodeId":"7f58ebee-2d23-411d-b5ed-d749b73e6774","workflowId":"HyiO9yqvE2q5kmov","executionId":"549"}}
{"__type":"$$EventMessageConfirm","confirm":"9f6047fd-623e-4e2e-827d-78a8ea68d982","ts":"2026-07-20T13:13:49.127-04:00","source":{"id":"0","name":"eventBus"}}
{"__type":"$$EventMessageNode","id":"322a1cc0-724b-4ba5-9cb7-df8c32b5e6a9","ts":"2026-07-20T13:13:49.127-04:00","eventName":"n8n.node.finished","message":"n8n.node.finished","payload":{"workflowId":"HyiO9yqvE2q5kmov","workflowName":"hvac","executionId":"549","nodeType":"n8n-nodes-base.code","nodeName":"Code in JavaScript","nodeId":"7f58ebee-2d23-411d-b5ed-d749b73e6774"}}
{"__type":"$$EventMessageConfirm","confirm":"322a1cc0-724b-4ba5-9cb7-df8c32b5e6a9","ts":"2026-07-20T13:13:49.127-04:00","source":{"id":"0","name":"eventBus"}}
{"__type":"$$EventMessageNode","id":"daf9aaac-1209-4bfd-9c32-a698e7391018","ts":"2026-07-20T13:13:49.127-04:00","eventName":"n8n.node.started","message":"n8n.node.started","payload":{"workflowId":"HyiO9yqvE2q5kmov","workflowName":"hvac","executionId":"549","nodeType":"n8n-nodes-base.code","nodeName":"Code in JavaScript1","nodeId":"60f93297-09f2-4aac-9a87-0874737aa293"}}
{"__type":"$$EventMessageConfirm","confirm":"daf9aaac-1209-4bfd-9c32-a698e7391018","ts":"2026-07-20T13:13:49.127-04:00","source":{"id":"0","name":"eventBus"}}
{"__type":"$$EventMessageRunner","id":"feea3aa2-533e-49ee-abef-3402574cffde","ts":"2026-07-20T13:13:49.132-04:00","eventName":"n8n.runner.task.requested","message":"n8n.runner.task.requested","payload":{"taskId":"hmCMN3F9","nodeId":"60f93297-09f2-4aac-9a87-0874737aa293","workflowId":"HyiO9yqvE2q5kmov","executionId":"549"}}
{"__type":"$$EventMessageConfirm","confirm":"feea3aa2-533e-49ee-abef-3402574cffde","ts":"2026-07-20T13:13:49.132-04:00","source":{"id":"0","name":"eventBus"}}
{"__type":"$$EventMessageRunner","id":"866ccb2a-585f-47e8-9fc3-c7ee7a632726","ts":"2026-07-20T13:13:49.154-04:00","eventName":"n8n.runner.response.received","message":"n8n.runner.response.received","payload":{"taskId":"hmCMN3F9","nodeId":"60f93297-09f2-4aac-9a87-0874737aa293","workflowId":"HyiO9yqvE2q5kmov","executionId":"549"}}
{"__type":"$$EventMessageConfirm","confirm":"866ccb2a-585f-47e8-9fc3-c7ee7a632726","ts":"2026-07-20T13:13:49.154-04:00","source":{"id":"0","name":"eventBus"}}
{"__type":"$$EventMessageNode","id":"da03144a-3a98-4bc5-9798-cdb4e6a65684","ts":"2026-07-20T13:13:49.155-04:00","eventName":"n8n.node.finished","message":"n8n.node.finished","payload":{"workflowId":"HyiO9yqvE2q5kmov","workflowName":"hvac","executionId":"549","nodeType":"n8n-nodes-base.code","nodeName":"Code in JavaScript1","nodeId":"60f93297-09f2-4aac-9a87-0874737aa293"}}
{"__type":"$$EventMessageConfirm","confirm":"da03144a-3a98-4bc5-9798-cdb4e6a65684","ts":"2026-07-20T13:13:49.155-04:00","source":{"id":"0","name":"eventBus"}}
{"__type":"$$EventMessageWorkflow","id":"4ab0731c-c430-4bfb-a6e9-b6a5cd9d89f3","ts":"2026-07-20T13:13:49.156-04:00","eventName":"n8n.workflow.success","message":"n8n.workflow.success","payload":{"executionId":"549","success":true,"isManual":false,"mode":"webhook","workflowId":"HyiO9yqvE2q5kmov","workflowName":"hvac"}}
{"__type":"$$EventMessageConfirm","confirm":"4ab0731c-c430-4bfb-a6e9-b6a5cd9d89f3","ts":"2026-07-20T13:13:49.156-04:00","source":{"id":"0","name":"eventBus"}}
{"__type":"$$EventMessageWorkflow","id":"f4503991-e75e-4c1c-8d17-c207319c7174","ts":"2026-07-20T13:13:49.245-04:00","eventName":"n8n.workflow.started","message":"n8n.workflow.started","payload":{"executionId":"550","workflowId":"4060d0nwMZdXJrUS","isManual":false,"mode":"webhook","workflowName":"alert"}}
{"__type":"$$EventMessageConfirm","confirm":"f4503991-e75e-4c1c-8d17-c207319c7174","ts":"2026-07-20T13:13:49.245-04:00","source":{"id":"0","name":"eventBus"}}
{"__type":"$$EventMessageAudit","id":"5e1bffce-d6e2-426d-9ce3-1973c0cd4ccf","ts":"2026-07-20T13:13:49.246-04:00","eventName":"n8n.audit.workflow.executed","message":"n8n.audit.workflow.executed","payload":{"workflowId":"4060d0nwMZdXJrUS","workflowName":"alert","executionId":"550","source":"webhook"}}
{"__type":"$$EventMessageConfirm","confirm":"5e1bffce-d6e2-426d-9ce3-1973c0cd4ccf","ts":"2026-07-20T13:13:49.246-04:00","source":{"id":"0","name":"eventBus"}}
{"__type":"$$EventMessageNode","id":"60fd06a5-72a5-4c00-8772-37ee45ac5ded","ts":"2026-07-20T13:13:49.247-04:00","eventName":"n8n.node.started","message":"n8n.node.started","payload":{"workflowId":"4060d0nwMZdXJrUS","workflowName":"alert","executionId":"550","nodeType":"n8n-nodes-base.webhook","nodeName":"Webhook","nodeId":"45b9a4be-0184-403c-83f3-41cbd14731c8"}}
{"__type":"$$EventMessageConfirm","confirm":"60fd06a5-72a5-4c00-8772-37ee45ac5ded","ts":"2026-07-20T13:13:49.247-04:00","source":{"id":"0","name":"eventBus"}}
{"__type":"$$EventMessageNode","id":"b4988ee0-450a-4885-8541-c12fac992039","ts":"2026-07-20T13:13:49.248-04:00","eventName":"n8n.node.finished","message":"n8n.node.finished","payload":{"workflowId":"4060d0nwMZdXJrUS","workflowName":"alert","executionId":"550","nodeType":"n8n-nodes-base.webhook","nodeName":"Webhook","nodeId":"45b9a4be-0184-403c-83f3-41cbd14731c8"}}
{"__type":"$$EventMessageConfirm","confirm":"b4988ee0-450a-4885-8541-c12fac992039","ts":"2026-07-20T13:13:49.248-04:00","source":{"id":"0","name":"eventBus"}}
{"__type":"$$EventMessageNode","id":"1b5e8272-3b28-4f65-ad3a-569cd67e01b8","ts":"2026-07-20T13:13:49.248-04:00","eventName":"n8n.node.started","message":"n8n.node.started","payload":{"workflowId":"4060d0nwMZdXJrUS","workflowName":"alert","executionId":"550","nodeType":"n8n-nodes-base.code","nodeName":"Code in JavaScript","nodeId":"847e0d93-8488-41ce-97de-68b297df2b47"}}
{"__type":"$$EventMessageConfirm","confirm":"1b5e8272-3b28-4f65-ad3a-569cd67e01b8","ts":"2026-07-20T13:13:49.248-04:00","source":{"id":"0","name":"eventBus"}}
{"__type":"$$EventMessageRunner","id":"0979502c-6762-446b-9a67-a334b41b665c","ts":"2026-07-20T13:13:49.249-04:00","eventName":"n8n.runner.task.requested","message":"n8n.runner.task.requested","payload":{"taskId":"k7qDVKJL","nodeId":"847e0d93-8488-41ce-97de-68b297df2b47","workflowId":"4060d0nwMZdXJrUS","executionId":"550"}}
{"__type":"$$EventMessageConfirm","confirm":"0979502c-6762-446b-9a67-a334b41b665c","ts":"2026-07-20T13:13:49.249-04:00","source":{"id":"0","name":"eventBus"}}
{"__type":"$$EventMessageRunner","id":"82fc0772-e3e7-419f-b45e-99dfd7a69902","ts":"2026-07-20T13:13:49.259-04:00","eventName":"n8n.runner.response.received","message":"n8n.runner.response.received","payload":{"taskId":"k7qDVKJL","nodeId":"847e0d93-8488-41ce-97de-68b297df2b47","workflowId":"4060d0nwMZdXJrUS","executionId":"550"}}
{"__type":"$$EventMessageConfirm","confirm":"82fc0772-e3e7-419f-b45e-99dfd7a69902","ts":"2026-07-20T13:13:49.260-04:00","source":{"id":"0","name":"eventBus"}}
{"__type":"$$EventMessageNode","id":"5f02a4f3-d5dc-4633-8e3a-008ab1ab9434","ts":"2026-07-20T13:13:49.260-04:00","eventName":"n8n.node.finished","message":"n8n.node.finished","payload":{"workflowId":"4060d0nwMZdXJrUS","workflowName":"alert","executionId":"550","nodeType":"n8n-nodes-base.code","nodeName":"Code in JavaScript","nodeId":"847e0d93-8488-41ce-97de-68b297df2b47"}}
{"__type":"$$EventMessageConfirm","confirm":"5f02a4f3-d5dc-4633-8e3a-008ab1ab9434","ts":"2026-07-20T13:13:49.260-04:00","source":{"id":"0","name":"eventBus"}}
{"__type":"$$EventMessageNode","id":"e05d0e95-71f3-4d11-8d0b-589f296f4faa","ts":"2026-07-20T13:13:49.260-04:00","eventName":"n8n.node.started","message":"n8n.node.started","payload":{"workflowId":"4060d0nwMZdXJrUS","workflowName":"alert","executionId":"550","nodeType":"n8n-nodes-base.if","nodeName":"If","nodeId":"a8f0bf21-8151-4783-a4a5-ac8e38d0da13"}}
{"__type":"$$EventMessageConfirm","confirm":"e05d0e95-71f3-4d11-8d0b-589f296f4faa","ts":"2026-07-20T13:13:49.260-04:00","source":{"id":"0","name":"eventBus"}}
{"__type":"$$EventMessageNode","id":"841ce530-b478-486a-8093-9313d20c227f","ts":"2026-07-20T13:13:49.262-04:00","eventName":"n8n.node.finished","message":"n8n.node.finished","payload":{"workflowId":"4060d0nwMZdXJrUS","workflowName":"alert","executionId":"550","nodeType":"n8n-nodes-base.if","nodeName":"If","nodeId":"a8f0bf21-8151-4783-a4a5-ac8e38d0da13"}}
{"__type":"$$EventMessageConfirm","confirm":"841ce530-b478-486a-8093-9313d20c227f","ts":"2026-07-20T13:13:49.262-04:00","source":{"id":"0","name":"eventBus"}}
{"__type":"$$EventMessageNode","id":"11ad1764-42e5-4758-bf6f-0248c4e73a19","ts":"2026-07-20T13:13:49.263-04:00","eventName":"n8n.node.started","message":"n8n.node.started","payload":{"workflowId":"4060d0nwMZdXJrUS","workflowName":"alert","executionId":"550","nodeType":"n8n-nodes-base.code","nodeName":"Code in JavaScript1","nodeId":"50b098bd-b40a-4c90-b2d4-eb880777eaff"}}
{"__type":"$$EventMessageConfirm","confirm":"11ad1764-42e5-4758-bf6f-0248c4e73a19","ts":"2026-07-20T13:13:49.263-04:00","source":{"id":"0","name":"eventBus"}}
{"__type":"$$EventMessageRunner","id":"b6689691-3ac9-4369-8d9d-955f924d2548","ts":"2026-07-20T13:13:49.265-04:00","eventName":"n8n.runner.task.requested","message":"n8n.runner.task.requested","payload":{"taskId":"IzPviHXn","nodeId":"50b098bd-b40a-4c90-b2d4-eb880777eaff","workflowId":"4060d0nwMZdXJrUS","executionId":"550"}}
{"__type":"$$EventMessageConfirm","confirm":"b6689691-3ac9-4369-8d9d-955f924d2548","ts":"2026-07-20T13:13:49.265-04:00","source":{"id":"0","name":"eventBus"}}
{"__type":"$$EventMessageRunner","id":"00a244f7-cb3e-47c3-864d-821c3fe41db7","ts":"2026-07-20T13:13:49.277-04:00","eventName":"n8n.runner.response.received","message":"n8n.runner.response.received","payload":{"taskId":"IzPviHXn","nodeId":"50b098bd-b40a-4c90-b2d4-eb880777eaff","workflowId":"4060d0nwMZdXJrUS","executionId":"550"}}
{"__type":"$$EventMessageConfirm","confirm":"00a244f7-cb3e-47c3-864d-821c3fe41db7","ts":"2026-07-20T13:13:49.277-04:00","source":{"id":"0","name":"eventBus"}}
{"__type":"$$EventMessageNode","id":"d6f88fe8-f3da-4831-a432-d1981075c133","ts":"2026-07-20T13:13:49.277-04:00","eventName":"n8n.node.finished","message":"n8n.node.finished","payload":{"workflowId":"4060d0nwMZdXJrUS","workflowName":"alert","executionId":"550","nodeType":"n8n-nodes-base.code","nodeName":"Code in JavaScript1","nodeId":"50b098bd-b40a-4c90-b2d4-eb880777eaff"}}
{"__type":"$$EventMessageConfirm","confirm":"d6f88fe8-f3da-4831-a432-d1981075c133","ts":"2026-07-20T13:13:49.277-04:00","source":{"id":"0","name":"eventBus"}}
{"__type":"$$EventMessageWorkflow","id":"99e2eb4d-8f10-4579-882d-b50c4ae79d6f","ts":"2026-07-20T13:13:49.278-04:00","eventName":"n8n.workflow.success","message":"n8n.workflow.success","payload":{"executionId":"550","success":true,"isManual":false,"mode":"webhook","workflowId":"4060d0nwMZdXJrUS","workflowName":"alert"}}
{"__type":"$$EventMessageConfirm","confirm":"99e2eb4d-8f10-4579-882d-b50c4ae79d6f","ts":"2026-07-20T13:13:49.278-04:00","source":{"id":"0","name":"eventBus"}}
{"__type":"$$EventMessageWorkflow","id":"b1d5b9ee-41db-4935-988e-2fe6341e8c19","ts":"2026-07-20T13:14:54.080-04:00","eventName":"n8n.workflow.started","message":"n8n.workflow.started","payload":{"executionId":"551","workflowId":"5VBKbuuujEvgdIGs","isManual":false,"mode":"webhook","workflowName":"power"}}
{"__type":"$$EventMessageConfirm","confirm":"b1d5b9ee-41db-4935-988e-2fe6341e8c19","ts":"2026-07-20T13:14:54.080-04:00","source":{"id":"0","name":"eventBus"}}
{"__type":"$$EventMessageAudit","id":"13bfd37c-0b99-4302-9b48-0247605272c1","ts":"2026-07-20T13:14:54.081-04:00","eventName":"n8n.audit.workflow.executed","message":"n8n.audit.workflow.executed","payload":{"workflowId":"5VBKbuuujEvgdIGs","workflowName":"power","executionId":"551","source":"webhook"}}
{"__type":"$$EventMessageConfirm","confirm":"13bfd37c-0b99-4302-9b48-0247605272c1","ts":"2026-07-20T13:14:54.081-04:00","source":{"id":"0","name":"eventBus"}}
{"__type":"$$EventMessageNode","id":"a7c75752-f6e9-493c-97af-f7bbba3bae05","ts":"2026-07-20T13:14:54.082-04:00","eventName":"n8n.node.started","message":"n8n.node.started","payload":{"workflowId":"5VBKbuuujEvgdIGs","workflowName":"power","executionId":"551","nodeType":"n8n-nodes-base.webhook","nodeName":"Webhook","nodeId":"d2f68568-3d63-4615-8950-d51b3313419d"}}
{"__type":"$$EventMessageConfirm","confirm":"a7c75752-f6e9-493c-97af-f7bbba3bae05","ts":"2026-07-20T13:14:54.082-04:00","source":{"id":"0","name":"eventBus"}}
{"__type":"$$EventMessageNode","id":"cd7a3e0b-d199-49d7-93df-5a41973a35f1","ts":"2026-07-20T13:14:54.082-04:00","eventName":"n8n.node.finished","message":"n8n.node.finished","payload":{"workflowId":"5VBKbuuujEvgdIGs","workflowName":"power","executionId":"551","nodeType":"n8n-nodes-base.webhook","nodeName":"Webhook","nodeId":"d2f68568-3d63-4615-8950-d51b3313419d"}}
{"__type":"$$EventMessageConfirm","confirm":"cd7a3e0b-d199-49d7-93df-5a41973a35f1","ts":"2026-07-20T13:14:54.082-04:00","source":{"id":"0","name":"eventBus"}}
{"__type":"$$EventMessageNode","id":"42bf15fe-2c4b-436d-a649-f8951289d407","ts":"2026-07-20T13:14:54.083-04:00","eventName":"n8n.node.started","message":"n8n.node.started","payload":{"workflowId":"5VBKbuuujEvgdIGs","workflowName":"power","executionId":"551","nodeType":"n8n-nodes-base.code","nodeName":"Code in JavaScript","nodeId":"60178211-232e-4f7a-8bd9-97a66e5b9ec0"}}
{"__type":"$$EventMessageConfirm","confirm":"42bf15fe-2c4b-436d-a649-f8951289d407","ts":"2026-07-20T13:14:54.083-04:00","source":{"id":"0","name":"eventBus"}}
{"__type":"$$EventMessageRunner","id":"c28406e4-080e-407c-883b-a45bcc82e07a","ts":"2026-07-20T13:14:54.085-04:00","eventName":"n8n.runner.task.requested","message":"n8n.runner.task.requested","payload":{"taskId":"t0THa9Pk","nodeId":"60178211-232e-4f7a-8bd9-97a66e5b9ec0","workflowId":"5VBKbuuujEvgdIGs","executionId":"551"}}
{"__type":"$$EventMessageConfirm","confirm":"c28406e4-080e-407c-883b-a45bcc82e07a","ts":"2026-07-20T13:14:54.085-04:00","source":{"id":"0","name":"eventBus"}}
{"__type":"$$EventMessageRunner","id":"4c30fb31-2436-450a-947d-ff674adc4409","ts":"2026-07-20T13:14:54.092-04:00","eventName":"n8n.runner.response.received","message":"n8n.runner.response.received","payload":{"taskId":"t0THa9Pk","nodeId":"60178211-232e-4f7a-8bd9-97a66e5b9ec0","workflowId":"5VBKbuuujEvgdIGs","executionId":"551"}}
{"__type":"$$EventMessageConfirm","confirm":"4c30fb31-2436-450a-947d-ff674adc4409","ts":"2026-07-20T13:14:54.093-04:00","source":{"id":"0","name":"eventBus"}}
{"__type":"$$EventMessageNode","id":"e072fb02-e95d-4a3d-9ec0-2a6b015236ed","ts":"2026-07-20T13:14:54.093-04:00","eventName":"n8n.node.finished","message":"n8n.node.finished","payload":{"workflowId":"5VBKbuuujEvgdIGs","workflowName":"power","executionId":"551","nodeType":"n8n-nodes-base.code","nodeName":"Code in JavaScript","nodeId":"60178211-232e-4f7a-8bd9-97a66e5b9ec0"}}
{"__type":"$$EventMessageConfirm","confirm":"e072fb02-e95d-4a3d-9ec0-2a6b015236ed","ts":"2026-07-20T13:14:54.093-04:00","source":{"id":"0","name":"eventBus"}}
{"__type":"$$EventMessageNode","id":"91fddb05-5759-4077-beb6-16f94b2b436a","ts":"2026-07-20T13:14:54.094-04:00","eventName":"n8n.node.started","message":"n8n.node.started","payload":{"workflowId":"5VBKbuuujEvgdIGs","workflowName":"power","executionId":"551","nodeType":"n8n-nodes-base.code","nodeName":"Code in JavaScript1","nodeId":"21ac27dd-d85f-45cb-b48f-eb6a3465a56b"}}
{"__type":"$$EventMessageConfirm","confirm":"91fddb05-5759-4077-beb6-16f94b2b436a","ts":"2026-07-20T13:14:54.094-04:00","source":{"id":"0","name":"eventBus"}}
{"__type":"$$EventMessageRunner","id":"151a0138-8470-4705-bfa5-8cc98042d93d","ts":"2026-07-20T13:14:54.096-04:00","eventName":"n8n.runner.task.requested","message":"n8n.runner.task.requested","payload":{"taskId":"aswqN-W9","nodeId":"21ac27dd-d85f-45cb-b48f-eb6a3465a56b","workflowId":"5VBKbuuujEvgdIGs","executionId":"551"}}
{"__type":"$$EventMessageConfirm","confirm":"151a0138-8470-4705-bfa5-8cc98042d93d","ts":"2026-07-20T13:14:54.096-04:00","source":{"id":"0","name":"eventBus"}}
{"__type":"$$EventMessageRunner","id":"8303dea0-f174-4199-9215-0178b74ebb8a","ts":"2026-07-20T13:14:54.115-04:00","eventName":"n8n.runner.response.received","message":"n8n.runner.response.received","payload":{"taskId":"aswqN-W9","nodeId":"21ac27dd-d85f-45cb-b48f-eb6a3465a56b","workflowId":"5VBKbuuujEvgdIGs","executionId":"551"}}
{"__type":"$$EventMessageConfirm","confirm":"8303dea0-f174-4199-9215-0178b74ebb8a","ts":"2026-07-20T13:14:54.115-04:00","source":{"id":"0","name":"eventBus"}}
{"__type":"$$EventMessageNode","id":"0b520422-bc9b-4431-9c29-9f6fc497bb09","ts":"2026-07-20T13:14:54.115-04:00","eventName":"n8n.node.finished","message":"n8n.node.finished","payload":{"workflowId":"5VBKbuuujEvgdIGs","workflowName":"power","executionId":"551","nodeType":"n8n-nodes-base.code","nodeName":"Code in JavaScript1","nodeId":"21ac27dd-d85f-45cb-b48f-eb6a3465a56b"}}
{"__type":"$$EventMessageConfirm","confirm":"0b520422-bc9b-4431-9c29-9f6fc497bb09","ts":"2026-07-20T13:14:54.116-04:00","source":{"id":"0","name":"eventBus"}}
{"__type":"$$EventMessageWorkflow","id":"9f1226d2-d7f4-4d52-8531-85cb032136a0","ts":"2026-07-20T13:14:54.116-04:00","eventName":"n8n.workflow.success","message":"n8n.workflow.success","payload":{"executionId":"551","success":true,"isManual":false,"mode":"webhook","workflowId":"5VBKbuuujEvgdIGs","workflowName":"power"}}
{"__type":"$$EventMessageConfirm","confirm":"9f1226d2-d7f4-4d52-8531-85cb032136a0","ts":"2026-07-20T13:14:54.116-04:00","source":{"id":"0","name":"eventBus"}}
{"__type":"$$EventMessageWorkflow","id":"b84ba8f2-b593-417c-8714-db08b2ebe286","ts":"2026-07-20T13:14:54.179-04:00","eventName":"n8n.workflow.started","message":"n8n.workflow.started","payload":{"executionId":"552","workflowId":"HyiO9yqvE2q5kmov","isManual":false,"mode":"webhook","workflowName":"hvac"}}
{"__type":"$$EventMessageConfirm","confirm":"b84ba8f2-b593-417c-8714-db08b2ebe286","ts":"2026-07-20T13:14:54.180-04:00","source":{"id":"0","name":"eventBus"}}
{"__type":"$$EventMessageAudit","id":"bfcc36a9-4bcc-4ab3-887a-bac660705628","ts":"2026-07-20T13:14:54.181-04:00","eventName":"n8n.audit.workflow.executed","message":"n8n.audit.workflow.executed","payload":{"workflowId":"HyiO9yqvE2q5kmov","workflowName":"hvac","executionId":"552","source":"webhook"}}
{"__type":"$$EventMessageConfirm","confirm":"bfcc36a9-4bcc-4ab3-887a-bac660705628","ts":"2026-07-20T13:14:54.181-04:00","source":{"id":"0","name":"eventBus"}}
{"__type":"$$EventMessageNode","id":"4b35b380-6347-4674-8e4a-c213f5491f05","ts":"2026-07-20T13:14:54.182-04:00","eventName":"n8n.node.started","message":"n8n.node.started","payload":{"workflowId":"HyiO9yqvE2q5kmov","workflowName":"hvac","executionId":"552","nodeType":"n8n-nodes-base.webhook","nodeName":"Webhook","nodeId":"21c4bb7e-a362-421b-819b-e396631df92a"}}
{"__type":"$$EventMessageConfirm","confirm":"4b35b380-6347-4674-8e4a-c213f5491f05","ts":"2026-07-20T13:14:54.182-04:00","source":{"id":"0","name":"eventBus"}}
{"__type":"$$EventMessageNode","id":"30705d37-bc15-4b39-bf48-85d684a8e090","ts":"2026-07-20T13:14:54.183-04:00","eventName":"n8n.node.finished","message":"n8n.node.finished","payload":{"workflowId":"HyiO9yqvE2q5kmov","workflowName":"hvac","executionId":"552","nodeType":"n8n-nodes-base.webhook","nodeName":"Webhook","nodeId":"21c4bb7e-a362-421b-819b-e396631df92a"}}
{"__type":"$$EventMessageConfirm","confirm":"30705d37-bc15-4b39-bf48-85d684a8e090","ts":"2026-07-20T13:14:54.183-04:00","source":{"id":"0","name":"eventBus"}}
{"__type":"$$EventMessageNode","id":"836eaec1-c17a-4e2b-bdb9-2fad0b487bb2","ts":"2026-07-20T13:14:54.184-04:00","eventName":"n8n.node.started","message":"n8n.node.started","payload":{"workflowId":"HyiO9yqvE2q5kmov","workflowName":"hvac","executionId":"552","nodeType":"n8n-nodes-base.code","nodeName":"Code in JavaScript","nodeId":"7f58ebee-2d23-411d-b5ed-d749b73e6774"}}
{"__type":"$$EventMessageConfirm","confirm":"836eaec1-c17a-4e2b-bdb9-2fad0b487bb2","ts":"2026-07-20T13:14:54.184-04:00","source":{"id":"0","name":"eventBus"}}
{"__type":"$$EventMessageRunner","id":"20dfc747-41e0-43bd-8fc4-3267272919ed","ts":"2026-07-20T13:14:54.186-04:00","eventName":"n8n.runner.task.requested","message":"n8n.runner.task.requested","payload":{"taskId":"kPUWHWSB","nodeId":"7f58ebee-2d23-411d-b5ed-d749b73e6774","workflowId":"HyiO9yqvE2q5kmov","executionId":"552"}}
{"__type":"$$EventMessageConfirm","confirm":"20dfc747-41e0-43bd-8fc4-3267272919ed","ts":"2026-07-20T13:14:54.186-04:00","source":{"id":"0","name":"eventBus"}}
{"__type":"$$EventMessageRunner","id":"02dea5e6-6eab-4131-a906-2f5a66f82277","ts":"2026-07-20T13:14:54.193-04:00","eventName":"n8n.runner.response.received","message":"n8n.runner.response.received","payload":{"taskId":"kPUWHWSB","nodeId":"7f58ebee-2d23-411d-b5ed-d749b73e6774","workflowId":"HyiO9yqvE2q5kmov","executionId":"552"}}
{"__type":"$$EventMessageConfirm","confirm":"02dea5e6-6eab-4131-a906-2f5a66f82277","ts":"2026-07-20T13:14:54.193-04:00","source":{"id":"0","name":"eventBus"}}
{"__type":"$$EventMessageNode","id":"783bb30e-88b3-4bb0-b2de-3608bc791b4f","ts":"2026-07-20T13:14:54.193-04:00","eventName":"n8n.node.finished","message":"n8n.node.finished","payload":{"workflowId":"HyiO9yqvE2q5kmov","workflowName":"hvac","executionId":"552","nodeType":"n8n-nodes-base.code","nodeName":"Code in JavaScript","nodeId":"7f58ebee-2d23-411d-b5ed-d749b73e6774"}}
{"__type":"$$EventMessageConfirm","confirm":"783bb30e-88b3-4bb0-b2de-3608bc791b4f","ts":"2026-07-20T13:14:54.194-04:00","source":{"id":"0","name":"eventBus"}}
{"__type":"$$EventMessageNode","id":"ce4bbfad-7286-4499-b975-c20e9d9dea2c","ts":"2026-07-20T13:14:54.194-04:00","eventName":"n8n.node.started","message":"n8n.node.started","payload":{"workflowId":"HyiO9yqvE2q5kmov","workflowName":"hvac","executionId":"552","nodeType":"n8n-nodes-base.code","nodeName":"Code in JavaScript1","nodeId":"60f93297-09f2-4aac-9a87-0874737aa293"}}
{"__type":"$$EventMessageConfirm","confirm":"ce4bbfad-7286-4499-b975-c20e9d9dea2c","ts":"2026-07-20T13:14:54.194-04:00","source":{"id":"0","name":"eventBus"}}
{"__type":"$$EventMessageRunner","id":"4d472b51-b1d6-475e-91ab-958290a198cd","ts":"2026-07-20T13:14:54.196-04:00","eventName":"n8n.runner.task.requested","message":"n8n.runner.task.requested","payload":{"taskId":"tisLuaZ7","nodeId":"60f93297-09f2-4aac-9a87-0874737aa293","workflowId":"HyiO9yqvE2q5kmov","executionId":"552"}}
{"__type":"$$EventMessageConfirm","confirm":"4d472b51-b1d6-475e-91ab-958290a198cd","ts":"2026-07-20T13:14:54.196-04:00","source":{"id":"0","name":"eventBus"}}
{"__type":"$$EventMessageRunner","id":"00711e50-9fa1-4f8d-9c3b-72e2b0b81527","ts":"2026-07-20T13:14:54.211-04:00","eventName":"n8n.runner.response.received","message":"n8n.runner.response.received","payload":{"taskId":"tisLuaZ7","nodeId":"60f93297-09f2-4aac-9a87-0874737aa293","workflowId":"HyiO9yqvE2q5kmov","executionId":"552"}}
{"__type":"$$EventMessageConfirm","confirm":"00711e50-9fa1-4f8d-9c3b-72e2b0b81527","ts":"2026-07-20T13:14:54.211-04:00","source":{"id":"0","name":"eventBus"}}
{"__type":"$$EventMessageNode","id":"470d7d8b-83d1-4fa8-9e64-650f4cb908db","ts":"2026-07-20T13:14:54.212-04:00","eventName":"n8n.node.finished","message":"n8n.node.finished","payload":{"workflowId":"HyiO9yqvE2q5kmov","workflowName":"hvac","executionId":"552","nodeType":"n8n-nodes-base.code","nodeName":"Code in JavaScript1","nodeId":"60f93297-09f2-4aac-9a87-0874737aa293"}}
{"__type":"$$EventMessageConfirm","confirm":"470d7d8b-83d1-4fa8-9e64-650f4cb908db","ts":"2026-07-20T13:14:54.212-04:00","source":{"id":"0","name":"eventBus"}}
{"__type":"$$EventMessageWorkflow","id":"9a126962-d045-4075-bece-a26435912eec","ts":"2026-07-20T13:14:54.212-04:00","eventName":"n8n.workflow.success","message":"n8n.workflow.success","payload":{"executionId":"552","success":true,"isManual":false,"mode":"webhook","workflowId":"HyiO9yqvE2q5kmov","workflowName":"hvac"}}
{"__type":"$$EventMessageConfirm","confirm":"9a126962-d045-4075-bece-a26435912eec","ts":"2026-07-20T13:14:54.212-04:00","source":{"id":"0","name":"eventBus"}}
{"__type":"$$EventMessageWorkflow","id":"2bbaaaee-f741-4fe6-9c3b-2ca8e3bf77dd","ts":"2026-07-20T13:14:54.273-04:00","eventName":"n8n.workflow.started","message":"n8n.workflow.started","payload":{"executionId":"553","workflowId":"4060d0nwMZdXJrUS","isManual":false,"mode":"webhook","workflowName":"alert"}}
{"__type":"$$EventMessageConfirm","confirm":"2bbaaaee-f741-4fe6-9c3b-2ca8e3bf77dd","ts":"2026-07-20T13:14:54.273-04:00","source":{"id":"0","name":"eventBus"}}
{"__type":"$$EventMessageAudit","id":"ea07299c-24e9-4233-b9c9-4e37f29df488","ts":"2026-07-20T13:14:54.274-04:00","eventName":"n8n.audit.workflow.executed","message":"n8n.audit.workflow.executed","payload":{"workflowId":"4060d0nwMZdXJrUS","workflowName":"alert","executionId":"553","source":"webhook"}}
{"__type":"$$EventMessageConfirm","confirm":"ea07299c-24e9-4233-b9c9-4e37f29df488","ts":"2026-07-20T13:14:54.274-04:00","source":{"id":"0","name":"eventBus"}}
{"__type":"$$EventMessageNode","id":"925aed33-afce-4abd-8241-50718c7f6c9a","ts":"2026-07-20T13:14:54.275-04:00","eventName":"n8n.node.started","message":"n8n.node.started","payload":{"workflowId":"4060d0nwMZdXJrUS","workflowName":"alert","executionId":"553","nodeType":"n8n-nodes-base.webhook","nodeName":"Webhook","nodeId":"45b9a4be-0184-403c-83f3-41cbd14731c8"}}
{"__type":"$$EventMessageConfirm","confirm":"925aed33-afce-4abd-8241-50718c7f6c9a","ts":"2026-07-20T13:14:54.275-04:00","source":{"id":"0","name":"eventBus"}}
{"__type":"$$EventMessageNode","id":"c51087a0-15e3-4a81-8e38-aea24f51affc","ts":"2026-07-20T13:14:54.275-04:00","eventName":"n8n.node.finished","message":"n8n.node.finished","payload":{"workflowId":"4060d0nwMZdXJrUS","workflowName":"alert","executionId":"553","nodeType":"n8n-nodes-base.webhook","nodeName":"Webhook","nodeId":"45b9a4be-0184-403c-83f3-41cbd14731c8"}}
{"__type":"$$EventMessageConfirm","confirm":"c51087a0-15e3-4a81-8e38-aea24f51affc","ts":"2026-07-20T13:14:54.275-04:00","source":{"id":"0","name":"eventBus"}}
{"__type":"$$EventMessageNode","id":"6292a614-d441-450c-8d60-ebf5a41b548a","ts":"2026-07-20T13:14:54.276-04:00","eventName":"n8n.node.started","message":"n8n.node.started","payload":{"workflowId":"4060d0nwMZdXJrUS","workflowName":"alert","executionId":"553","nodeType":"n8n-nodes-base.code","nodeName":"Code in JavaScript","nodeId":"847e0d93-8488-41ce-97de-68b297df2b47"}}
{"__type":"$$EventMessageConfirm","confirm":"6292a614-d441-450c-8d60-ebf5a41b548a","ts":"2026-07-20T13:14:54.276-04:00","source":{"id":"0","name":"eventBus"}}
{"__type":"$$EventMessageRunner","id":"9b86078f-69f9-4748-80be-952c1d369a86","ts":"2026-07-20T13:14:54.278-04:00","eventName":"n8n.runner.task.requested","message":"n8n.runner.task.requested","payload":{"taskId":"tasdOfQu","nodeId":"847e0d93-8488-41ce-97de-68b297df2b47","workflowId":"4060d0nwMZdXJrUS","executionId":"553"}}
{"__type":"$$EventMessageConfirm","confirm":"9b86078f-69f9-4748-80be-952c1d369a86","ts":"2026-07-20T13:14:54.278-04:00","source":{"id":"0","name":"eventBus"}}
{"__type":"$$EventMessageRunner","id":"b628b8f5-2a49-4534-a558-78fe618a6286","ts":"2026-07-20T13:14:54.284-04:00","eventName":"n8n.runner.response.received","message":"n8n.runner.response.received","payload":{"taskId":"tasdOfQu","nodeId":"847e0d93-8488-41ce-97de-68b297df2b47","workflowId":"4060d0nwMZdXJrUS","executionId":"553"}}
{"__type":"$$EventMessageConfirm","confirm":"b628b8f5-2a49-4534-a558-78fe618a6286","ts":"2026-07-20T13:14:54.284-04:00","source":{"id":"0","name":"eventBus"}}
{"__type":"$$EventMessageNode","id":"e8f2d587-0152-49f6-8a8d-56cd2237d7a8","ts":"2026-07-20T13:14:54.285-04:00","eventName":"n8n.node.finished","message":"n8n.node.finished","payload":{"workflowId":"4060d0nwMZdXJrUS","workflowName":"alert","executionId":"553","nodeType":"n8n-nodes-base.code","nodeName":"Code in JavaScript","nodeId":"847e0d93-8488-41ce-97de-68b297df2b47"}}
{"__type":"$$EventMessageConfirm","confirm":"e8f2d587-0152-49f6-8a8d-56cd2237d7a8","ts":"2026-07-20T13:14:54.285-04:00","source":{"id":"0","name":"eventBus"}}
{"__type":"$$EventMessageNode","id":"ce80a3db-d9fb-45d9-bc13-087fce6e4e0b","ts":"2026-07-20T13:14:54.285-04:00","eventName":"n8n.node.started","message":"n8n.node.started","payload":{"workflowId":"4060d0nwMZdXJrUS","workflowName":"alert","executionId":"553","nodeType":"n8n-nodes-base.if","nodeName":"If","nodeId":"a8f0bf21-8151-4783-a4a5-ac8e38d0da13"}}
{"__type":"$$EventMessageConfirm","confirm":"ce80a3db-d9fb-45d9-bc13-087fce6e4e0b","ts":"2026-07-20T13:14:54.285-04:00","source":{"id":"0","name":"eventBus"}}
{"__type":"$$EventMessageNode","id":"2f4c0195-b8ba-47eb-8ed3-92c2605a4a3f","ts":"2026-07-20T13:14:54.286-04:00","eventName":"n8n.node.finished","message":"n8n.node.finished","payload":{"workflowId":"4060d0nwMZdXJrUS","workflowName":"alert","executionId":"553","nodeType":"n8n-nodes-base.if","nodeName":"If","nodeId":"a8f0bf21-8151-4783-a4a5-ac8e38d0da13"}}
{"__type":"$$EventMessageConfirm","confirm":"2f4c0195-b8ba-47eb-8ed3-92c2605a4a3f","ts":"2026-07-20T13:14:54.286-04:00","source":{"id":"0","name":"eventBus"}}
{"__type":"$$EventMessageNode","id":"47b55723-2ec2-4052-a851-6277f5d72330","ts":"2026-07-20T13:14:54.286-04:00","eventName":"n8n.node.started","message":"n8n.node.started","payload":{"workflowId":"4060d0nwMZdXJrUS","workflowName":"alert","executionId":"553","nodeType":"n8n-nodes-base.code","nodeName":"Code in JavaScript1","nodeId":"50b098bd-b40a-4c90-b2d4-eb880777eaff"}}
{"__type":"$$EventMessageConfirm","confirm":"47b55723-2ec2-4052-a851-6277f5d72330","ts":"2026-07-20T13:14:54.286-04:00","source":{"id":"0","name":"eventBus"}}
{"__type":"$$EventMessageRunner","id":"176f8dbc-d2a0-4edf-abe3-7676d0ec74bf","ts":"2026-07-20T13:14:54.288-04:00","eventName":"n8n.runner.task.requested","message":"n8n.runner.task.requested","payload":{"taskId":"FHr55qAV","nodeId":"50b098bd-b40a-4c90-b2d4-eb880777eaff","workflowId":"4060d0nwMZdXJrUS","executionId":"553"}}
{"__type":"$$EventMessageConfirm","confirm":"176f8dbc-d2a0-4edf-abe3-7676d0ec74bf","ts":"2026-07-20T13:14:54.288-04:00","source":{"id":"0","name":"eventBus"}}
{"__type":"$$EventMessageRunner","id":"f099447b-b8a1-4a88-9bb9-47be9780a09f","ts":"2026-07-20T13:14:54.296-04:00","eventName":"n8n.runner.response.received","message":"n8n.runner.response.received","payload":{"taskId":"FHr55qAV","nodeId":"50b098bd-b40a-4c90-b2d4-eb880777eaff","workflowId":"4060d0nwMZdXJrUS","executionId":"553"}}
{"__type":"$$EventMessageConfirm","confirm":"f099447b-b8a1-4a88-9bb9-47be9780a09f","ts":"2026-07-20T13:14:54.296-04:00","source":{"id":"0","name":"eventBus"}}
{"__type":"$$EventMessageNode","id":"9fc690a9-8ca4-493b-bf8c-1245a5489a52","ts":"2026-07-20T13:14:54.297-04:00","eventName":"n8n.node.finished","message":"n8n.node.finished","payload":{"workflowId":"4060d0nwMZdXJrUS","workflowName":"alert","executionId":"553","nodeType":"n8n-nodes-base.code","nodeName":"Code in JavaScript1","nodeId":"50b098bd-b40a-4c90-b2d4-eb880777eaff"}}
{"__type":"$$EventMessageConfirm","confirm":"9fc690a9-8ca4-493b-bf8c-1245a5489a52","ts":"2026-07-20T13:14:54.297-04:00","source":{"id":"0","name":"eventBus"}}
{"__type":"$$EventMessageWorkflow","id":"e9465923-b8df-4e65-b52c-8df65d1c94eb","ts":"2026-07-20T13:14:54.297-04:00","eventName":"n8n.workflow.success","message":"n8n.workflow.success","payload":{"executionId":"553","success":true,"isManual":false,"mode":"webhook","workflowId":"4060d0nwMZdXJrUS","workflowName":"alert"}}
{"__type":"$$EventMessageConfirm","confirm":"e9465923-b8df-4e65-b52c-8df65d1c94eb","ts":"2026-07-20T13:14:54.297-04:00","source":{"id":"0","name":"eventBus"}}
{"__type":"$$EventMessageWorkflow","id":"d9cbf798-9cfa-4060-b6b1-c9c27397488c","ts":"2026-07-20T13:15:37.524-04:00","eventName":"n8n.workflow.started","message":"n8n.workflow.started","payload":{"executionId":"554","workflowId":"5VBKbuuujEvgdIGs","isManual":false,"mode":"webhook","workflowName":"power"}}
{"__type":"$$EventMessageConfirm","confirm":"d9cbf798-9cfa-4060-b6b1-c9c27397488c","ts":"2026-07-20T13:15:37.524-04:00","source":{"id":"0","name":"eventBus"}}
{"__type":"$$EventMessageAudit","id":"06cb59b8-1af9-4b88-9041-d44800722fd2","ts":"2026-07-20T13:15:37.525-04:00","eventName":"n8n.audit.workflow.executed","message":"n8n.audit.workflow.executed","payload":{"workflowId":"5VBKbuuujEvgdIGs","workflowName":"power","executionId":"554","source":"webhook"}}
{"__type":"$$EventMessageConfirm","confirm":"06cb59b8-1af9-4b88-9041-d44800722fd2","ts":"2026-07-20T13:15:37.525-04:00","source":{"id":"0","name":"eventBus"}}
{"__type":"$$EventMessageNode","id":"b3896515-f468-4490-9103-423c863f755e","ts":"2026-07-20T13:15:37.526-04:00","eventName":"n8n.node.started","message":"n8n.node.started","payload":{"workflowId":"5VBKbuuujEvgdIGs","workflowName":"power","executionId":"554","nodeType":"n8n-nodes-base.webhook","nodeName":"Webhook","nodeId":"d2f68568-3d63-4615-8950-d51b3313419d"}}
{"__type":"$$EventMessageConfirm","confirm":"b3896515-f468-4490-9103-423c863f755e","ts":"2026-07-20T13:15:37.526-04:00","source":{"id":"0","name":"eventBus"}}
{"__type":"$$EventMessageNode","id":"875f2c2b-6bc1-4a29-934c-d1b12814c1da","ts":"2026-07-20T13:15:37.526-04:00","eventName":"n8n.node.finished","message":"n8n.node.finished","payload":{"workflowId":"5VBKbuuujEvgdIGs","workflowName":"power","executionId":"554","nodeType":"n8n-nodes-base.webhook","nodeName":"Webhook","nodeId":"d2f68568-3d63-4615-8950-d51b3313419d"}}
{"__type":"$$EventMessageConfirm","confirm":"875f2c2b-6bc1-4a29-934c-d1b12814c1da","ts":"2026-07-20T13:15:37.526-04:00","source":{"id":"0","name":"eventBus"}}
{"__type":"$$EventMessageNode","id":"ebfeabe4-3a23-493b-ad3b-b01b5c151584","ts":"2026-07-20T13:15:37.526-04:00","eventName":"n8n.node.started","message":"n8n.node.started","payload":{"workflowId":"5VBKbuuujEvgdIGs","workflowName":"power","executionId":"554","nodeType":"n8n-nodes-base.code","nodeName":"Code in JavaScript","nodeId":"60178211-232e-4f7a-8bd9-97a66e5b9ec0"}}
{"__type":"$$EventMessageConfirm","confirm":"ebfeabe4-3a23-493b-ad3b-b01b5c151584","ts":"2026-07-20T13:15:37.526-04:00","source":{"id":"0","name":"eventBus"}}
{"__type":"$$EventMessageRunner","id":"6c76b8e3-ba5f-41b9-847f-2f6dd00b7c28","ts":"2026-07-20T13:15:37.531-04:00","eventName":"n8n.runner.task.requested","message":"n8n.runner.task.requested","payload":{"taskId":"HlX_2nNb","nodeId":"60178211-232e-4f7a-8bd9-97a66e5b9ec0","workflowId":"5VBKbuuujEvgdIGs","executionId":"554"}}
{"__type":"$$EventMessageConfirm","confirm":"6c76b8e3-ba5f-41b9-847f-2f6dd00b7c28","ts":"2026-07-20T13:15:37.531-04:00","source":{"id":"0","name":"eventBus"}}
{"__type":"$$EventMessageRunner","id":"3f983661-2b32-4061-80db-8fc6ba7b2a86","ts":"2026-07-20T13:15:37.538-04:00","eventName":"n8n.runner.response.received","message":"n8n.runner.response.received","payload":{"taskId":"HlX_2nNb","nodeId":"60178211-232e-4f7a-8bd9-97a66e5b9ec0","workflowId":"5VBKbuuujEvgdIGs","executionId":"554"}}
{"__type":"$$EventMessageConfirm","confirm":"3f983661-2b32-4061-80db-8fc6ba7b2a86","ts":"2026-07-20T13:15:37.538-04:00","source":{"id":"0","name":"eventBus"}}
{"__type":"$$EventMessageNode","id":"16a955a7-6eac-4080-a3b3-5aa15b1d8a51","ts":"2026-07-20T13:15:37.539-04:00","eventName":"n8n.node.finished","message":"n8n.node.finished","payload":{"workflowId":"5VBKbuuujEvgdIGs","workflowName":"power","executionId":"554","nodeType":"n8n-nodes-base.code","nodeName":"Code in JavaScript","nodeId":"60178211-232e-4f7a-8bd9-97a66e5b9ec0"}}
{"__type":"$$EventMessageConfirm","confirm":"16a955a7-6eac-4080-a3b3-5aa15b1d8a51","ts":"2026-07-20T13:15:37.539-04:00","source":{"id":"0","name":"eventBus"}}
{"__type":"$$EventMessageNode","id":"db8e2ae1-302a-4491-b7d6-ee6e65dd2f41","ts":"2026-07-20T13:15:37.539-04:00","eventName":"n8n.node.started","message":"n8n.node.started","payload":{"workflowId":"5VBKbuuujEvgdIGs","workflowName":"power","executionId":"554","nodeType":"n8n-nodes-base.code","nodeName":"Code in JavaScript1","nodeId":"21ac27dd-d85f-45cb-b48f-eb6a3465a56b"}}
{"__type":"$$EventMessageConfirm","confirm":"db8e2ae1-302a-4491-b7d6-ee6e65dd2f41","ts":"2026-07-20T13:15:37.539-04:00","source":{"id":"0","name":"eventBus"}}
{"__type":"$$EventMessageRunner","id":"7b214f34-8daf-41a8-b1f9-6a85d375492e","ts":"2026-07-20T13:15:37.555-04:00","eventName":"n8n.runner.task.requested","message":"n8n.runner.task.requested","payload":{"taskId":"zUic_Kor","nodeId":"21ac27dd-d85f-45cb-b48f-eb6a3465a56b","workflowId":"5VBKbuuujEvgdIGs","executionId":"554"}}
{"__type":"$$EventMessageConfirm","confirm":"7b214f34-8daf-41a8-b1f9-6a85d375492e","ts":"2026-07-20T13:15:37.555-04:00","source":{"id":"0","name":"eventBus"}}
{"__type":"$$EventMessageRunner","id":"159ea425-e22b-4d92-8e8f-4bc95a460d70","ts":"2026-07-20T13:15:37.561-04:00","eventName":"n8n.runner.response.received","message":"n8n.runner.response.received","payload":{"taskId":"zUic_Kor","nodeId":"21ac27dd-d85f-45cb-b48f-eb6a3465a56b","workflowId":"5VBKbuuujEvgdIGs","executionId":"554"}}
{"__type":"$$EventMessageConfirm","confirm":"159ea425-e22b-4d92-8e8f-4bc95a460d70","ts":"2026-07-20T13:15:37.561-04:00","source":{"id":"0","name":"eventBus"}}
{"__type":"$$EventMessageNode","id":"82654296-f44c-428f-bd14-1a9c557c1f76","ts":"2026-07-20T13:15:37.562-04:00","eventName":"n8n.node.finished","message":"n8n.node.finished","payload":{"workflowId":"5VBKbuuujEvgdIGs","workflowName":"power","executionId":"554","nodeType":"n8n-nodes-base.code","nodeName":"Code in JavaScript1","nodeId":"21ac27dd-d85f-45cb-b48f-eb6a3465a56b"}}
{"__type":"$$EventMessageConfirm","confirm":"82654296-f44c-428f-bd14-1a9c557c1f76","ts":"2026-07-20T13:15:37.562-04:00","source":{"id":"0","name":"eventBus"}}
{"__type":"$$EventMessageWorkflow","id":"da18542c-60b5-4595-89c6-387eac6a07cf","ts":"2026-07-20T13:15:37.562-04:00","eventName":"n8n.workflow.success","message":"n8n.workflow.success","payload":{"executionId":"554","success":true,"isManual":false,"mode":"webhook","workflowId":"5VBKbuuujEvgdIGs","workflowName":"power"}}
{"__type":"$$EventMessageConfirm","confirm":"da18542c-60b5-4595-89c6-387eac6a07cf","ts":"2026-07-20T13:15:37.562-04:00","source":{"id":"0","name":"eventBus"}}
{"__type":"$$EventMessageWorkflow","id":"4705cf7b-a847-4f13-9336-d17bab28b6b7","ts":"2026-07-20T13:15:37.648-04:00","eventName":"n8n.workflow.started","message":"n8n.workflow.started","payload":{"executionId":"555","workflowId":"HyiO9yqvE2q5kmov","isManual":false,"mode":"webhook","workflowName":"hvac"}}
{"__type":"$$EventMessageConfirm","confirm":"4705cf7b-a847-4f13-9336-d17bab28b6b7","ts":"2026-07-20T13:15:37.648-04:00","source":{"id":"0","name":"eventBus"}}
{"__type":"$$EventMessageAudit","id":"a8cbe9a2-08b1-47d7-8882-10d9bd6f282a","ts":"2026-07-20T13:15:37.649-04:00","eventName":"n8n.audit.workflow.executed","message":"n8n.audit.workflow.executed","payload":{"workflowId":"HyiO9yqvE2q5kmov","workflowName":"hvac","executionId":"555","source":"webhook"}}
{"__type":"$$EventMessageConfirm","confirm":"a8cbe9a2-08b1-47d7-8882-10d9bd6f282a","ts":"2026-07-20T13:15:37.649-04:00","source":{"id":"0","name":"eventBus"}}
{"__type":"$$EventMessageNode","id":"f9b209ce-e702-4313-b111-699dc2cc4902","ts":"2026-07-20T13:15:37.650-04:00","eventName":"n8n.node.started","message":"n8n.node.started","payload":{"workflowId":"HyiO9yqvE2q5kmov","workflowName":"hvac","executionId":"555","nodeType":"n8n-nodes-base.webhook","nodeName":"Webhook","nodeId":"21c4bb7e-a362-421b-819b-e396631df92a"}}
{"__type":"$$EventMessageConfirm","confirm":"f9b209ce-e702-4313-b111-699dc2cc4902","ts":"2026-07-20T13:15:37.650-04:00","source":{"id":"0","name":"eventBus"}}
{"__type":"$$EventMessageNode","id":"7dd1e416-3130-4b89-b8e2-39a4dc9c3543","ts":"2026-07-20T13:15:37.650-04:00","eventName":"n8n.node.finished","message":"n8n.node.finished","payload":{"workflowId":"HyiO9yqvE2q5kmov","workflowName":"hvac","executionId":"555","nodeType":"n8n-nodes-base.webhook","nodeName":"Webhook","nodeId":"21c4bb7e-a362-421b-819b-e396631df92a"}}
{"__type":"$$EventMessageConfirm","confirm":"7dd1e416-3130-4b89-b8e2-39a4dc9c3543","ts":"2026-07-20T13:15:37.650-04:00","source":{"id":"0","name":"eventBus"}}
{"__type":"$$EventMessageNode","id":"30a6d058-3441-43cc-96ba-a86b82cca48a","ts":"2026-07-20T13:15:37.650-04:00","eventName":"n8n.node.started","message":"n8n.node.started","payload":{"workflowId":"HyiO9yqvE2q5kmov","workflowName":"hvac","executionId":"555","nodeType":"n8n-nodes-base.code","nodeName":"Code in JavaScript","nodeId":"7f58ebee-2d23-411d-b5ed-d749b73e6774"}}
{"__type":"$$EventMessageConfirm","confirm":"30a6d058-3441-43cc-96ba-a86b82cca48a","ts":"2026-07-20T13:15:37.650-04:00","source":{"id":"0","name":"eventBus"}}
{"__type":"$$EventMessageRunner","id":"41a563c5-7725-4e6e-87b0-9f9910aa938e","ts":"2026-07-20T13:15:37.652-04:00","eventName":"n8n.runner.task.requested","message":"n8n.runner.task.requested","payload":{"taskId":"JvGy4M7P","nodeId":"7f58ebee-2d23-411d-b5ed-d749b73e6774","workflowId":"HyiO9yqvE2q5kmov","executionId":"555"}}
{"__type":"$$EventMessageConfirm","confirm":"41a563c5-7725-4e6e-87b0-9f9910aa938e","ts":"2026-07-20T13:15:37.652-04:00","source":{"id":"0","name":"eventBus"}}
{"__type":"$$EventMessageRunner","id":"3afee8f7-55cf-4310-a033-b999864cd71e","ts":"2026-07-20T13:15:37.665-04:00","eventName":"n8n.runner.response.received","message":"n8n.runner.response.received","payload":{"taskId":"JvGy4M7P","nodeId":"7f58ebee-2d23-411d-b5ed-d749b73e6774","workflowId":"HyiO9yqvE2q5kmov","executionId":"555"}}
{"__type":"$$EventMessageConfirm","confirm":"3afee8f7-55cf-4310-a033-b999864cd71e","ts":"2026-07-20T13:15:37.666-04:00","source":{"id":"0","name":"eventBus"}}
{"__type":"$$EventMessageNode","id":"b3322fdb-5ec5-493b-b2ab-545666f66a8b","ts":"2026-07-20T13:15:37.666-04:00","eventName":"n8n.node.finished","message":"n8n.node.finished","payload":{"workflowId":"HyiO9yqvE2q5kmov","workflowName":"hvac","executionId":"555","nodeType":"n8n-nodes-base.code","nodeName":"Code in JavaScript","nodeId":"7f58ebee-2d23-411d-b5ed-d749b73e6774"}}
{"__type":"$$EventMessageConfirm","confirm":"b3322fdb-5ec5-493b-b2ab-545666f66a8b","ts":"2026-07-20T13:15:37.666-04:00","source":{"id":"0","name":"eventBus"}}
{"__type":"$$EventMessageNode","id":"12f46400-905c-418f-9e82-91a141062fb9","ts":"2026-07-20T13:15:37.666-04:00","eventName":"n8n.node.started","message":"n8n.node.started","payload":{"workflowId":"HyiO9yqvE2q5kmov","workflowName":"hvac","executionId":"555","nodeType":"n8n-nodes-base.code","nodeName":"Code in JavaScript1","nodeId":"60f93297-09f2-4aac-9a87-0874737aa293"}}
{"__type":"$$EventMessageConfirm","confirm":"12f46400-905c-418f-9e82-91a141062fb9","ts":"2026-07-20T13:15:37.666-04:00","source":{"id":"0","name":"eventBus"}}
{"__type":"$$EventMessageRunner","id":"2896f770-37f1-4afd-823f-8181e65147af","ts":"2026-07-20T13:15:37.670-04:00","eventName":"n8n.runner.task.requested","message":"n8n.runner.task.requested","payload":{"taskId":"p1_Fydcu","nodeId":"60f93297-09f2-4aac-9a87-0874737aa293","workflowId":"HyiO9yqvE2q5kmov","executionId":"555"}}
{"__type":"$$EventMessageConfirm","confirm":"2896f770-37f1-4afd-823f-8181e65147af","ts":"2026-07-20T13:15:37.670-04:00","source":{"id":"0","name":"eventBus"}}
{"__type":"$$EventMessageRunner","id":"26a57be3-f0dc-49bf-b89e-630ad278d157","ts":"2026-07-20T13:15:37.691-04:00","eventName":"n8n.runner.response.received","message":"n8n.runner.response.received","payload":{"taskId":"p1_Fydcu","nodeId":"60f93297-09f2-4aac-9a87-0874737aa293","workflowId":"HyiO9yqvE2q5kmov","executionId":"555"}}
{"__type":"$$EventMessageConfirm","confirm":"26a57be3-f0dc-49bf-b89e-630ad278d157","ts":"2026-07-20T13:15:37.691-04:00","source":{"id":"0","name":"eventBus"}}
{"__type":"$$EventMessageNode","id":"fa418177-a70f-4daa-a0e4-ce6495e70ab4","ts":"2026-07-20T13:15:37.691-04:00","eventName":"n8n.node.finished","message":"n8n.node.finished","payload":{"workflowId":"HyiO9yqvE2q5kmov","workflowName":"hvac","executionId":"555","nodeType":"n8n-nodes-base.code","nodeName":"Code in JavaScript1","nodeId":"60f93297-09f2-4aac-9a87-0874737aa293"}}
{"__type":"$$EventMessageConfirm","confirm":"fa418177-a70f-4daa-a0e4-ce6495e70ab4","ts":"2026-07-20T13:15:37.691-04:00","source":{"id":"0","name":"eventBus"}}
{"__type":"$$EventMessageWorkflow","id":"386137d8-faae-4b24-857d-4e9911377946","ts":"2026-07-20T13:15:37.691-04:00","eventName":"n8n.workflow.success","message":"n8n.workflow.success","payload":{"executionId":"555","success":true,"isManual":false,"mode":"webhook","workflowId":"HyiO9yqvE2q5kmov","workflowName":"hvac"}}
{"__type":"$$EventMessageConfirm","confirm":"386137d8-faae-4b24-857d-4e9911377946","ts":"2026-07-20T13:15:37.691-04:00","source":{"id":"0","name":"eventBus"}}
{"__type":"$$EventMessageWorkflow","id":"1c54d9b8-7cf4-4741-882d-90ec1317e91b","ts":"2026-07-20T13:15:37.773-04:00","eventName":"n8n.workflow.started","message":"n8n.workflow.started","payload":{"executionId":"556","workflowId":"4060d0nwMZdXJrUS","isManual":false,"mode":"webhook","workflowName":"alert"}}
{"__type":"$$EventMessageConfirm","confirm":"1c54d9b8-7cf4-4741-882d-90ec1317e91b","ts":"2026-07-20T13:15:37.773-04:00","source":{"id":"0","name":"eventBus"}}
{"__type":"$$EventMessageAudit","id":"80ad921f-54a2-43c6-a2ad-6862a90bf270","ts":"2026-07-20T13:15:37.774-04:00","eventName":"n8n.audit.workflow.executed","message":"n8n.audit.workflow.executed","payload":{"workflowId":"4060d0nwMZdXJrUS","workflowName":"alert","executionId":"556","source":"webhook"}}
{"__type":"$$EventMessageConfirm","confirm":"80ad921f-54a2-43c6-a2ad-6862a90bf270","ts":"2026-07-20T13:15:37.774-04:00","source":{"id":"0","name":"eventBus"}}
{"__type":"$$EventMessageNode","id":"ab84b2f8-b2dc-4332-acb4-80a05a1d1a85","ts":"2026-07-20T13:15:37.775-04:00","eventName":"n8n.node.started","message":"n8n.node.started","payload":{"workflowId":"4060d0nwMZdXJrUS","workflowName":"alert","executionId":"556","nodeType":"n8n-nodes-base.webhook","nodeName":"Webhook","nodeId":"45b9a4be-0184-403c-83f3-41cbd14731c8"}}
{"__type":"$$EventMessageConfirm","confirm":"ab84b2f8-b2dc-4332-acb4-80a05a1d1a85","ts":"2026-07-20T13:15:37.775-04:00","source":{"id":"0","name":"eventBus"}}
{"__type":"$$EventMessageNode","id":"27d4d6cf-9786-44ce-aa7b-fb841e1d68d2","ts":"2026-07-20T13:15:37.775-04:00","eventName":"n8n.node.finished","message":"n8n.node.finished","payload":{"workflowId":"4060d0nwMZdXJrUS","workflowName":"alert","executionId":"556","nodeType":"n8n-nodes-base.webhook","nodeName":"Webhook","nodeId":"45b9a4be-0184-403c-83f3-41cbd14731c8"}}
{"__type":"$$EventMessageConfirm","confirm":"27d4d6cf-9786-44ce-aa7b-fb841e1d68d2","ts":"2026-07-20T13:15:37.775-04:00","source":{"id":"0","name":"eventBus"}}
{"__type":"$$EventMessageNode","id":"316a5d71-c4c4-4fde-a521-3c7239b51e18","ts":"2026-07-20T13:15:37.775-04:00","eventName":"n8n.node.started","message":"n8n.node.started","payload":{"workflowId":"4060d0nwMZdXJrUS","workflowName":"alert","executionId":"556","nodeType":"n8n-nodes-base.code","nodeName":"Code in JavaScript","nodeId":"847e0d93-8488-41ce-97de-68b297df2b47"}}
{"__type":"$$EventMessageConfirm","confirm":"316a5d71-c4c4-4fde-a521-3c7239b51e18","ts":"2026-07-20T13:15:37.776-04:00","source":{"id":"0","name":"eventBus"}}
{"__type":"$$EventMessageRunner","id":"514479b5-f937-46d0-921a-17da1b656cec","ts":"2026-07-20T13:15:37.778-04:00","eventName":"n8n.runner.task.requested","message":"n8n.runner.task.requested","payload":{"taskId":"WZjsHmDR","nodeId":"847e0d93-8488-41ce-97de-68b297df2b47","workflowId":"4060d0nwMZdXJrUS","executionId":"556"}}
{"__type":"$$EventMessageConfirm","confirm":"514479b5-f937-46d0-921a-17da1b656cec","ts":"2026-07-20T13:15:37.778-04:00","source":{"id":"0","name":"eventBus"}}
{"__type":"$$EventMessageRunner","id":"c38448e7-3285-455b-ae35-f31bf8b76a4c","ts":"2026-07-20T13:15:37.788-04:00","eventName":"n8n.runner.response.received","message":"n8n.runner.response.received","payload":{"taskId":"WZjsHmDR","nodeId":"847e0d93-8488-41ce-97de-68b297df2b47","workflowId":"4060d0nwMZdXJrUS","executionId":"556"}}
{"__type":"$$EventMessageConfirm","confirm":"c38448e7-3285-455b-ae35-f31bf8b76a4c","ts":"2026-07-20T13:15:37.788-04:00","source":{"id":"0","name":"eventBus"}}
{"__type":"$$EventMessageNode","id":"33757b19-9b28-4f52-8a33-f482da6dbc6d","ts":"2026-07-20T13:15:37.788-04:00","eventName":"n8n.node.finished","message":"n8n.node.finished","payload":{"workflowId":"4060d0nwMZdXJrUS","workflowName":"alert","executionId":"556","nodeType":"n8n-nodes-base.code","nodeName":"Code in JavaScript","nodeId":"847e0d93-8488-41ce-97de-68b297df2b47"}}
{"__type":"$$EventMessageConfirm","confirm":"33757b19-9b28-4f52-8a33-f482da6dbc6d","ts":"2026-07-20T13:15:37.788-04:00","source":{"id":"0","name":"eventBus"}}
{"__type":"$$EventMessageNode","id":"9898b710-46ab-477e-af89-b8b486d1e0b3","ts":"2026-07-20T13:15:37.788-04:00","eventName":"n8n.node.started","message":"n8n.node.started","payload":{"workflowId":"4060d0nwMZdXJrUS","workflowName":"alert","executionId":"556","nodeType":"n8n-nodes-base.if","nodeName":"If","nodeId":"a8f0bf21-8151-4783-a4a5-ac8e38d0da13"}}
{"__type":"$$EventMessageConfirm","confirm":"9898b710-46ab-477e-af89-b8b486d1e0b3","ts":"2026-07-20T13:15:37.789-04:00","source":{"id":"0","name":"eventBus"}}
{"__type":"$$EventMessageNode","id":"463a02f3-589f-4864-a8bb-33c7871960ae","ts":"2026-07-20T13:15:37.790-04:00","eventName":"n8n.node.finished","message":"n8n.node.finished","payload":{"workflowId":"4060d0nwMZdXJrUS","workflowName":"alert","executionId":"556","nodeType":"n8n-nodes-base.if","nodeName":"If","nodeId":"a8f0bf21-8151-4783-a4a5-ac8e38d0da13"}}
{"__type":"$$EventMessageConfirm","confirm":"463a02f3-589f-4864-a8bb-33c7871960ae","ts":"2026-07-20T13:15:37.790-04:00","source":{"id":"0","name":"eventBus"}}
{"__type":"$$EventMessageNode","id":"e585d149-ef7c-409e-a894-f266362dce1a","ts":"2026-07-20T13:15:37.790-04:00","eventName":"n8n.node.started","message":"n8n.node.started","payload":{"workflowId":"4060d0nwMZdXJrUS","workflowName":"alert","executionId":"556","nodeType":"n8n-nodes-base.code","nodeName":"Code in JavaScript1","nodeId":"50b098bd-b40a-4c90-b2d4-eb880777eaff"}}
{"__type":"$$EventMessageConfirm","confirm":"e585d149-ef7c-409e-a894-f266362dce1a","ts":"2026-07-20T13:15:37.790-04:00","source":{"id":"0","name":"eventBus"}}
{"__type":"$$EventMessageRunner","id":"08cab21b-0501-4e82-a7cc-04d01781154a","ts":"2026-07-20T13:15:37.791-04:00","eventName":"n8n.runner.task.requested","message":"n8n.runner.task.requested","payload":{"taskId":"oMkxtMO-","nodeId":"50b098bd-b40a-4c90-b2d4-eb880777eaff","workflowId":"4060d0nwMZdXJrUS","executionId":"556"}}
{"__type":"$$EventMessageConfirm","confirm":"08cab21b-0501-4e82-a7cc-04d01781154a","ts":"2026-07-20T13:15:37.791-04:00","source":{"id":"0","name":"eventBus"}}
{"__type":"$$EventMessageRunner","id":"fffdfb5c-df30-4163-901f-4d67fc117093","ts":"2026-07-20T13:15:37.796-04:00","eventName":"n8n.runner.response.received","message":"n8n.runner.response.received","payload":{"taskId":"oMkxtMO-","nodeId":"50b098bd-b40a-4c90-b2d4-eb880777eaff","workflowId":"4060d0nwMZdXJrUS","executionId":"556"}}
{"__type":"$$EventMessageConfirm","confirm":"fffdfb5c-df30-4163-901f-4d67fc117093","ts":"2026-07-20T13:15:37.796-04:00","source":{"id":"0","name":"eventBus"}}
{"__type":"$$EventMessageNode","id":"db4a3106-561b-442c-b7e3-65aaca657f29","ts":"2026-07-20T13:15:37.797-04:00","eventName":"n8n.node.finished","message":"n8n.node.finished","payload":{"workflowId":"4060d0nwMZdXJrUS","workflowName":"alert","executionId":"556","nodeType":"n8n-nodes-base.code","nodeName":"Code in JavaScript1","nodeId":"50b098bd-b40a-4c90-b2d4-eb880777eaff"}}
{"__type":"$$EventMessageConfirm","confirm":"db4a3106-561b-442c-b7e3-65aaca657f29","ts":"2026-07-20T13:15:37.797-04:00","source":{"id":"0","name":"eventBus"}}
{"__type":"$$EventMessageWorkflow","id":"688a0827-fbcf-49bc-8f9f-441421b35314","ts":"2026-07-20T13:15:37.797-04:00","eventName":"n8n.workflow.success","message":"n8n.workflow.success","payload":{"executionId":"556","success":true,"isManual":false,"mode":"webhook","workflowId":"4060d0nwMZdXJrUS","workflowName":"alert"}}
{"__type":"$$EventMessageConfirm","confirm":"688a0827-fbcf-49bc-8f9f-441421b35314","ts":"2026-07-20T13:15:37.797-04:00","source":{"id":"0","name":"eventBus"}}
