{"__type":"$$EventMessageAudit","id":"cd5034a5-3c6b-461f-8250-4584f3578902","ts":"2026-07-31T20:43:21.344-04:00","eventName":"n8n.audit.user.login.success","message":"n8n.audit.user.login.success","payload":{"userId":"75f111df-8c1a-4ac0-a2f1-faf1f034d95e","_email":"ndiayesoce212@gmail.com","_firstName":"baay","_lastName":"soose","globalRole":"global:owner","authenticationMethod":"email"}}
{"__type":"$$EventMessageConfirm","confirm":"cd5034a5-3c6b-461f-8250-4584f3578902","ts":"2026-07-31T20:43:21.345-04:00","source":{"id":"0","name":"eventBus"}}
{"__type":"$$EventMessageAudit","id":"5742a706-3d06-4533-ac39-c848fbc93003","ts":"2026-07-31T20:44:01.538-04:00","eventName":"n8n.audit.workflow.updated","message":"n8n.audit.workflow.updated","payload":{"userId":"75f111df-8c1a-4ac0-a2f1-faf1f034d95e","_email":"ndiayesoce212@gmail.com","_firstName":"baay","_lastName":"soose","globalRole":"global:owner","workflowId":"5VBKbuuujEvgdIGs","workflowName":"power"}}
{"__type":"$$EventMessageConfirm","confirm":"5742a706-3d06-4533-ac39-c848fbc93003","ts":"2026-07-31T20:44:01.539-04:00","source":{"id":"0","name":"eventBus"}}
{"__type":"$$EventMessageAudit","id":"f001c7c0-a821-464a-90a7-0a4a2b9b4224","ts":"2026-07-31T20:44:04.261-04:00","eventName":"n8n.audit.workflow.updated","message":"n8n.audit.workflow.updated","payload":{"userId":"75f111df-8c1a-4ac0-a2f1-faf1f034d95e","_email":"ndiayesoce212@gmail.com","_firstName":"baay","_lastName":"soose","globalRole":"global:owner","workflowId":"5VBKbuuujEvgdIGs","workflowName":"power"}}
{"__type":"$$EventMessageConfirm","confirm":"f001c7c0-a821-464a-90a7-0a4a2b9b4224","ts":"2026-07-31T20:44:04.261-04:00","source":{"id":"0","name":"eventBus"}}
{"__type":"$$EventMessageAudit","id":"59281760-5272-49e1-9635-24d9429c70c9","ts":"2026-07-31T20:44:09.236-04:00","eventName":"n8n.audit.workflow.updated","message":"n8n.audit.workflow.updated","payload":{"userId":"75f111df-8c1a-4ac0-a2f1-faf1f034d95e","_email":"ndiayesoce212@gmail.com","_firstName":"baay","_lastName":"soose","globalRole":"global:owner","workflowId":"HyiO9yqvE2q5kmov","workflowName":"hvac"}}
{"__type":"$$EventMessageConfirm","confirm":"59281760-5272-49e1-9635-24d9429c70c9","ts":"2026-07-31T20:44:09.237-04:00","source":{"id":"0","name":"eventBus"}}
{"__type":"$$EventMessageAudit","id":"b2f21c29-4d17-4435-91b4-09ff1b695820","ts":"2026-07-31T20:44:11.392-04:00","eventName":"n8n.audit.workflow.updated","message":"n8n.audit.workflow.updated","payload":{"userId":"75f111df-8c1a-4ac0-a2f1-faf1f034d95e","_email":"ndiayesoce212@gmail.com","_firstName":"baay","_lastName":"soose","globalRole":"global:owner","workflowId":"HyiO9yqvE2q5kmov","workflowName":"hvac"}}
{"__type":"$$EventMessageConfirm","confirm":"b2f21c29-4d17-4435-91b4-09ff1b695820","ts":"2026-07-31T20:44:11.392-04:00","source":{"id":"0","name":"eventBus"}}
{"__type":"$$EventMessageAudit","id":"ab485226-9458-423b-9e29-4f01606120cb","ts":"2026-07-31T20:44:15.434-04:00","eventName":"n8n.audit.workflow.updated","message":"n8n.audit.workflow.updated","payload":{"userId":"75f111df-8c1a-4ac0-a2f1-faf1f034d95e","_email":"ndiayesoce212@gmail.com","_firstName":"baay","_lastName":"soose","globalRole":"global:owner","workflowId":"HyiO9yqvE2q5kmov","workflowName":"hvac"}}
{"__type":"$$EventMessageConfirm","confirm":"ab485226-9458-423b-9e29-4f01606120cb","ts":"2026-07-31T20:44:15.434-04:00","source":{"id":"0","name":"eventBus"}}
{"__type":"$$EventMessageAudit","id":"064de698-f3c6-4fa6-bc3a-53f99996967c","ts":"2026-07-31T20:44:23.249-04:00","eventName":"n8n.audit.workflow.updated","message":"n8n.audit.workflow.updated","payload":{"userId":"75f111df-8c1a-4ac0-a2f1-faf1f034d95e","_email":"ndiayesoce212@gmail.com","_firstName":"baay","_lastName":"soose","globalRole":"global:owner","workflowId":"4060d0nwMZdXJrUS","workflowName":"alert"}}
{"__type":"$$EventMessageConfirm","confirm":"064de698-f3c6-4fa6-bc3a-53f99996967c","ts":"2026-07-31T20:44:23.250-04:00","source":{"id":"0","name":"eventBus"}}
{"__type":"$$EventMessageAudit","id":"310fd62a-a647-4830-a1ed-85341eb56510","ts":"2026-07-31T20:44:26.523-04:00","eventName":"n8n.audit.workflow.updated","message":"n8n.audit.workflow.updated","payload":{"userId":"75f111df-8c1a-4ac0-a2f1-faf1f034d95e","_email":"ndiayesoce212@gmail.com","_firstName":"baay","_lastName":"soose","globalRole":"global:owner","workflowId":"4060d0nwMZdXJrUS","workflowName":"alert"}}
{"__type":"$$EventMessageConfirm","confirm":"310fd62a-a647-4830-a1ed-85341eb56510","ts":"2026-07-31T20:44:26.523-04:00","source":{"id":"0","name":"eventBus"}}
{"__type":"$$EventMessageAudit","id":"d9b5d0c8-0bbc-4198-8450-faf78a0f325a","ts":"2026-07-31T20:44:28.996-04:00","eventName":"n8n.audit.workflow.updated","message":"n8n.audit.workflow.updated","payload":{"userId":"75f111df-8c1a-4ac0-a2f1-faf1f034d95e","_email":"ndiayesoce212@gmail.com","_firstName":"baay","_lastName":"soose","globalRole":"global:owner","workflowId":"4060d0nwMZdXJrUS","workflowName":"alert"}}
{"__type":"$$EventMessageConfirm","confirm":"d9b5d0c8-0bbc-4198-8450-faf78a0f325a","ts":"2026-07-31T20:44:28.997-04:00","source":{"id":"0","name":"eventBus"}}
{"__type":"$$EventMessageAudit","id":"6e305e3f-1d44-40c6-bb43-42e5df690dfb","ts":"2026-07-31T20:45:15.804-04:00","eventName":"n8n.audit.workflow.updated","message":"n8n.audit.workflow.updated","payload":{"userId":"75f111df-8c1a-4ac0-a2f1-faf1f034d95e","_email":"ndiayesoce212@gmail.com","_firstName":"baay","_lastName":"soose","globalRole":"global:owner","workflowId":"4060d0nwMZdXJrUS","workflowName":"alert"}}
{"__type":"$$EventMessageConfirm","confirm":"6e305e3f-1d44-40c6-bb43-42e5df690dfb","ts":"2026-07-31T20:45:15.804-04:00","source":{"id":"0","name":"eventBus"}}
{"__type":"$$EventMessageAudit","id":"e5cf4ce7-a7e2-41df-a762-d86b84fdee23","ts":"2026-07-31T20:45:49.199-04:00","eventName":"n8n.audit.workflow.updated","message":"n8n.audit.workflow.updated","payload":{"userId":"75f111df-8c1a-4ac0-a2f1-faf1f034d95e","_email":"ndiayesoce212@gmail.com","_firstName":"baay","_lastName":"soose","globalRole":"global:owner","workflowId":"4060d0nwMZdXJrUS","workflowName":"alert"}}
{"__type":"$$EventMessageConfirm","confirm":"e5cf4ce7-a7e2-41df-a762-d86b84fdee23","ts":"2026-07-31T20:45:49.199-04:00","source":{"id":"0","name":"eventBus"}}
{"__type":"$$EventMessageAudit","id":"ba5ba691-3bac-455f-afba-5fe73a92a02f","ts":"2026-07-31T20:45:58.858-04:00","eventName":"n8n.audit.workflow.updated","message":"n8n.audit.workflow.updated","payload":{"userId":"75f111df-8c1a-4ac0-a2f1-faf1f034d95e","_email":"ndiayesoce212@gmail.com","_firstName":"baay","_lastName":"soose","globalRole":"global:owner","workflowId":"4060d0nwMZdXJrUS","workflowName":"alert"}}
{"__type":"$$EventMessageConfirm","confirm":"ba5ba691-3bac-455f-afba-5fe73a92a02f","ts":"2026-07-31T20:45:58.858-04:00","source":{"id":"0","name":"eventBus"}}
{"__type":"$$EventMessageAudit","id":"0dce3257-3ac7-4be4-a065-516413bb8b0d","ts":"2026-07-31T20:46:11.800-04:00","eventName":"n8n.audit.workflow.updated","message":"n8n.audit.workflow.updated","payload":{"userId":"75f111df-8c1a-4ac0-a2f1-faf1f034d95e","_email":"ndiayesoce212@gmail.com","_firstName":"baay","_lastName":"soose","globalRole":"global:owner","workflowId":"4060d0nwMZdXJrUS","workflowName":"alert"}}
{"__type":"$$EventMessageConfirm","confirm":"0dce3257-3ac7-4be4-a065-516413bb8b0d","ts":"2026-07-31T20:46:11.800-04:00","source":{"id":"0","name":"eventBus"}}
{"__type":"$$EventMessageAudit","id":"4dc77dfd-6c79-4f76-8a1f-4d831d680e2b","ts":"2026-07-31T20:46:46.472-04:00","eventName":"n8n.audit.workflow.updated","message":"n8n.audit.workflow.updated","payload":{"userId":"75f111df-8c1a-4ac0-a2f1-faf1f034d95e","_email":"ndiayesoce212@gmail.com","_firstName":"baay","_lastName":"soose","globalRole":"global:owner","workflowId":"HyiO9yqvE2q5kmov","workflowName":"hvac"}}
{"__type":"$$EventMessageConfirm","confirm":"4dc77dfd-6c79-4f76-8a1f-4d831d680e2b","ts":"2026-07-31T20:46:46.472-04:00","source":{"id":"0","name":"eventBus"}}
{"__type":"$$EventMessageAudit","id":"c8d2f227-ac43-4cb5-8196-f4e2eba60f37","ts":"2026-07-31T20:46:59.488-04:00","eventName":"n8n.audit.workflow.updated","message":"n8n.audit.workflow.updated","payload":{"userId":"75f111df-8c1a-4ac0-a2f1-faf1f034d95e","_email":"ndiayesoce212@gmail.com","_firstName":"baay","_lastName":"soose","globalRole":"global:owner","workflowId":"HyiO9yqvE2q5kmov","workflowName":"hvac"}}
{"__type":"$$EventMessageConfirm","confirm":"c8d2f227-ac43-4cb5-8196-f4e2eba60f37","ts":"2026-07-31T20:46:59.488-04:00","source":{"id":"0","name":"eventBus"}}
{"__type":"$$EventMessageAudit","id":"af80c793-cb76-4a2e-8fac-471f6e6b3802","ts":"2026-07-31T20:47:05.140-04:00","eventName":"n8n.audit.workflow.updated","message":"n8n.audit.workflow.updated","payload":{"userId":"75f111df-8c1a-4ac0-a2f1-faf1f034d95e","_email":"ndiayesoce212@gmail.com","_firstName":"baay","_lastName":"soose","globalRole":"global:owner","workflowId":"HyiO9yqvE2q5kmov","workflowName":"hvac"}}
{"__type":"$$EventMessageConfirm","confirm":"af80c793-cb76-4a2e-8fac-471f6e6b3802","ts":"2026-07-31T20:47:05.140-04:00","source":{"id":"0","name":"eventBus"}}
{"__type":"$$EventMessageAudit","id":"080d27d8-9c53-4ed8-ac49-64394a46a3bc","ts":"2026-07-31T20:47:07.846-04:00","eventName":"n8n.audit.workflow.updated","message":"n8n.audit.workflow.updated","payload":{"userId":"75f111df-8c1a-4ac0-a2f1-faf1f034d95e","_email":"ndiayesoce212@gmail.com","_firstName":"baay","_lastName":"soose","globalRole":"global:owner","workflowId":"HyiO9yqvE2q5kmov","workflowName":"hvac"}}
{"__type":"$$EventMessageConfirm","confirm":"080d27d8-9c53-4ed8-ac49-64394a46a3bc","ts":"2026-07-31T20:47:07.846-04:00","source":{"id":"0","name":"eventBus"}}
{"__type":"$$EventMessageAudit","id":"33fe644b-e9c7-4ea7-9c90-7e7657cc080c","ts":"2026-07-31T20:47:25.084-04:00","eventName":"n8n.audit.workflow.updated","message":"n8n.audit.workflow.updated","payload":{"userId":"75f111df-8c1a-4ac0-a2f1-faf1f034d95e","_email":"ndiayesoce212@gmail.com","_firstName":"baay","_lastName":"soose","globalRole":"global:owner","workflowId":"5VBKbuuujEvgdIGs","workflowName":"power"}}
{"__type":"$$EventMessageConfirm","confirm":"33fe644b-e9c7-4ea7-9c90-7e7657cc080c","ts":"2026-07-31T20:47:25.084-04:00","source":{"id":"0","name":"eventBus"}}
{"__type":"$$EventMessageAudit","id":"54e0610f-ba4f-4836-a5c4-82a3ac091d8c","ts":"2026-07-31T20:47:35.258-04:00","eventName":"n8n.audit.workflow.updated","message":"n8n.audit.workflow.updated","payload":{"userId":"75f111df-8c1a-4ac0-a2f1-faf1f034d95e","_email":"ndiayesoce212@gmail.com","_firstName":"baay","_lastName":"soose","globalRole":"global:owner","workflowId":"5VBKbuuujEvgdIGs","workflowName":"power"}}
{"__type":"$$EventMessageConfirm","confirm":"54e0610f-ba4f-4836-a5c4-82a3ac091d8c","ts":"2026-07-31T20:47:35.258-04:00","source":{"id":"0","name":"eventBus"}}
{"__type":"$$EventMessageAudit","id":"dfe1230e-e326-4815-87ae-d28c06baf156","ts":"2026-07-31T20:47:54.182-04:00","eventName":"n8n.audit.workflow.updated","message":"n8n.audit.workflow.updated","payload":{"userId":"75f111df-8c1a-4ac0-a2f1-faf1f034d95e","_email":"ndiayesoce212@gmail.com","_firstName":"baay","_lastName":"soose","globalRole":"global:owner","workflowId":"csjSBc51yUkh2vRH","workflowName":"fire"}}
{"__type":"$$EventMessageConfirm","confirm":"dfe1230e-e326-4815-87ae-d28c06baf156","ts":"2026-07-31T20:47:54.182-04:00","source":{"id":"0","name":"eventBus"}}
{"__type":"$$EventMessageAudit","id":"6d435782-f7c6-4483-b34a-38eebe978c87","ts":"2026-07-31T20:47:56.314-04:00","eventName":"n8n.audit.workflow.updated","message":"n8n.audit.workflow.updated","payload":{"userId":"75f111df-8c1a-4ac0-a2f1-faf1f034d95e","_email":"ndiayesoce212@gmail.com","_firstName":"baay","_lastName":"soose","globalRole":"global:owner","workflowId":"csjSBc51yUkh2vRH","workflowName":"fire"}}
{"__type":"$$EventMessageConfirm","confirm":"6d435782-f7c6-4483-b34a-38eebe978c87","ts":"2026-07-31T20:47:56.315-04:00","source":{"id":"0","name":"eventBus"}}
{"__type":"$$EventMessageAudit","id":"9ae3fee4-871a-4f24-b988-26f52b0387f8","ts":"2026-07-31T20:47:58.997-04:00","eventName":"n8n.audit.workflow.updated","message":"n8n.audit.workflow.updated","payload":{"userId":"75f111df-8c1a-4ac0-a2f1-faf1f034d95e","_email":"ndiayesoce212@gmail.com","_firstName":"baay","_lastName":"soose","globalRole":"global:owner","workflowId":"csjSBc51yUkh2vRH","workflowName":"fire"}}
{"__type":"$$EventMessageConfirm","confirm":"9ae3fee4-871a-4f24-b988-26f52b0387f8","ts":"2026-07-31T20:47:58.997-04:00","source":{"id":"0","name":"eventBus"}}
{"__type":"$$EventMessageAudit","id":"b072007f-ba36-4635-a062-948673b0aceb","ts":"2026-07-31T20:48:11.533-04:00","eventName":"n8n.audit.workflow.updated","message":"n8n.audit.workflow.updated","payload":{"userId":"75f111df-8c1a-4ac0-a2f1-faf1f034d95e","_email":"ndiayesoce212@gmail.com","_firstName":"baay","_lastName":"soose","globalRole":"global:owner","workflowId":"csjSBc51yUkh2vRH","workflowName":"fire"}}
{"__type":"$$EventMessageConfirm","confirm":"b072007f-ba36-4635-a062-948673b0aceb","ts":"2026-07-31T20:48:11.533-04:00","source":{"id":"0","name":"eventBus"}}
{"__type":"$$EventMessageAudit","id":"449fea31-379e-4dbb-bad6-57fc521365bc","ts":"2026-07-31T20:48:17.615-04:00","eventName":"n8n.audit.workflow.updated","message":"n8n.audit.workflow.updated","payload":{"userId":"75f111df-8c1a-4ac0-a2f1-faf1f034d95e","_email":"ndiayesoce212@gmail.com","_firstName":"baay","_lastName":"soose","globalRole":"global:owner","workflowId":"csjSBc51yUkh2vRH","workflowName":"fire"}}
{"__type":"$$EventMessageConfirm","confirm":"449fea31-379e-4dbb-bad6-57fc521365bc","ts":"2026-07-31T20:48:17.615-04:00","source":{"id":"0","name":"eventBus"}}
{"__type":"$$EventMessageAudit","id":"0eb1ca22-4045-4b41-bff0-c03648243644","ts":"2026-07-31T20:48:22.708-04:00","eventName":"n8n.audit.workflow.updated","message":"n8n.audit.workflow.updated","payload":{"userId":"75f111df-8c1a-4ac0-a2f1-faf1f034d95e","_email":"ndiayesoce212@gmail.com","_firstName":"baay","_lastName":"soose","globalRole":"global:owner","workflowId":"csjSBc51yUkh2vRH","workflowName":"fire"}}
{"__type":"$$EventMessageConfirm","confirm":"0eb1ca22-4045-4b41-bff0-c03648243644","ts":"2026-07-31T20:48:22.708-04:00","source":{"id":"0","name":"eventBus"}}
{"__type":"$$EventMessageAudit","id":"a74d93fe-a513-464e-94a9-0ff11b31c96d","ts":"2026-07-31T20:48:24.312-04:00","eventName":"n8n.audit.workflow.updated","message":"n8n.audit.workflow.updated","payload":{"userId":"75f111df-8c1a-4ac0-a2f1-faf1f034d95e","_email":"ndiayesoce212@gmail.com","_firstName":"baay","_lastName":"soose","globalRole":"global:owner","workflowId":"csjSBc51yUkh2vRH","workflowName":"fire"}}
{"__type":"$$EventMessageConfirm","confirm":"a74d93fe-a513-464e-94a9-0ff11b31c96d","ts":"2026-07-31T20:48:24.312-04:00","source":{"id":"0","name":"eventBus"}}
{"__type":"$$EventMessageWorkflow","id":"bce8a138-bd00-4236-8be4-8dd75188384e","ts":"2026-07-31T20:49:39.757-04:00","eventName":"n8n.workflow.started","message":"n8n.workflow.started","payload":{"executionId":"1740","workflowId":"5VBKbuuujEvgdIGs","isManual":false,"mode":"webhook","workflowName":"power"}}
{"__type":"$$EventMessageConfirm","confirm":"bce8a138-bd00-4236-8be4-8dd75188384e","ts":"2026-07-31T20:49:39.757-04:00","source":{"id":"0","name":"eventBus"}}
{"__type":"$$EventMessageAudit","id":"469be72f-467e-4f16-aae4-7a78542f7953","ts":"2026-07-31T20:49:39.758-04:00","eventName":"n8n.audit.workflow.executed","message":"n8n.audit.workflow.executed","payload":{"workflowId":"5VBKbuuujEvgdIGs","workflowName":"power","executionId":"1740","source":"webhook"}}
{"__type":"$$EventMessageConfirm","confirm":"469be72f-467e-4f16-aae4-7a78542f7953","ts":"2026-07-31T20:49:39.758-04:00","source":{"id":"0","name":"eventBus"}}
{"__type":"$$EventMessageNode","id":"a2a582a4-f753-4f35-8201-2638510bb7d2","ts":"2026-07-31T20:49:39.759-04:00","eventName":"n8n.node.started","message":"n8n.node.started","payload":{"workflowId":"5VBKbuuujEvgdIGs","workflowName":"power","executionId":"1740","nodeType":"n8n-nodes-base.webhook","nodeName":"Webhook","nodeId":"d2f68568-3d63-4615-8950-d51b3313419d"}}
{"__type":"$$EventMessageConfirm","confirm":"a2a582a4-f753-4f35-8201-2638510bb7d2","ts":"2026-07-31T20:49:39.759-04:00","source":{"id":"0","name":"eventBus"}}
{"__type":"$$EventMessageNode","id":"adc20340-d6ab-43e8-a45f-95f97ec3e36f","ts":"2026-07-31T20:49:39.760-04:00","eventName":"n8n.node.finished","message":"n8n.node.finished","payload":{"workflowId":"5VBKbuuujEvgdIGs","workflowName":"power","executionId":"1740","nodeType":"n8n-nodes-base.webhook","nodeName":"Webhook","nodeId":"d2f68568-3d63-4615-8950-d51b3313419d"}}
{"__type":"$$EventMessageConfirm","confirm":"adc20340-d6ab-43e8-a45f-95f97ec3e36f","ts":"2026-07-31T20:49:39.761-04:00","source":{"id":"0","name":"eventBus"}}
{"__type":"$$EventMessageNode","id":"7e89e161-e601-445b-8f28-2dee0cc0327f","ts":"2026-07-31T20:49:39.761-04:00","eventName":"n8n.node.started","message":"n8n.node.started","payload":{"workflowId":"5VBKbuuujEvgdIGs","workflowName":"power","executionId":"1740","nodeType":"n8n-nodes-base.code","nodeName":"Code in JavaScript","nodeId":"60178211-232e-4f7a-8bd9-97a66e5b9ec0"}}
{"__type":"$$EventMessageConfirm","confirm":"7e89e161-e601-445b-8f28-2dee0cc0327f","ts":"2026-07-31T20:49:39.761-04:00","source":{"id":"0","name":"eventBus"}}
{"__type":"$$EventMessageRunner","id":"e9f8b665-e4db-4c27-aa44-bb93a5ea773f","ts":"2026-07-31T20:49:39.768-04:00","eventName":"n8n.runner.task.requested","message":"n8n.runner.task.requested","payload":{"taskId":"6P2VGmxk","nodeId":"60178211-232e-4f7a-8bd9-97a66e5b9ec0","workflowId":"5VBKbuuujEvgdIGs","executionId":"1740"}}
{"__type":"$$EventMessageConfirm","confirm":"e9f8b665-e4db-4c27-aa44-bb93a5ea773f","ts":"2026-07-31T20:49:39.768-04:00","source":{"id":"0","name":"eventBus"}}
{"__type":"$$EventMessageWorkflow","id":"fa949dee-c337-42e2-b59c-60c99eb612fd","ts":"2026-07-31T20:49:39.813-04:00","eventName":"n8n.workflow.started","message":"n8n.workflow.started","payload":{"executionId":"1741","workflowId":"HyiO9yqvE2q5kmov","isManual":false,"mode":"webhook","workflowName":"hvac"}}
{"__type":"$$EventMessageConfirm","confirm":"fa949dee-c337-42e2-b59c-60c99eb612fd","ts":"2026-07-31T20:49:39.813-04:00","source":{"id":"0","name":"eventBus"}}
{"__type":"$$EventMessageAudit","id":"753fb2b9-700f-4e66-8594-5597267527e1","ts":"2026-07-31T20:49:39.813-04:00","eventName":"n8n.audit.workflow.executed","message":"n8n.audit.workflow.executed","payload":{"workflowId":"HyiO9yqvE2q5kmov","workflowName":"hvac","executionId":"1741","source":"webhook"}}
{"__type":"$$EventMessageConfirm","confirm":"753fb2b9-700f-4e66-8594-5597267527e1","ts":"2026-07-31T20:49:39.813-04:00","source":{"id":"0","name":"eventBus"}}
{"__type":"$$EventMessageNode","id":"0f528756-f9ae-473c-bfb2-9c573743113c","ts":"2026-07-31T20:49:39.814-04:00","eventName":"n8n.node.started","message":"n8n.node.started","payload":{"workflowId":"HyiO9yqvE2q5kmov","workflowName":"hvac","executionId":"1741","nodeType":"n8n-nodes-base.webhook","nodeName":"Webhook","nodeId":"21c4bb7e-a362-421b-819b-e396631df92a"}}
{"__type":"$$EventMessageConfirm","confirm":"0f528756-f9ae-473c-bfb2-9c573743113c","ts":"2026-07-31T20:49:39.814-04:00","source":{"id":"0","name":"eventBus"}}
{"__type":"$$EventMessageNode","id":"ffbe9846-ae70-4a1a-92ba-b3faedd394e1","ts":"2026-07-31T20:49:39.814-04:00","eventName":"n8n.node.finished","message":"n8n.node.finished","payload":{"workflowId":"HyiO9yqvE2q5kmov","workflowName":"hvac","executionId":"1741","nodeType":"n8n-nodes-base.webhook","nodeName":"Webhook","nodeId":"21c4bb7e-a362-421b-819b-e396631df92a"}}
{"__type":"$$EventMessageConfirm","confirm":"ffbe9846-ae70-4a1a-92ba-b3faedd394e1","ts":"2026-07-31T20:49:39.814-04:00","source":{"id":"0","name":"eventBus"}}
{"__type":"$$EventMessageNode","id":"bc6e7b56-5498-4d2a-ae1a-207c9604c1e0","ts":"2026-07-31T20:49:39.814-04:00","eventName":"n8n.node.started","message":"n8n.node.started","payload":{"workflowId":"HyiO9yqvE2q5kmov","workflowName":"hvac","executionId":"1741","nodeType":"n8n-nodes-base.code","nodeName":"Code in JavaScript","nodeId":"7f58ebee-2d23-411d-b5ed-d749b73e6774"}}
{"__type":"$$EventMessageConfirm","confirm":"bc6e7b56-5498-4d2a-ae1a-207c9604c1e0","ts":"2026-07-31T20:49:39.814-04:00","source":{"id":"0","name":"eventBus"}}
{"__type":"$$EventMessageRunner","id":"9bee0cff-57be-4b36-bfa4-801916593863","ts":"2026-07-31T20:49:39.823-04:00","eventName":"n8n.runner.response.received","message":"n8n.runner.response.received","payload":{"taskId":"6P2VGmxk","nodeId":"60178211-232e-4f7a-8bd9-97a66e5b9ec0","workflowId":"5VBKbuuujEvgdIGs","executionId":"1740"}}
{"__type":"$$EventMessageConfirm","confirm":"9bee0cff-57be-4b36-bfa4-801916593863","ts":"2026-07-31T20:49:39.824-04:00","source":{"id":"0","name":"eventBus"}}
{"__type":"$$EventMessageNode","id":"bfa31c83-da05-458b-99ae-5ec9b6194ec9","ts":"2026-07-31T20:49:39.824-04:00","eventName":"n8n.node.finished","message":"n8n.node.finished","payload":{"workflowId":"5VBKbuuujEvgdIGs","workflowName":"power","executionId":"1740","nodeType":"n8n-nodes-base.code","nodeName":"Code in JavaScript","nodeId":"60178211-232e-4f7a-8bd9-97a66e5b9ec0"}}
{"__type":"$$EventMessageConfirm","confirm":"bfa31c83-da05-458b-99ae-5ec9b6194ec9","ts":"2026-07-31T20:49:39.824-04:00","source":{"id":"0","name":"eventBus"}}
{"__type":"$$EventMessageNode","id":"1e5f9208-18d5-4985-bb15-97056922e4bf","ts":"2026-07-31T20:49:39.825-04:00","eventName":"n8n.node.started","message":"n8n.node.started","payload":{"workflowId":"5VBKbuuujEvgdIGs","workflowName":"power","executionId":"1740","nodeType":"n8n-nodes-base.code","nodeName":"Code in JavaScript1","nodeId":"21ac27dd-d85f-45cb-b48f-eb6a3465a56b"}}
{"__type":"$$EventMessageConfirm","confirm":"1e5f9208-18d5-4985-bb15-97056922e4bf","ts":"2026-07-31T20:49:39.825-04:00","source":{"id":"0","name":"eventBus"}}
{"__type":"$$EventMessageRunner","id":"6b080566-201e-4b07-b88b-0ffa4c7d8e1b","ts":"2026-07-31T20:49:39.826-04:00","eventName":"n8n.runner.task.requested","message":"n8n.runner.task.requested","payload":{"taskId":"vHrV2BhI","nodeId":"7f58ebee-2d23-411d-b5ed-d749b73e6774","workflowId":"HyiO9yqvE2q5kmov","executionId":"1741"}}
{"__type":"$$EventMessageConfirm","confirm":"6b080566-201e-4b07-b88b-0ffa4c7d8e1b","ts":"2026-07-31T20:49:39.826-04:00","source":{"id":"0","name":"eventBus"}}
{"__type":"$$EventMessageRunner","id":"7c8e20c6-cedc-44d8-8e54-e66870f5271b","ts":"2026-07-31T20:49:39.826-04:00","eventName":"n8n.runner.task.requested","message":"n8n.runner.task.requested","payload":{"taskId":"U1YnkbXE","nodeId":"21ac27dd-d85f-45cb-b48f-eb6a3465a56b","workflowId":"5VBKbuuujEvgdIGs","executionId":"1740"}}
{"__type":"$$EventMessageConfirm","confirm":"7c8e20c6-cedc-44d8-8e54-e66870f5271b","ts":"2026-07-31T20:49:39.827-04:00","source":{"id":"0","name":"eventBus"}}
{"__type":"$$EventMessageRunner","id":"475cf1ab-fec8-4d70-aa9b-bff198afffc6","ts":"2026-07-31T20:49:39.832-04:00","eventName":"n8n.runner.response.received","message":"n8n.runner.response.received","payload":{"taskId":"vHrV2BhI","nodeId":"7f58ebee-2d23-411d-b5ed-d749b73e6774","workflowId":"HyiO9yqvE2q5kmov","executionId":"1741"}}
{"__type":"$$EventMessageConfirm","confirm":"475cf1ab-fec8-4d70-aa9b-bff198afffc6","ts":"2026-07-31T20:49:39.832-04:00","source":{"id":"0","name":"eventBus"}}
{"__type":"$$EventMessageNode","id":"6b1e9b1c-6b4e-4695-b3cf-c0fc98e31c14","ts":"2026-07-31T20:49:39.832-04:00","eventName":"n8n.node.finished","message":"n8n.node.finished","payload":{"workflowId":"HyiO9yqvE2q5kmov","workflowName":"hvac","executionId":"1741","nodeType":"n8n-nodes-base.code","nodeName":"Code in JavaScript","nodeId":"7f58ebee-2d23-411d-b5ed-d749b73e6774"}}
{"__type":"$$EventMessageConfirm","confirm":"6b1e9b1c-6b4e-4695-b3cf-c0fc98e31c14","ts":"2026-07-31T20:49:39.832-04:00","source":{"id":"0","name":"eventBus"}}
{"__type":"$$EventMessageNode","id":"a94bbf7a-46fa-4feb-94bf-44e1c86d8ad1","ts":"2026-07-31T20:49:39.833-04:00","eventName":"n8n.node.started","message":"n8n.node.started","payload":{"workflowId":"HyiO9yqvE2q5kmov","workflowName":"hvac","executionId":"1741","nodeType":"n8n-nodes-base.code","nodeName":"Code in JavaScript1","nodeId":"60f93297-09f2-4aac-9a87-0874737aa293"}}
{"__type":"$$EventMessageConfirm","confirm":"a94bbf7a-46fa-4feb-94bf-44e1c86d8ad1","ts":"2026-07-31T20:49:39.833-04:00","source":{"id":"0","name":"eventBus"}}
{"__type":"$$EventMessageRunner","id":"7a524d01-d426-445b-b318-dda5babb0f41","ts":"2026-07-31T20:49:39.836-04:00","eventName":"n8n.runner.response.received","message":"n8n.runner.response.received","payload":{"taskId":"U1YnkbXE","nodeId":"21ac27dd-d85f-45cb-b48f-eb6a3465a56b","workflowId":"5VBKbuuujEvgdIGs","executionId":"1740"}}
{"__type":"$$EventMessageConfirm","confirm":"7a524d01-d426-445b-b318-dda5babb0f41","ts":"2026-07-31T20:49:39.836-04:00","source":{"id":"0","name":"eventBus"}}
{"__type":"$$EventMessageNode","id":"ff20d49a-22d9-42e3-9c34-98fd0d13ea92","ts":"2026-07-31T20:49:39.836-04:00","eventName":"n8n.node.finished","message":"n8n.node.finished","payload":{"workflowId":"5VBKbuuujEvgdIGs","workflowName":"power","executionId":"1740","nodeType":"n8n-nodes-base.code","nodeName":"Code in JavaScript1","nodeId":"21ac27dd-d85f-45cb-b48f-eb6a3465a56b"}}
{"__type":"$$EventMessageConfirm","confirm":"ff20d49a-22d9-42e3-9c34-98fd0d13ea92","ts":"2026-07-31T20:49:39.836-04:00","source":{"id":"0","name":"eventBus"}}
{"__type":"$$EventMessageNode","id":"fa3b6cbc-f9c4-4710-9f57-38f12dc1add8","ts":"2026-07-31T20:49:39.836-04:00","eventName":"n8n.node.started","message":"n8n.node.started","payload":{"workflowId":"5VBKbuuujEvgdIGs","workflowName":"power","executionId":"1740","nodeType":"n8n-nodes-base.emailSend","nodeName":"Send an Email","nodeId":"cd9a4673-a890-4736-9086-51c013f6f82b"}}
{"__type":"$$EventMessageConfirm","confirm":"fa3b6cbc-f9c4-4710-9f57-38f12dc1add8","ts":"2026-07-31T20:49:39.836-04:00","source":{"id":"0","name":"eventBus"}}
{"__type":"$$EventMessageRunner","id":"189c925e-6c6e-46b6-b65e-451132039e30","ts":"2026-07-31T20:49:39.838-04:00","eventName":"n8n.runner.task.requested","message":"n8n.runner.task.requested","payload":{"taskId":"qg49FH8G","nodeId":"60f93297-09f2-4aac-9a87-0874737aa293","workflowId":"HyiO9yqvE2q5kmov","executionId":"1741"}}
{"__type":"$$EventMessageConfirm","confirm":"189c925e-6c6e-46b6-b65e-451132039e30","ts":"2026-07-31T20:49:39.838-04:00","source":{"id":"0","name":"eventBus"}}
{"__type":"$$EventMessageRunner","id":"20ed74c6-8bc2-4165-9f3d-dc35529da978","ts":"2026-07-31T20:49:39.889-04:00","eventName":"n8n.runner.response.received","message":"n8n.runner.response.received","payload":{"taskId":"qg49FH8G","nodeId":"60f93297-09f2-4aac-9a87-0874737aa293","workflowId":"HyiO9yqvE2q5kmov","executionId":"1741"}}
{"__type":"$$EventMessageConfirm","confirm":"20ed74c6-8bc2-4165-9f3d-dc35529da978","ts":"2026-07-31T20:49:39.889-04:00","source":{"id":"0","name":"eventBus"}}
{"__type":"$$EventMessageNode","id":"4b2202a1-1844-4c3e-b14e-fd390c769353","ts":"2026-07-31T20:49:39.889-04:00","eventName":"n8n.node.finished","message":"n8n.node.finished","payload":{"workflowId":"HyiO9yqvE2q5kmov","workflowName":"hvac","executionId":"1741","nodeType":"n8n-nodes-base.code","nodeName":"Code in JavaScript1","nodeId":"60f93297-09f2-4aac-9a87-0874737aa293"}}
{"__type":"$$EventMessageConfirm","confirm":"4b2202a1-1844-4c3e-b14e-fd390c769353","ts":"2026-07-31T20:49:39.889-04:00","source":{"id":"0","name":"eventBus"}}
{"__type":"$$EventMessageNode","id":"6c9c6b90-0e4f-4b40-b9e5-0a22528e4373","ts":"2026-07-31T20:49:39.889-04:00","eventName":"n8n.node.started","message":"n8n.node.started","payload":{"workflowId":"HyiO9yqvE2q5kmov","workflowName":"hvac","executionId":"1741","nodeType":"n8n-nodes-base.emailSend","nodeName":"Send an Email","nodeId":"87443ff8-dff0-434a-91fa-aebc3558045f"}}
{"__type":"$$EventMessageConfirm","confirm":"6c9c6b90-0e4f-4b40-b9e5-0a22528e4373","ts":"2026-07-31T20:49:39.889-04:00","source":{"id":"0","name":"eventBus"}}
{"__type":"$$EventMessageNode","id":"b55a43a9-e113-4f4e-82f5-754c2a6899a1","ts":"2026-07-31T20:49:41.445-04:00","eventName":"n8n.node.finished","message":"n8n.node.finished","payload":{"workflowId":"HyiO9yqvE2q5kmov","workflowName":"hvac","executionId":"1741","nodeType":"n8n-nodes-base.emailSend","nodeName":"Send an Email","nodeId":"87443ff8-dff0-434a-91fa-aebc3558045f"}}
{"__type":"$$EventMessageConfirm","confirm":"b55a43a9-e113-4f4e-82f5-754c2a6899a1","ts":"2026-07-31T20:49:41.445-04:00","source":{"id":"0","name":"eventBus"}}
{"__type":"$$EventMessageWorkflow","id":"adc36e1a-5f90-4380-9f78-476853233596","ts":"2026-07-31T20:49:41.447-04:00","eventName":"n8n.workflow.success","message":"n8n.workflow.success","payload":{"executionId":"1741","success":true,"isManual":false,"mode":"webhook","workflowId":"HyiO9yqvE2q5kmov","workflowName":"hvac"}}
{"__type":"$$EventMessageConfirm","confirm":"adc36e1a-5f90-4380-9f78-476853233596","ts":"2026-07-31T20:49:41.447-04:00","source":{"id":"0","name":"eventBus"}}
{"__type":"$$EventMessageNode","id":"18cb3efb-cb14-4f17-b260-216c7e03d3bd","ts":"2026-07-31T20:49:42.112-04:00","eventName":"n8n.node.finished","message":"n8n.node.finished","payload":{"workflowId":"5VBKbuuujEvgdIGs","workflowName":"power","executionId":"1740","nodeType":"n8n-nodes-base.emailSend","nodeName":"Send an Email","nodeId":"cd9a4673-a890-4736-9086-51c013f6f82b"}}
{"__type":"$$EventMessageConfirm","confirm":"18cb3efb-cb14-4f17-b260-216c7e03d3bd","ts":"2026-07-31T20:49:42.113-04:00","source":{"id":"0","name":"eventBus"}}
{"__type":"$$EventMessageWorkflow","id":"a8148c54-0500-4ce9-acdd-9c823a85cbfb","ts":"2026-07-31T20:49:42.113-04:00","eventName":"n8n.workflow.success","message":"n8n.workflow.success","payload":{"executionId":"1740","success":true,"isManual":false,"mode":"webhook","workflowId":"5VBKbuuujEvgdIGs","workflowName":"power"}}
{"__type":"$$EventMessageConfirm","confirm":"a8148c54-0500-4ce9-acdd-9c823a85cbfb","ts":"2026-07-31T20:49:42.113-04:00","source":{"id":"0","name":"eventBus"}}
{"__type":"$$EventMessageAudit","id":"0419eb75-c3b4-483c-9647-be75573dee6e","ts":"2026-07-31T20:51:04.736-04:00","eventName":"n8n.audit.workflow.deactivated","message":"n8n.audit.workflow.deactivated","payload":{"userId":"75f111df-8c1a-4ac0-a2f1-faf1f034d95e","_email":"ndiayesoce212@gmail.com","_firstName":"baay","_lastName":"soose","globalRole":"global:owner","workflowId":"csjSBc51yUkh2vRH","workflowName":"fire","deactivatedVersionId":"012964bc-0bcf-4baa-8172-3e7a08368e12"}}
{"__type":"$$EventMessageConfirm","confirm":"0419eb75-c3b4-483c-9647-be75573dee6e","ts":"2026-07-31T20:51:04.737-04:00","source":{"id":"0","name":"eventBus"}}
{"__type":"$$EventMessageAudit","id":"cf1669c0-5b68-4cc2-a84d-ce886abf7ac5","ts":"2026-07-31T20:51:04.784-04:00","eventName":"n8n.audit.workflow.activated","message":"n8n.audit.workflow.activated","payload":{"userId":"75f111df-8c1a-4ac0-a2f1-faf1f034d95e","_email":"ndiayesoce212@gmail.com","_firstName":"baay","_lastName":"soose","globalRole":"global:owner","workflowId":"csjSBc51yUkh2vRH","workflowName":"fire","activeVersionId":"4f094d0a-8e4a-4a4d-b403-bdba7f2f15a1"}}
{"__type":"$$EventMessageConfirm","confirm":"cf1669c0-5b68-4cc2-a84d-ce886abf7ac5","ts":"2026-07-31T20:51:04.784-04:00","source":{"id":"0","name":"eventBus"}}
{"__type":"$$EventMessageAudit","id":"706ad9da-f601-4d9d-a5f9-85da67993462","ts":"2026-07-31T20:51:18.525-04:00","eventName":"n8n.audit.workflow.deactivated","message":"n8n.audit.workflow.deactivated","payload":{"userId":"75f111df-8c1a-4ac0-a2f1-faf1f034d95e","_email":"ndiayesoce212@gmail.com","_firstName":"baay","_lastName":"soose","globalRole":"global:owner","workflowId":"5VBKbuuujEvgdIGs","workflowName":"power","deactivatedVersionId":"a64a65b5-4673-4e05-8114-006dffc5e834"}}
{"__type":"$$EventMessageConfirm","confirm":"706ad9da-f601-4d9d-a5f9-85da67993462","ts":"2026-07-31T20:51:18.525-04:00","source":{"id":"0","name":"eventBus"}}
{"__type":"$$EventMessageAudit","id":"81dbb84f-6fab-4f29-bc3d-5d6fd1f33fa4","ts":"2026-07-31T20:51:18.564-04:00","eventName":"n8n.audit.workflow.activated","message":"n8n.audit.workflow.activated","payload":{"userId":"75f111df-8c1a-4ac0-a2f1-faf1f034d95e","_email":"ndiayesoce212@gmail.com","_firstName":"baay","_lastName":"soose","globalRole":"global:owner","workflowId":"5VBKbuuujEvgdIGs","workflowName":"power","activeVersionId":"53f5d9d0-e3ea-4fbf-bae2-1a2bb4962a1a"}}
{"__type":"$$EventMessageConfirm","confirm":"81dbb84f-6fab-4f29-bc3d-5d6fd1f33fa4","ts":"2026-07-31T20:51:18.564-04:00","source":{"id":"0","name":"eventBus"}}
{"__type":"$$EventMessageAudit","id":"a8df4fac-6723-4ed4-8afe-fc85069d21e9","ts":"2026-07-31T20:51:30.281-04:00","eventName":"n8n.audit.workflow.deactivated","message":"n8n.audit.workflow.deactivated","payload":{"userId":"75f111df-8c1a-4ac0-a2f1-faf1f034d95e","_email":"ndiayesoce212@gmail.com","_firstName":"baay","_lastName":"soose","globalRole":"global:owner","workflowId":"HyiO9yqvE2q5kmov","workflowName":"hvac","deactivatedVersionId":"8d9ce704-8bf8-4360-bfcd-5919f79b74f5"}}
{"__type":"$$EventMessageConfirm","confirm":"a8df4fac-6723-4ed4-8afe-fc85069d21e9","ts":"2026-07-31T20:51:30.281-04:00","source":{"id":"0","name":"eventBus"}}
{"__type":"$$EventMessageAudit","id":"0193ed8c-6df9-4cae-b914-0d048804e76d","ts":"2026-07-31T20:51:30.311-04:00","eventName":"n8n.audit.workflow.activated","message":"n8n.audit.workflow.activated","payload":{"userId":"75f111df-8c1a-4ac0-a2f1-faf1f034d95e","_email":"ndiayesoce212@gmail.com","_firstName":"baay","_lastName":"soose","globalRole":"global:owner","workflowId":"HyiO9yqvE2q5kmov","workflowName":"hvac","activeVersionId":"92622b99-86ad-4e34-839f-d4f4d3207c1c"}}
{"__type":"$$EventMessageConfirm","confirm":"0193ed8c-6df9-4cae-b914-0d048804e76d","ts":"2026-07-31T20:51:30.311-04:00","source":{"id":"0","name":"eventBus"}}
{"__type":"$$EventMessageAudit","id":"207d9e4d-b12e-4904-a615-419479e7bc9a","ts":"2026-07-31T20:51:36.011-04:00","eventName":"n8n.audit.workflow.deactivated","message":"n8n.audit.workflow.deactivated","payload":{"userId":"75f111df-8c1a-4ac0-a2f1-faf1f034d95e","_email":"ndiayesoce212@gmail.com","_firstName":"baay","_lastName":"soose","globalRole":"global:owner","workflowId":"4060d0nwMZdXJrUS","workflowName":"alert","deactivatedVersionId":"591c4073-ad06-418b-9a26-030b5a4a0a6c"}}
{"__type":"$$EventMessageConfirm","confirm":"207d9e4d-b12e-4904-a615-419479e7bc9a","ts":"2026-07-31T20:51:36.011-04:00","source":{"id":"0","name":"eventBus"}}
{"__type":"$$EventMessageAudit","id":"ff5fa5ba-c1ad-4be7-8aaf-91b6176cb66f","ts":"2026-07-31T20:51:36.041-04:00","eventName":"n8n.audit.workflow.activated","message":"n8n.audit.workflow.activated","payload":{"userId":"75f111df-8c1a-4ac0-a2f1-faf1f034d95e","_email":"ndiayesoce212@gmail.com","_firstName":"baay","_lastName":"soose","globalRole":"global:owner","workflowId":"4060d0nwMZdXJrUS","workflowName":"alert","activeVersionId":"1c637a85-d713-4531-8ccb-30b85698e86d"}}
{"__type":"$$EventMessageConfirm","confirm":"ff5fa5ba-c1ad-4be7-8aaf-91b6176cb66f","ts":"2026-07-31T20:51:36.041-04:00","source":{"id":"0","name":"eventBus"}}
{"__type":"$$EventMessageWorkflow","id":"a2f5626e-415a-41bf-b2be-d9891b3f5f15","ts":"2026-07-31T22:15:00.713-04:00","eventName":"n8n.workflow.started","message":"n8n.workflow.started","payload":{"executionId":"1742","workflowId":"5VBKbuuujEvgdIGs","isManual":false,"mode":"webhook","workflowName":"power"}}
{"__type":"$$EventMessageConfirm","confirm":"a2f5626e-415a-41bf-b2be-d9891b3f5f15","ts":"2026-07-31T22:15:00.713-04:00","source":{"id":"0","name":"eventBus"}}
{"__type":"$$EventMessageAudit","id":"800f012d-60f8-405e-9cb4-aff4e99ce182","ts":"2026-07-31T22:15:00.716-04:00","eventName":"n8n.audit.workflow.executed","message":"n8n.audit.workflow.executed","payload":{"workflowId":"5VBKbuuujEvgdIGs","workflowName":"power","executionId":"1742","source":"webhook"}}
{"__type":"$$EventMessageConfirm","confirm":"800f012d-60f8-405e-9cb4-aff4e99ce182","ts":"2026-07-31T22:15:00.716-04:00","source":{"id":"0","name":"eventBus"}}
{"__type":"$$EventMessageNode","id":"d3fa1a30-e842-401e-b9a0-467f7154e9ee","ts":"2026-07-31T22:15:00.720-04:00","eventName":"n8n.node.started","message":"n8n.node.started","payload":{"workflowId":"5VBKbuuujEvgdIGs","workflowName":"power","executionId":"1742","nodeType":"n8n-nodes-base.webhook","nodeName":"Webhook","nodeId":"d2f68568-3d63-4615-8950-d51b3313419d"}}
{"__type":"$$EventMessageConfirm","confirm":"d3fa1a30-e842-401e-b9a0-467f7154e9ee","ts":"2026-07-31T22:15:00.720-04:00","source":{"id":"0","name":"eventBus"}}
{"__type":"$$EventMessageNode","id":"340ceab0-4cf8-4185-a730-0689f2680332","ts":"2026-07-31T22:15:00.722-04:00","eventName":"n8n.node.finished","message":"n8n.node.finished","payload":{"workflowId":"5VBKbuuujEvgdIGs","workflowName":"power","executionId":"1742","nodeType":"n8n-nodes-base.webhook","nodeName":"Webhook","nodeId":"d2f68568-3d63-4615-8950-d51b3313419d"}}
{"__type":"$$EventMessageConfirm","confirm":"340ceab0-4cf8-4185-a730-0689f2680332","ts":"2026-07-31T22:15:00.723-04:00","source":{"id":"0","name":"eventBus"}}
{"__type":"$$EventMessageNode","id":"ef75ea2a-bf7e-41d2-ba5b-9b2017c2d00b","ts":"2026-07-31T22:15:00.723-04:00","eventName":"n8n.node.started","message":"n8n.node.started","payload":{"workflowId":"5VBKbuuujEvgdIGs","workflowName":"power","executionId":"1742","nodeType":"n8n-nodes-base.code","nodeName":"Code","nodeId":"60178211-232e-4f7a-8bd9-97a66e5b9ec0"}}
{"__type":"$$EventMessageConfirm","confirm":"ef75ea2a-bf7e-41d2-ba5b-9b2017c2d00b","ts":"2026-07-31T22:15:00.723-04:00","source":{"id":"0","name":"eventBus"}}
{"__type":"$$EventMessageRunner","id":"cee9534c-c227-4f16-a55b-f857ec991cce","ts":"2026-07-31T22:15:00.733-04:00","eventName":"n8n.runner.task.requested","message":"n8n.runner.task.requested","payload":{"taskId":"IjtPy8M6","nodeId":"60178211-232e-4f7a-8bd9-97a66e5b9ec0","workflowId":"5VBKbuuujEvgdIGs","executionId":"1742"}}
{"__type":"$$EventMessageConfirm","confirm":"cee9534c-c227-4f16-a55b-f857ec991cce","ts":"2026-07-31T22:15:00.734-04:00","source":{"id":"0","name":"eventBus"}}
{"__type":"$$EventMessageRunner","id":"2088a4b1-1f3f-4b96-9dc6-96b0d9721810","ts":"2026-07-31T22:15:00.760-04:00","eventName":"n8n.runner.response.received","message":"n8n.runner.response.received","payload":{"taskId":"IjtPy8M6","nodeId":"60178211-232e-4f7a-8bd9-97a66e5b9ec0","workflowId":"5VBKbuuujEvgdIGs","executionId":"1742"}}
{"__type":"$$EventMessageConfirm","confirm":"2088a4b1-1f3f-4b96-9dc6-96b0d9721810","ts":"2026-07-31T22:15:00.760-04:00","source":{"id":"0","name":"eventBus"}}
{"__type":"$$EventMessageNode","id":"207bbdff-2001-4d26-b61f-ff0be608a66c","ts":"2026-07-31T22:15:00.764-04:00","eventName":"n8n.node.finished","message":"n8n.node.finished","payload":{"workflowId":"5VBKbuuujEvgdIGs","workflowName":"power","executionId":"1742","nodeType":"n8n-nodes-base.code","nodeName":"Code","nodeId":"60178211-232e-4f7a-8bd9-97a66e5b9ec0"}}
{"__type":"$$EventMessageConfirm","confirm":"207bbdff-2001-4d26-b61f-ff0be608a66c","ts":"2026-07-31T22:15:00.765-04:00","source":{"id":"0","name":"eventBus"}}
{"__type":"$$EventMessageNode","id":"81867e0e-cd59-4f41-a867-235034d030dd","ts":"2026-07-31T22:15:00.765-04:00","eventName":"n8n.node.started","message":"n8n.node.started","payload":{"workflowId":"5VBKbuuujEvgdIGs","workflowName":"power","executionId":"1742","nodeType":"n8n-nodes-base.code","nodeName":"Code1","nodeId":"21ac27dd-d85f-45cb-b48f-eb6a3465a56b"}}
{"__type":"$$EventMessageConfirm","confirm":"81867e0e-cd59-4f41-a867-235034d030dd","ts":"2026-07-31T22:15:00.765-04:00","source":{"id":"0","name":"eventBus"}}
{"__type":"$$EventMessageRunner","id":"79a32520-0195-4e07-9e97-6dc129fe1896","ts":"2026-07-31T22:15:00.772-04:00","eventName":"n8n.runner.task.requested","message":"n8n.runner.task.requested","payload":{"taskId":"s1sUV58H","nodeId":"21ac27dd-d85f-45cb-b48f-eb6a3465a56b","workflowId":"5VBKbuuujEvgdIGs","executionId":"1742"}}
{"__type":"$$EventMessageConfirm","confirm":"79a32520-0195-4e07-9e97-6dc129fe1896","ts":"2026-07-31T22:15:00.773-04:00","source":{"id":"0","name":"eventBus"}}
{"__type":"$$EventMessageRunner","id":"28dacfd6-6329-4747-b683-33f4c23bead6","ts":"2026-07-31T22:15:00.801-04:00","eventName":"n8n.runner.response.received","message":"n8n.runner.response.received","payload":{"taskId":"s1sUV58H","nodeId":"21ac27dd-d85f-45cb-b48f-eb6a3465a56b","workflowId":"5VBKbuuujEvgdIGs","executionId":"1742"}}
{"__type":"$$EventMessageConfirm","confirm":"28dacfd6-6329-4747-b683-33f4c23bead6","ts":"2026-07-31T22:15:00.802-04:00","source":{"id":"0","name":"eventBus"}}
{"__type":"$$EventMessageNode","id":"205881f4-6e8b-4d9a-9607-b77d51c7548a","ts":"2026-07-31T22:15:00.803-04:00","eventName":"n8n.node.finished","message":"n8n.node.finished","payload":{"workflowId":"5VBKbuuujEvgdIGs","workflowName":"power","executionId":"1742","nodeType":"n8n-nodes-base.code","nodeName":"Code1","nodeId":"21ac27dd-d85f-45cb-b48f-eb6a3465a56b"}}
{"__type":"$$EventMessageConfirm","confirm":"205881f4-6e8b-4d9a-9607-b77d51c7548a","ts":"2026-07-31T22:15:00.803-04:00","source":{"id":"0","name":"eventBus"}}
{"__type":"$$EventMessageNode","id":"802c28d0-42be-4f64-a671-2ac1ae725a9b","ts":"2026-07-31T22:15:00.804-04:00","eventName":"n8n.node.started","message":"n8n.node.started","payload":{"workflowId":"5VBKbuuujEvgdIGs","workflowName":"power","executionId":"1742","nodeType":"n8n-nodes-base.emailSend","nodeName":"Send an Email","nodeId":"cd9a4673-a890-4736-9086-51c013f6f82b"}}
{"__type":"$$EventMessageConfirm","confirm":"802c28d0-42be-4f64-a671-2ac1ae725a9b","ts":"2026-07-31T22:15:00.804-04:00","source":{"id":"0","name":"eventBus"}}
{"__type":"$$EventMessageWorkflow","id":"26139452-980f-4f46-a7b9-447f0c5de473","ts":"2026-07-31T22:15:00.977-04:00","eventName":"n8n.workflow.started","message":"n8n.workflow.started","payload":{"executionId":"1743","workflowId":"HyiO9yqvE2q5kmov","isManual":false,"mode":"webhook","workflowName":"hvac"}}
{"__type":"$$EventMessageConfirm","confirm":"26139452-980f-4f46-a7b9-447f0c5de473","ts":"2026-07-31T22:15:00.977-04:00","source":{"id":"0","name":"eventBus"}}
{"__type":"$$EventMessageAudit","id":"3963101f-2afc-4a5d-9164-3f4ab1b9eaee","ts":"2026-07-31T22:15:00.978-04:00","eventName":"n8n.audit.workflow.executed","message":"n8n.audit.workflow.executed","payload":{"workflowId":"HyiO9yqvE2q5kmov","workflowName":"hvac","executionId":"1743","source":"webhook"}}
{"__type":"$$EventMessageConfirm","confirm":"3963101f-2afc-4a5d-9164-3f4ab1b9eaee","ts":"2026-07-31T22:15:00.978-04:00","source":{"id":"0","name":"eventBus"}}
{"__type":"$$EventMessageNode","id":"5ceca6d7-1a21-49c7-a31c-32fe9477538d","ts":"2026-07-31T22:15:00.980-04:00","eventName":"n8n.node.started","message":"n8n.node.started","payload":{"workflowId":"HyiO9yqvE2q5kmov","workflowName":"hvac","executionId":"1743","nodeType":"n8n-nodes-base.webhook","nodeName":"Webhook","nodeId":"21c4bb7e-a362-421b-819b-e396631df92a"}}
{"__type":"$$EventMessageConfirm","confirm":"5ceca6d7-1a21-49c7-a31c-32fe9477538d","ts":"2026-07-31T22:15:00.980-04:00","source":{"id":"0","name":"eventBus"}}
{"__type":"$$EventMessageNode","id":"17d0c166-5eb6-45a5-b3d0-ccff1d8c9533","ts":"2026-07-31T22:15:00.981-04:00","eventName":"n8n.node.finished","message":"n8n.node.finished","payload":{"workflowId":"HyiO9yqvE2q5kmov","workflowName":"hvac","executionId":"1743","nodeType":"n8n-nodes-base.webhook","nodeName":"Webhook","nodeId":"21c4bb7e-a362-421b-819b-e396631df92a"}}
{"__type":"$$EventMessageConfirm","confirm":"17d0c166-5eb6-45a5-b3d0-ccff1d8c9533","ts":"2026-07-31T22:15:00.981-04:00","source":{"id":"0","name":"eventBus"}}
{"__type":"$$EventMessageNode","id":"d943bfca-e908-4ae1-9a45-0cd26564b45a","ts":"2026-07-31T22:15:00.982-04:00","eventName":"n8n.node.started","message":"n8n.node.started","payload":{"workflowId":"HyiO9yqvE2q5kmov","workflowName":"hvac","executionId":"1743","nodeType":"n8n-nodes-base.code","nodeName":"Code","nodeId":"7f58ebee-2d23-411d-b5ed-d749b73e6774"}}
{"__type":"$$EventMessageConfirm","confirm":"d943bfca-e908-4ae1-9a45-0cd26564b45a","ts":"2026-07-31T22:15:00.982-04:00","source":{"id":"0","name":"eventBus"}}
{"__type":"$$EventMessageRunner","id":"f64eef66-c20b-432b-9d9e-b542996c9b2f","ts":"2026-07-31T22:15:00.991-04:00","eventName":"n8n.runner.task.requested","message":"n8n.runner.task.requested","payload":{"taskId":"7mB4tIem","nodeId":"7f58ebee-2d23-411d-b5ed-d749b73e6774","workflowId":"HyiO9yqvE2q5kmov","executionId":"1743"}}
{"__type":"$$EventMessageConfirm","confirm":"f64eef66-c20b-432b-9d9e-b542996c9b2f","ts":"2026-07-31T22:15:00.991-04:00","source":{"id":"0","name":"eventBus"}}
{"__type":"$$EventMessageRunner","id":"c2c0fc57-f895-4716-a7f6-259482a4f9f8","ts":"2026-07-31T22:15:01.006-04:00","eventName":"n8n.runner.response.received","message":"n8n.runner.response.received","payload":{"taskId":"7mB4tIem","nodeId":"7f58ebee-2d23-411d-b5ed-d749b73e6774","workflowId":"HyiO9yqvE2q5kmov","executionId":"1743"}}
{"__type":"$$EventMessageConfirm","confirm":"c2c0fc57-f895-4716-a7f6-259482a4f9f8","ts":"2026-07-31T22:15:01.006-04:00","source":{"id":"0","name":"eventBus"}}
{"__type":"$$EventMessageNode","id":"26790aed-35a1-4ad5-99e5-b76674db62a2","ts":"2026-07-31T22:15:01.007-04:00","eventName":"n8n.node.finished","message":"n8n.node.finished","payload":{"workflowId":"HyiO9yqvE2q5kmov","workflowName":"hvac","executionId":"1743","nodeType":"n8n-nodes-base.code","nodeName":"Code","nodeId":"7f58ebee-2d23-411d-b5ed-d749b73e6774"}}
{"__type":"$$EventMessageConfirm","confirm":"26790aed-35a1-4ad5-99e5-b76674db62a2","ts":"2026-07-31T22:15:01.007-04:00","source":{"id":"0","name":"eventBus"}}
{"__type":"$$EventMessageNode","id":"59a6f092-c54e-42a1-84e3-2128321ffa58","ts":"2026-07-31T22:15:01.007-04:00","eventName":"n8n.node.started","message":"n8n.node.started","payload":{"workflowId":"HyiO9yqvE2q5kmov","workflowName":"hvac","executionId":"1743","nodeType":"n8n-nodes-base.code","nodeName":"Code1","nodeId":"60f93297-09f2-4aac-9a87-0874737aa293"}}
{"__type":"$$EventMessageConfirm","confirm":"59a6f092-c54e-42a1-84e3-2128321ffa58","ts":"2026-07-31T22:15:01.007-04:00","source":{"id":"0","name":"eventBus"}}
{"__type":"$$EventMessageRunner","id":"31190a4a-a9ac-4e1f-b3fd-5bcf9e34628d","ts":"2026-07-31T22:15:01.011-04:00","eventName":"n8n.runner.task.requested","message":"n8n.runner.task.requested","payload":{"taskId":"5XvUyYve","nodeId":"60f93297-09f2-4aac-9a87-0874737aa293","workflowId":"HyiO9yqvE2q5kmov","executionId":"1743"}}
{"__type":"$$EventMessageConfirm","confirm":"31190a4a-a9ac-4e1f-b3fd-5bcf9e34628d","ts":"2026-07-31T22:15:01.011-04:00","source":{"id":"0","name":"eventBus"}}
{"__type":"$$EventMessageRunner","id":"8f24f2c9-e722-4e00-b11b-c24f03c86ee1","ts":"2026-07-31T22:15:01.025-04:00","eventName":"n8n.runner.response.received","message":"n8n.runner.response.received","payload":{"taskId":"5XvUyYve","nodeId":"60f93297-09f2-4aac-9a87-0874737aa293","workflowId":"HyiO9yqvE2q5kmov","executionId":"1743"}}
{"__type":"$$EventMessageConfirm","confirm":"8f24f2c9-e722-4e00-b11b-c24f03c86ee1","ts":"2026-07-31T22:15:01.025-04:00","source":{"id":"0","name":"eventBus"}}
{"__type":"$$EventMessageNode","id":"1e8d8a4e-cefc-4b27-b0f6-64904aa14342","ts":"2026-07-31T22:15:01.026-04:00","eventName":"n8n.node.finished","message":"n8n.node.finished","payload":{"workflowId":"HyiO9yqvE2q5kmov","workflowName":"hvac","executionId":"1743","nodeType":"n8n-nodes-base.code","nodeName":"Code1","nodeId":"60f93297-09f2-4aac-9a87-0874737aa293"}}
{"__type":"$$EventMessageConfirm","confirm":"1e8d8a4e-cefc-4b27-b0f6-64904aa14342","ts":"2026-07-31T22:15:01.026-04:00","source":{"id":"0","name":"eventBus"}}
{"__type":"$$EventMessageNode","id":"6003cbf7-ef80-4ca0-8440-30ffc922c206","ts":"2026-07-31T22:15:01.026-04:00","eventName":"n8n.node.started","message":"n8n.node.started","payload":{"workflowId":"HyiO9yqvE2q5kmov","workflowName":"hvac","executionId":"1743","nodeType":"n8n-nodes-base.emailSend","nodeName":"Send an Email","nodeId":"87443ff8-dff0-434a-91fa-aebc3558045f"}}
{"__type":"$$EventMessageConfirm","confirm":"6003cbf7-ef80-4ca0-8440-30ffc922c206","ts":"2026-07-31T22:15:01.026-04:00","source":{"id":"0","name":"eventBus"}}
{"__type":"$$EventMessageNode","id":"961a4cd5-b61a-43e7-b3c9-c6e14d195c45","ts":"2026-07-31T22:15:02.670-04:00","eventName":"n8n.node.finished","message":"n8n.node.finished","payload":{"workflowId":"HyiO9yqvE2q5kmov","workflowName":"hvac","executionId":"1743","nodeType":"n8n-nodes-base.emailSend","nodeName":"Send an Email","nodeId":"87443ff8-dff0-434a-91fa-aebc3558045f"}}
{"__type":"$$EventMessageConfirm","confirm":"961a4cd5-b61a-43e7-b3c9-c6e14d195c45","ts":"2026-07-31T22:15:02.670-04:00","source":{"id":"0","name":"eventBus"}}
{"__type":"$$EventMessageWorkflow","id":"91f54999-c7de-4739-a142-63b3e4e12f0c","ts":"2026-07-31T22:15:02.673-04:00","eventName":"n8n.workflow.success","message":"n8n.workflow.success","payload":{"executionId":"1743","success":true,"isManual":false,"mode":"webhook","workflowId":"HyiO9yqvE2q5kmov","workflowName":"hvac"}}
{"__type":"$$EventMessageConfirm","confirm":"91f54999-c7de-4739-a142-63b3e4e12f0c","ts":"2026-07-31T22:15:02.673-04:00","source":{"id":"0","name":"eventBus"}}
{"__type":"$$EventMessageNode","id":"3d677ed2-fb17-4055-aec8-967314c554cb","ts":"2026-07-31T22:15:03.540-04:00","eventName":"n8n.node.finished","message":"n8n.node.finished","payload":{"workflowId":"5VBKbuuujEvgdIGs","workflowName":"power","executionId":"1742","nodeType":"n8n-nodes-base.emailSend","nodeName":"Send an Email","nodeId":"cd9a4673-a890-4736-9086-51c013f6f82b"}}
{"__type":"$$EventMessageConfirm","confirm":"3d677ed2-fb17-4055-aec8-967314c554cb","ts":"2026-07-31T22:15:03.540-04:00","source":{"id":"0","name":"eventBus"}}
{"__type":"$$EventMessageWorkflow","id":"87722204-c7a3-4350-af64-809db70f7bec","ts":"2026-07-31T22:15:03.541-04:00","eventName":"n8n.workflow.success","message":"n8n.workflow.success","payload":{"executionId":"1742","success":true,"isManual":false,"mode":"webhook","workflowId":"5VBKbuuujEvgdIGs","workflowName":"power"}}
{"__type":"$$EventMessageConfirm","confirm":"87722204-c7a3-4350-af64-809db70f7bec","ts":"2026-07-31T22:15:03.541-04:00","source":{"id":"0","name":"eventBus"}}
{"__type":"$$EventMessageWorkflow","id":"34d33322-ae7b-45a6-ad51-0c3295d3b2b4","ts":"2026-07-31T22:16:06.455-04:00","eventName":"n8n.workflow.started","message":"n8n.workflow.started","payload":{"executionId":"1744","workflowId":"csjSBc51yUkh2vRH","isManual":false,"mode":"webhook","workflowName":"fire"}}
{"__type":"$$EventMessageConfirm","confirm":"34d33322-ae7b-45a6-ad51-0c3295d3b2b4","ts":"2026-07-31T22:16:06.456-04:00","source":{"id":"0","name":"eventBus"}}
{"__type":"$$EventMessageAudit","id":"77081762-86e3-4e70-9f25-ac809a865161","ts":"2026-07-31T22:16:06.458-04:00","eventName":"n8n.audit.workflow.executed","message":"n8n.audit.workflow.executed","payload":{"workflowId":"csjSBc51yUkh2vRH","workflowName":"fire","executionId":"1744","source":"webhook"}}
{"__type":"$$EventMessageConfirm","confirm":"77081762-86e3-4e70-9f25-ac809a865161","ts":"2026-07-31T22:16:06.459-04:00","source":{"id":"0","name":"eventBus"}}
{"__type":"$$EventMessageNode","id":"6005b422-a72c-48c3-bfb4-8c5d6d7d5df4","ts":"2026-07-31T22:16:06.460-04:00","eventName":"n8n.node.started","message":"n8n.node.started","payload":{"workflowId":"csjSBc51yUkh2vRH","workflowName":"fire","executionId":"1744","nodeType":"n8n-nodes-base.webhook","nodeName":"Webhook","nodeId":"24e7bc53-ee06-4b53-b753-97a049b3327b"}}
{"__type":"$$EventMessageConfirm","confirm":"6005b422-a72c-48c3-bfb4-8c5d6d7d5df4","ts":"2026-07-31T22:16:06.460-04:00","source":{"id":"0","name":"eventBus"}}
{"__type":"$$EventMessageNode","id":"0fed1740-81a8-4848-8bd8-cf0a7b308ef1","ts":"2026-07-31T22:16:06.461-04:00","eventName":"n8n.node.finished","message":"n8n.node.finished","payload":{"workflowId":"csjSBc51yUkh2vRH","workflowName":"fire","executionId":"1744","nodeType":"n8n-nodes-base.webhook","nodeName":"Webhook","nodeId":"24e7bc53-ee06-4b53-b753-97a049b3327b"}}
{"__type":"$$EventMessageConfirm","confirm":"0fed1740-81a8-4848-8bd8-cf0a7b308ef1","ts":"2026-07-31T22:16:06.461-04:00","source":{"id":"0","name":"eventBus"}}
{"__type":"$$EventMessageNode","id":"fc54a95e-a9d8-4e90-b30d-202ac57cf6ec","ts":"2026-07-31T22:16:06.462-04:00","eventName":"n8n.node.started","message":"n8n.node.started","payload":{"workflowId":"csjSBc51yUkh2vRH","workflowName":"fire","executionId":"1744","nodeType":"n8n-nodes-base.code","nodeName":"Code","nodeId":"f271c744-c46c-4766-b045-ed1d8821c40d"}}
{"__type":"$$EventMessageConfirm","confirm":"fc54a95e-a9d8-4e90-b30d-202ac57cf6ec","ts":"2026-07-31T22:16:06.462-04:00","source":{"id":"0","name":"eventBus"}}
{"__type":"$$EventMessageRunner","id":"ad12bfa7-ba9c-47be-9153-d9de7f83834a","ts":"2026-07-31T22:16:06.466-04:00","eventName":"n8n.runner.task.requested","message":"n8n.runner.task.requested","payload":{"taskId":"i0oXQHWS","nodeId":"f271c744-c46c-4766-b045-ed1d8821c40d","workflowId":"csjSBc51yUkh2vRH","executionId":"1744"}}
{"__type":"$$EventMessageConfirm","confirm":"ad12bfa7-ba9c-47be-9153-d9de7f83834a","ts":"2026-07-31T22:16:06.467-04:00","source":{"id":"0","name":"eventBus"}}
{"__type":"$$EventMessageRunner","id":"1c151733-4dbe-41aa-bf59-c5c4ef31746c","ts":"2026-07-31T22:16:06.500-04:00","eventName":"n8n.runner.response.received","message":"n8n.runner.response.received","payload":{"taskId":"i0oXQHWS","nodeId":"f271c744-c46c-4766-b045-ed1d8821c40d","workflowId":"csjSBc51yUkh2vRH","executionId":"1744"}}
{"__type":"$$EventMessageConfirm","confirm":"1c151733-4dbe-41aa-bf59-c5c4ef31746c","ts":"2026-07-31T22:16:06.500-04:00","source":{"id":"0","name":"eventBus"}}
{"__type":"$$EventMessageNode","id":"8758c02f-f1ff-49ba-a524-cb3bc69c2773","ts":"2026-07-31T22:16:06.501-04:00","eventName":"n8n.node.finished","message":"n8n.node.finished","payload":{"workflowId":"csjSBc51yUkh2vRH","workflowName":"fire","executionId":"1744","nodeType":"n8n-nodes-base.code","nodeName":"Code","nodeId":"f271c744-c46c-4766-b045-ed1d8821c40d"}}
{"__type":"$$EventMessageConfirm","confirm":"8758c02f-f1ff-49ba-a524-cb3bc69c2773","ts":"2026-07-31T22:16:06.501-04:00","source":{"id":"0","name":"eventBus"}}
{"__type":"$$EventMessageNode","id":"fcf94319-c991-404a-bcba-bdcb92ba2111","ts":"2026-07-31T22:16:06.501-04:00","eventName":"n8n.node.started","message":"n8n.node.started","payload":{"workflowId":"csjSBc51yUkh2vRH","workflowName":"fire","executionId":"1744","nodeType":"n8n-nodes-base.code","nodeName":"Code1","nodeId":"3cd55fa9-d0e9-43ab-b0ba-fe5047c0e593"}}
{"__type":"$$EventMessageConfirm","confirm":"fcf94319-c991-404a-bcba-bdcb92ba2111","ts":"2026-07-31T22:16:06.502-04:00","source":{"id":"0","name":"eventBus"}}
{"__type":"$$EventMessageRunner","id":"93c194c2-116d-40d1-86ff-0628c0417046","ts":"2026-07-31T22:16:06.507-04:00","eventName":"n8n.runner.task.requested","message":"n8n.runner.task.requested","payload":{"taskId":"hJ_4iloa","nodeId":"3cd55fa9-d0e9-43ab-b0ba-fe5047c0e593","workflowId":"csjSBc51yUkh2vRH","executionId":"1744"}}
{"__type":"$$EventMessageConfirm","confirm":"93c194c2-116d-40d1-86ff-0628c0417046","ts":"2026-07-31T22:16:06.507-04:00","source":{"id":"0","name":"eventBus"}}
{"__type":"$$EventMessageRunner","id":"fa5af319-d53f-4c46-86a2-1517abe0eb11","ts":"2026-07-31T22:16:06.535-04:00","eventName":"n8n.runner.response.received","message":"n8n.runner.response.received","payload":{"taskId":"hJ_4iloa","nodeId":"3cd55fa9-d0e9-43ab-b0ba-fe5047c0e593","workflowId":"csjSBc51yUkh2vRH","executionId":"1744"}}
{"__type":"$$EventMessageConfirm","confirm":"fa5af319-d53f-4c46-86a2-1517abe0eb11","ts":"2026-07-31T22:16:06.535-04:00","source":{"id":"0","name":"eventBus"}}
{"__type":"$$EventMessageNode","id":"a4bf8e42-8da8-4d1f-9823-ebc56606a232","ts":"2026-07-31T22:16:06.536-04:00","eventName":"n8n.node.finished","message":"n8n.node.finished","payload":{"workflowId":"csjSBc51yUkh2vRH","workflowName":"fire","executionId":"1744","nodeType":"n8n-nodes-base.code","nodeName":"Code1","nodeId":"3cd55fa9-d0e9-43ab-b0ba-fe5047c0e593"}}
{"__type":"$$EventMessageConfirm","confirm":"a4bf8e42-8da8-4d1f-9823-ebc56606a232","ts":"2026-07-31T22:16:06.536-04:00","source":{"id":"0","name":"eventBus"}}
{"__type":"$$EventMessageNode","id":"ef26483c-25bf-4d62-99dd-c0c46005046a","ts":"2026-07-31T22:16:06.536-04:00","eventName":"n8n.node.started","message":"n8n.node.started","payload":{"workflowId":"csjSBc51yUkh2vRH","workflowName":"fire","executionId":"1744","nodeType":"n8n-nodes-base.emailSend","nodeName":"Send an Email","nodeId":"608babce-103c-465c-a660-1727b6e60873"}}
{"__type":"$$EventMessageConfirm","confirm":"ef26483c-25bf-4d62-99dd-c0c46005046a","ts":"2026-07-31T22:16:06.536-04:00","source":{"id":"0","name":"eventBus"}}
{"__type":"$$EventMessageNode","id":"7d5fa19d-041c-4621-ba58-937da592eaf7","ts":"2026-07-31T22:16:09.838-04:00","eventName":"n8n.node.finished","message":"n8n.node.finished","payload":{"workflowId":"csjSBc51yUkh2vRH","workflowName":"fire","executionId":"1744","nodeType":"n8n-nodes-base.emailSend","nodeName":"Send an Email","nodeId":"608babce-103c-465c-a660-1727b6e60873"}}
{"__type":"$$EventMessageConfirm","confirm":"7d5fa19d-041c-4621-ba58-937da592eaf7","ts":"2026-07-31T22:16:09.838-04:00","source":{"id":"0","name":"eventBus"}}
{"__type":"$$EventMessageWorkflow","id":"3b64a490-1d30-4c0b-8d30-372c99186af4","ts":"2026-07-31T22:16:09.839-04:00","eventName":"n8n.workflow.success","message":"n8n.workflow.success","payload":{"executionId":"1744","success":true,"isManual":false,"mode":"webhook","workflowId":"csjSBc51yUkh2vRH","workflowName":"fire"}}
{"__type":"$$EventMessageConfirm","confirm":"3b64a490-1d30-4c0b-8d30-372c99186af4","ts":"2026-07-31T22:16:09.839-04:00","source":{"id":"0","name":"eventBus"}}
{"__type":"$$EventMessageWorkflow","id":"c853886e-3869-47b3-9f46-7305a7c908bc","ts":"2026-07-31T22:29:42.189-04:00","eventName":"n8n.workflow.started","message":"n8n.workflow.started","payload":{"executionId":"1745","workflowId":"5VBKbuuujEvgdIGs","isManual":false,"mode":"webhook","workflowName":"power"}}
{"__type":"$$EventMessageConfirm","confirm":"c853886e-3869-47b3-9f46-7305a7c908bc","ts":"2026-07-31T22:29:42.189-04:00","source":{"id":"0","name":"eventBus"}}
{"__type":"$$EventMessageAudit","id":"197fc136-b3f9-4daf-a1c3-f59bf1cabe12","ts":"2026-07-31T22:29:42.190-04:00","eventName":"n8n.audit.workflow.executed","message":"n8n.audit.workflow.executed","payload":{"workflowId":"5VBKbuuujEvgdIGs","workflowName":"power","executionId":"1745","source":"webhook"}}
{"__type":"$$EventMessageConfirm","confirm":"197fc136-b3f9-4daf-a1c3-f59bf1cabe12","ts":"2026-07-31T22:29:42.191-04:00","source":{"id":"0","name":"eventBus"}}
{"__type":"$$EventMessageNode","id":"a0be9e90-6f55-4355-9a77-9f710becf83f","ts":"2026-07-31T22:29:42.192-04:00","eventName":"n8n.node.started","message":"n8n.node.started","payload":{"workflowId":"5VBKbuuujEvgdIGs","workflowName":"power","executionId":"1745","nodeType":"n8n-nodes-base.webhook","nodeName":"Webhook","nodeId":"d2f68568-3d63-4615-8950-d51b3313419d"}}
{"__type":"$$EventMessageConfirm","confirm":"a0be9e90-6f55-4355-9a77-9f710becf83f","ts":"2026-07-31T22:29:42.192-04:00","source":{"id":"0","name":"eventBus"}}
{"__type":"$$EventMessageNode","id":"4bb6e38e-a27d-4cff-8b9b-afbc0d0aa016","ts":"2026-07-31T22:29:42.193-04:00","eventName":"n8n.node.finished","message":"n8n.node.finished","payload":{"workflowId":"5VBKbuuujEvgdIGs","workflowName":"power","executionId":"1745","nodeType":"n8n-nodes-base.webhook","nodeName":"Webhook","nodeId":"d2f68568-3d63-4615-8950-d51b3313419d"}}
{"__type":"$$EventMessageConfirm","confirm":"4bb6e38e-a27d-4cff-8b9b-afbc0d0aa016","ts":"2026-07-31T22:29:42.193-04:00","source":{"id":"0","name":"eventBus"}}
{"__type":"$$EventMessageNode","id":"53afb594-b0dc-4d80-b6d6-acd7f68a80b7","ts":"2026-07-31T22:29:42.193-04:00","eventName":"n8n.node.started","message":"n8n.node.started","payload":{"workflowId":"5VBKbuuujEvgdIGs","workflowName":"power","executionId":"1745","nodeType":"n8n-nodes-base.code","nodeName":"Code","nodeId":"60178211-232e-4f7a-8bd9-97a66e5b9ec0"}}
{"__type":"$$EventMessageConfirm","confirm":"53afb594-b0dc-4d80-b6d6-acd7f68a80b7","ts":"2026-07-31T22:29:42.197-04:00","source":{"id":"0","name":"eventBus"}}
{"__type":"$$EventMessageRunner","id":"b4956d38-cc93-40d7-9cdf-0a828ffdb34b","ts":"2026-07-31T22:29:42.201-04:00","eventName":"n8n.runner.task.requested","message":"n8n.runner.task.requested","payload":{"taskId":"0cvvJZeq","nodeId":"60178211-232e-4f7a-8bd9-97a66e5b9ec0","workflowId":"5VBKbuuujEvgdIGs","executionId":"1745"}}
{"__type":"$$EventMessageConfirm","confirm":"b4956d38-cc93-40d7-9cdf-0a828ffdb34b","ts":"2026-07-31T22:29:42.203-04:00","source":{"id":"0","name":"eventBus"}}
{"__type":"$$EventMessageRunner","id":"1be85781-5351-4c3e-b814-468bb262c257","ts":"2026-07-31T22:29:42.274-04:00","eventName":"n8n.runner.response.received","message":"n8n.runner.response.received","payload":{"taskId":"0cvvJZeq","nodeId":"60178211-232e-4f7a-8bd9-97a66e5b9ec0","workflowId":"5VBKbuuujEvgdIGs","executionId":"1745"}}
{"__type":"$$EventMessageConfirm","confirm":"1be85781-5351-4c3e-b814-468bb262c257","ts":"2026-07-31T22:29:42.275-04:00","source":{"id":"0","name":"eventBus"}}
{"__type":"$$EventMessageNode","id":"0338aaf6-f5d8-4b49-8a1c-65ddffb47380","ts":"2026-07-31T22:29:42.275-04:00","eventName":"n8n.node.finished","message":"n8n.node.finished","payload":{"workflowId":"5VBKbuuujEvgdIGs","workflowName":"power","executionId":"1745","nodeType":"n8n-nodes-base.code","nodeName":"Code","nodeId":"60178211-232e-4f7a-8bd9-97a66e5b9ec0"}}
{"__type":"$$EventMessageConfirm","confirm":"0338aaf6-f5d8-4b49-8a1c-65ddffb47380","ts":"2026-07-31T22:29:42.276-04:00","source":{"id":"0","name":"eventBus"}}
{"__type":"$$EventMessageNode","id":"aeb953c4-9fa8-4093-acd2-bcfbccd516bf","ts":"2026-07-31T22:29:42.276-04:00","eventName":"n8n.node.started","message":"n8n.node.started","payload":{"workflowId":"5VBKbuuujEvgdIGs","workflowName":"power","executionId":"1745","nodeType":"n8n-nodes-base.code","nodeName":"Code1","nodeId":"21ac27dd-d85f-45cb-b48f-eb6a3465a56b"}}
{"__type":"$$EventMessageConfirm","confirm":"aeb953c4-9fa8-4093-acd2-bcfbccd516bf","ts":"2026-07-31T22:29:42.276-04:00","source":{"id":"0","name":"eventBus"}}
{"__type":"$$EventMessageRunner","id":"ca313435-115c-4a9a-8ab8-922b4924a473","ts":"2026-07-31T22:29:42.290-04:00","eventName":"n8n.runner.task.requested","message":"n8n.runner.task.requested","payload":{"taskId":"o-htIrI5","nodeId":"21ac27dd-d85f-45cb-b48f-eb6a3465a56b","workflowId":"5VBKbuuujEvgdIGs","executionId":"1745"}}
{"__type":"$$EventMessageConfirm","confirm":"ca313435-115c-4a9a-8ab8-922b4924a473","ts":"2026-07-31T22:29:42.291-04:00","source":{"id":"0","name":"eventBus"}}
{"__type":"$$EventMessageRunner","id":"c8948b63-2dce-4138-85d2-4c50fd3d6c89","ts":"2026-07-31T22:29:42.326-04:00","eventName":"n8n.runner.response.received","message":"n8n.runner.response.received","payload":{"taskId":"o-htIrI5","nodeId":"21ac27dd-d85f-45cb-b48f-eb6a3465a56b","workflowId":"5VBKbuuujEvgdIGs","executionId":"1745"}}
{"__type":"$$EventMessageConfirm","confirm":"c8948b63-2dce-4138-85d2-4c50fd3d6c89","ts":"2026-07-31T22:29:42.327-04:00","source":{"id":"0","name":"eventBus"}}
{"__type":"$$EventMessageNode","id":"2da2fe96-2aec-4516-b23a-d0a2047adfe4","ts":"2026-07-31T22:29:42.327-04:00","eventName":"n8n.node.finished","message":"n8n.node.finished","payload":{"workflowId":"5VBKbuuujEvgdIGs","workflowName":"power","executionId":"1745","nodeType":"n8n-nodes-base.code","nodeName":"Code1","nodeId":"21ac27dd-d85f-45cb-b48f-eb6a3465a56b"}}
{"__type":"$$EventMessageConfirm","confirm":"2da2fe96-2aec-4516-b23a-d0a2047adfe4","ts":"2026-07-31T22:29:42.328-04:00","source":{"id":"0","name":"eventBus"}}
{"__type":"$$EventMessageNode","id":"5c82b8ee-5f86-4ee9-bd59-e32d64ed7067","ts":"2026-07-31T22:29:42.328-04:00","eventName":"n8n.node.started","message":"n8n.node.started","payload":{"workflowId":"5VBKbuuujEvgdIGs","workflowName":"power","executionId":"1745","nodeType":"n8n-nodes-base.emailSend","nodeName":"Send an Email","nodeId":"cd9a4673-a890-4736-9086-51c013f6f82b"}}
{"__type":"$$EventMessageConfirm","confirm":"5c82b8ee-5f86-4ee9-bd59-e32d64ed7067","ts":"2026-07-31T22:29:42.328-04:00","source":{"id":"0","name":"eventBus"}}
{"__type":"$$EventMessageWorkflow","id":"73f15ab1-a50c-4cf9-9a4f-b046437ce1e9","ts":"2026-07-31T22:29:42.453-04:00","eventName":"n8n.workflow.started","message":"n8n.workflow.started","payload":{"executionId":"1746","workflowId":"HyiO9yqvE2q5kmov","isManual":false,"mode":"webhook","workflowName":"hvac"}}
{"__type":"$$EventMessageConfirm","confirm":"73f15ab1-a50c-4cf9-9a4f-b046437ce1e9","ts":"2026-07-31T22:29:42.453-04:00","source":{"id":"0","name":"eventBus"}}
{"__type":"$$EventMessageAudit","id":"3f307082-b1f8-4ff3-a98d-a85d6d143800","ts":"2026-07-31T22:29:42.454-04:00","eventName":"n8n.audit.workflow.executed","message":"n8n.audit.workflow.executed","payload":{"workflowId":"HyiO9yqvE2q5kmov","workflowName":"hvac","executionId":"1746","source":"webhook"}}
{"__type":"$$EventMessageConfirm","confirm":"3f307082-b1f8-4ff3-a98d-a85d6d143800","ts":"2026-07-31T22:29:42.455-04:00","source":{"id":"0","name":"eventBus"}}
{"__type":"$$EventMessageNode","id":"d3d888e9-c639-4301-ae5d-44d1ff78a2b5","ts":"2026-07-31T22:29:42.461-04:00","eventName":"n8n.node.started","message":"n8n.node.started","payload":{"workflowId":"HyiO9yqvE2q5kmov","workflowName":"hvac","executionId":"1746","nodeType":"n8n-nodes-base.webhook","nodeName":"Webhook","nodeId":"21c4bb7e-a362-421b-819b-e396631df92a"}}
{"__type":"$$EventMessageConfirm","confirm":"d3d888e9-c639-4301-ae5d-44d1ff78a2b5","ts":"2026-07-31T22:29:42.462-04:00","source":{"id":"0","name":"eventBus"}}
{"__type":"$$EventMessageNode","id":"fe7a8575-b491-4a18-a219-eb0691473432","ts":"2026-07-31T22:29:42.464-04:00","eventName":"n8n.node.finished","message":"n8n.node.finished","payload":{"workflowId":"HyiO9yqvE2q5kmov","workflowName":"hvac","executionId":"1746","nodeType":"n8n-nodes-base.webhook","nodeName":"Webhook","nodeId":"21c4bb7e-a362-421b-819b-e396631df92a"}}
{"__type":"$$EventMessageConfirm","confirm":"fe7a8575-b491-4a18-a219-eb0691473432","ts":"2026-07-31T22:29:42.466-04:00","source":{"id":"0","name":"eventBus"}}
{"__type":"$$EventMessageNode","id":"6835d6ef-36c2-4c18-ae2c-24c2ed73f190","ts":"2026-07-31T22:29:42.466-04:00","eventName":"n8n.node.started","message":"n8n.node.started","payload":{"workflowId":"HyiO9yqvE2q5kmov","workflowName":"hvac","executionId":"1746","nodeType":"n8n-nodes-base.code","nodeName":"Code","nodeId":"7f58ebee-2d23-411d-b5ed-d749b73e6774"}}
{"__type":"$$EventMessageConfirm","confirm":"6835d6ef-36c2-4c18-ae2c-24c2ed73f190","ts":"2026-07-31T22:29:42.466-04:00","source":{"id":"0","name":"eventBus"}}
{"__type":"$$EventMessageRunner","id":"5c7daf70-aa7d-4b84-8078-40ef00a1de7c","ts":"2026-07-31T22:29:42.471-04:00","eventName":"n8n.runner.task.requested","message":"n8n.runner.task.requested","payload":{"taskId":"BXxt3GS2","nodeId":"7f58ebee-2d23-411d-b5ed-d749b73e6774","workflowId":"HyiO9yqvE2q5kmov","executionId":"1746"}}
{"__type":"$$EventMessageConfirm","confirm":"5c7daf70-aa7d-4b84-8078-40ef00a1de7c","ts":"2026-07-31T22:29:42.472-04:00","source":{"id":"0","name":"eventBus"}}
{"__type":"$$EventMessageRunner","id":"cf4b8c06-d84f-4ae1-ac44-b49dae30c940","ts":"2026-07-31T22:29:42.501-04:00","eventName":"n8n.runner.response.received","message":"n8n.runner.response.received","payload":{"taskId":"BXxt3GS2","nodeId":"7f58ebee-2d23-411d-b5ed-d749b73e6774","workflowId":"HyiO9yqvE2q5kmov","executionId":"1746"}}
{"__type":"$$EventMessageConfirm","confirm":"cf4b8c06-d84f-4ae1-ac44-b49dae30c940","ts":"2026-07-31T22:29:42.502-04:00","source":{"id":"0","name":"eventBus"}}
{"__type":"$$EventMessageNode","id":"b3934471-1bef-46ee-8a66-59cef086d4d9","ts":"2026-07-31T22:29:42.503-04:00","eventName":"n8n.node.finished","message":"n8n.node.finished","payload":{"workflowId":"HyiO9yqvE2q5kmov","workflowName":"hvac","executionId":"1746","nodeType":"n8n-nodes-base.code","nodeName":"Code","nodeId":"7f58ebee-2d23-411d-b5ed-d749b73e6774"}}
{"__type":"$$EventMessageConfirm","confirm":"b3934471-1bef-46ee-8a66-59cef086d4d9","ts":"2026-07-31T22:29:42.503-04:00","source":{"id":"0","name":"eventBus"}}
{"__type":"$$EventMessageNode","id":"8ebd0edc-8ce8-455a-a102-d46e97bbc77c","ts":"2026-07-31T22:29:42.503-04:00","eventName":"n8n.node.started","message":"n8n.node.started","payload":{"workflowId":"HyiO9yqvE2q5kmov","workflowName":"hvac","executionId":"1746","nodeType":"n8n-nodes-base.code","nodeName":"Code1","nodeId":"60f93297-09f2-4aac-9a87-0874737aa293"}}
{"__type":"$$EventMessageConfirm","confirm":"8ebd0edc-8ce8-455a-a102-d46e97bbc77c","ts":"2026-07-31T22:29:42.504-04:00","source":{"id":"0","name":"eventBus"}}
{"__type":"$$EventMessageRunner","id":"53e9324c-6104-491b-84fb-807a584d6f06","ts":"2026-07-31T22:29:42.506-04:00","eventName":"n8n.runner.task.requested","message":"n8n.runner.task.requested","payload":{"taskId":"f2nIu8Ja","nodeId":"60f93297-09f2-4aac-9a87-0874737aa293","workflowId":"HyiO9yqvE2q5kmov","executionId":"1746"}}
{"__type":"$$EventMessageConfirm","confirm":"53e9324c-6104-491b-84fb-807a584d6f06","ts":"2026-07-31T22:29:42.506-04:00","source":{"id":"0","name":"eventBus"}}
{"__type":"$$EventMessageRunner","id":"6a65d3e8-2430-4668-98a2-5d87809ce8a3","ts":"2026-07-31T22:29:42.516-04:00","eventName":"n8n.runner.response.received","message":"n8n.runner.response.received","payload":{"taskId":"f2nIu8Ja","nodeId":"60f93297-09f2-4aac-9a87-0874737aa293","workflowId":"HyiO9yqvE2q5kmov","executionId":"1746"}}
{"__type":"$$EventMessageConfirm","confirm":"6a65d3e8-2430-4668-98a2-5d87809ce8a3","ts":"2026-07-31T22:29:42.516-04:00","source":{"id":"0","name":"eventBus"}}
{"__type":"$$EventMessageNode","id":"709ff1dd-34ce-4d79-ba2e-6c5e584ea77d","ts":"2026-07-31T22:29:42.517-04:00","eventName":"n8n.node.finished","message":"n8n.node.finished","payload":{"workflowId":"HyiO9yqvE2q5kmov","workflowName":"hvac","executionId":"1746","nodeType":"n8n-nodes-base.code","nodeName":"Code1","nodeId":"60f93297-09f2-4aac-9a87-0874737aa293"}}
{"__type":"$$EventMessageConfirm","confirm":"709ff1dd-34ce-4d79-ba2e-6c5e584ea77d","ts":"2026-07-31T22:29:42.517-04:00","source":{"id":"0","name":"eventBus"}}
{"__type":"$$EventMessageNode","id":"05d30657-1aaa-4686-b911-42f70fb31870","ts":"2026-07-31T22:29:42.517-04:00","eventName":"n8n.node.started","message":"n8n.node.started","payload":{"workflowId":"HyiO9yqvE2q5kmov","workflowName":"hvac","executionId":"1746","nodeType":"n8n-nodes-base.emailSend","nodeName":"Send an Email","nodeId":"87443ff8-dff0-434a-91fa-aebc3558045f"}}
{"__type":"$$EventMessageConfirm","confirm":"05d30657-1aaa-4686-b911-42f70fb31870","ts":"2026-07-31T22:29:42.517-04:00","source":{"id":"0","name":"eventBus"}}
{"__type":"$$EventMessageNode","id":"4f67afe1-6b92-4261-85f3-afb746bf5d78","ts":"2026-07-31T22:29:44.003-04:00","eventName":"n8n.node.finished","message":"n8n.node.finished","payload":{"workflowId":"5VBKbuuujEvgdIGs","workflowName":"power","executionId":"1745","nodeType":"n8n-nodes-base.emailSend","nodeName":"Send an Email","nodeId":"cd9a4673-a890-4736-9086-51c013f6f82b"}}
{"__type":"$$EventMessageConfirm","confirm":"4f67afe1-6b92-4261-85f3-afb746bf5d78","ts":"2026-07-31T22:29:44.003-04:00","source":{"id":"0","name":"eventBus"}}
{"__type":"$$EventMessageWorkflow","id":"b48dd81a-b49a-427d-a44c-9f3daa66f888","ts":"2026-07-31T22:29:44.004-04:00","eventName":"n8n.workflow.success","message":"n8n.workflow.success","payload":{"executionId":"1745","success":true,"isManual":false,"mode":"webhook","workflowId":"5VBKbuuujEvgdIGs","workflowName":"power"}}
{"__type":"$$EventMessageConfirm","confirm":"b48dd81a-b49a-427d-a44c-9f3daa66f888","ts":"2026-07-31T22:29:44.004-04:00","source":{"id":"0","name":"eventBus"}}
{"__type":"$$EventMessageNode","id":"dfce18c1-9194-4bd4-bb95-eb52c4654b49","ts":"2026-07-31T22:29:44.819-04:00","eventName":"n8n.node.finished","message":"n8n.node.finished","payload":{"workflowId":"HyiO9yqvE2q5kmov","workflowName":"hvac","executionId":"1746","nodeType":"n8n-nodes-base.emailSend","nodeName":"Send an Email","nodeId":"87443ff8-dff0-434a-91fa-aebc3558045f"}}
{"__type":"$$EventMessageConfirm","confirm":"dfce18c1-9194-4bd4-bb95-eb52c4654b49","ts":"2026-07-31T22:29:44.820-04:00","source":{"id":"0","name":"eventBus"}}
{"__type":"$$EventMessageWorkflow","id":"bda6eb90-137e-441c-9d1d-3dfa588c43d6","ts":"2026-07-31T22:29:44.820-04:00","eventName":"n8n.workflow.success","message":"n8n.workflow.success","payload":{"executionId":"1746","success":true,"isManual":false,"mode":"webhook","workflowId":"HyiO9yqvE2q5kmov","workflowName":"hvac"}}
{"__type":"$$EventMessageConfirm","confirm":"bda6eb90-137e-441c-9d1d-3dfa588c43d6","ts":"2026-07-31T22:29:44.820-04:00","source":{"id":"0","name":"eventBus"}}
{"__type":"$$EventMessageWorkflow","id":"d92557d5-e616-434f-a953-db5fe9989745","ts":"2026-08-04T15:32:43.812-04:00","eventName":"n8n.workflow.started","message":"n8n.workflow.started","payload":{"executionId":"1747","workflowId":"csjSBc51yUkh2vRH","isManual":false,"mode":"webhook","workflowName":"fire"}}
{"__type":"$$EventMessageConfirm","confirm":"d92557d5-e616-434f-a953-db5fe9989745","ts":"2026-08-04T15:32:43.812-04:00","source":{"id":"0","name":"eventBus"}}
{"__type":"$$EventMessageAudit","id":"050752d9-c2cf-4376-b131-ce7850176797","ts":"2026-08-04T15:32:43.813-04:00","eventName":"n8n.audit.workflow.executed","message":"n8n.audit.workflow.executed","payload":{"workflowId":"csjSBc51yUkh2vRH","workflowName":"fire","executionId":"1747","source":"webhook"}}
{"__type":"$$EventMessageConfirm","confirm":"050752d9-c2cf-4376-b131-ce7850176797","ts":"2026-08-04T15:32:43.813-04:00","source":{"id":"0","name":"eventBus"}}
{"__type":"$$EventMessageNode","id":"dc105de7-140f-4e07-8fa1-b39251484e4d","ts":"2026-08-04T15:32:43.816-04:00","eventName":"n8n.node.started","message":"n8n.node.started","payload":{"workflowId":"csjSBc51yUkh2vRH","workflowName":"fire","executionId":"1747","nodeType":"n8n-nodes-base.webhook","nodeName":"Webhook","nodeId":"24e7bc53-ee06-4b53-b753-97a049b3327b"}}
{"__type":"$$EventMessageConfirm","confirm":"dc105de7-140f-4e07-8fa1-b39251484e4d","ts":"2026-08-04T15:32:43.816-04:00","source":{"id":"0","name":"eventBus"}}
{"__type":"$$EventMessageNode","id":"32d400b2-de18-4de2-9fc0-c954bd030226","ts":"2026-08-04T15:32:43.817-04:00","eventName":"n8n.node.finished","message":"n8n.node.finished","payload":{"workflowId":"csjSBc51yUkh2vRH","workflowName":"fire","executionId":"1747","nodeType":"n8n-nodes-base.webhook","nodeName":"Webhook","nodeId":"24e7bc53-ee06-4b53-b753-97a049b3327b"}}
{"__type":"$$EventMessageConfirm","confirm":"32d400b2-de18-4de2-9fc0-c954bd030226","ts":"2026-08-04T15:32:43.817-04:00","source":{"id":"0","name":"eventBus"}}
{"__type":"$$EventMessageNode","id":"7fcf5d59-da08-4a2c-8bac-39b3e9609de3","ts":"2026-08-04T15:32:43.818-04:00","eventName":"n8n.node.started","message":"n8n.node.started","payload":{"workflowId":"csjSBc51yUkh2vRH","workflowName":"fire","executionId":"1747","nodeType":"n8n-nodes-base.code","nodeName":"Code","nodeId":"f271c744-c46c-4766-b045-ed1d8821c40d"}}
{"__type":"$$EventMessageConfirm","confirm":"7fcf5d59-da08-4a2c-8bac-39b3e9609de3","ts":"2026-08-04T15:32:43.818-04:00","source":{"id":"0","name":"eventBus"}}
{"__type":"$$EventMessageRunner","id":"e1733e35-3646-4108-937e-c0c81e42b314","ts":"2026-08-04T15:32:43.821-04:00","eventName":"n8n.runner.task.requested","message":"n8n.runner.task.requested","payload":{"taskId":"Z-7QyKeu","nodeId":"f271c744-c46c-4766-b045-ed1d8821c40d","workflowId":"csjSBc51yUkh2vRH","executionId":"1747"}}
{"__type":"$$EventMessageConfirm","confirm":"e1733e35-3646-4108-937e-c0c81e42b314","ts":"2026-08-04T15:32:43.821-04:00","source":{"id":"0","name":"eventBus"}}
{"__type":"$$EventMessageRunner","id":"a5ca67ce-cbaf-4a6e-8d3e-bfb712924dd7","ts":"2026-08-04T15:32:43.830-04:00","eventName":"n8n.runner.response.received","message":"n8n.runner.response.received","payload":{"taskId":"Z-7QyKeu","nodeId":"f271c744-c46c-4766-b045-ed1d8821c40d","workflowId":"csjSBc51yUkh2vRH","executionId":"1747"}}
{"__type":"$$EventMessageConfirm","confirm":"a5ca67ce-cbaf-4a6e-8d3e-bfb712924dd7","ts":"2026-08-04T15:32:43.830-04:00","source":{"id":"0","name":"eventBus"}}
{"__type":"$$EventMessageNode","id":"12c8dac8-c8c8-4cdc-94a4-712ae9ab01d8","ts":"2026-08-04T15:32:43.831-04:00","eventName":"n8n.node.finished","message":"n8n.node.finished","payload":{"workflowId":"csjSBc51yUkh2vRH","workflowName":"fire","executionId":"1747","nodeType":"n8n-nodes-base.code","nodeName":"Code","nodeId":"f271c744-c46c-4766-b045-ed1d8821c40d"}}
{"__type":"$$EventMessageConfirm","confirm":"12c8dac8-c8c8-4cdc-94a4-712ae9ab01d8","ts":"2026-08-04T15:32:43.831-04:00","source":{"id":"0","name":"eventBus"}}
{"__type":"$$EventMessageNode","id":"4b3c67df-1f32-4b10-9aaf-bdd123f72656","ts":"2026-08-04T15:32:43.831-04:00","eventName":"n8n.node.started","message":"n8n.node.started","payload":{"workflowId":"csjSBc51yUkh2vRH","workflowName":"fire","executionId":"1747","nodeType":"n8n-nodes-base.code","nodeName":"Code1","nodeId":"3cd55fa9-d0e9-43ab-b0ba-fe5047c0e593"}}
{"__type":"$$EventMessageConfirm","confirm":"4b3c67df-1f32-4b10-9aaf-bdd123f72656","ts":"2026-08-04T15:32:43.831-04:00","source":{"id":"0","name":"eventBus"}}
{"__type":"$$EventMessageRunner","id":"c6898d87-d6a5-4a52-849a-3a54d720b88e","ts":"2026-08-04T15:32:43.833-04:00","eventName":"n8n.runner.task.requested","message":"n8n.runner.task.requested","payload":{"taskId":"UF2yItkW","nodeId":"3cd55fa9-d0e9-43ab-b0ba-fe5047c0e593","workflowId":"csjSBc51yUkh2vRH","executionId":"1747"}}
{"__type":"$$EventMessageConfirm","confirm":"c6898d87-d6a5-4a52-849a-3a54d720b88e","ts":"2026-08-04T15:32:43.833-04:00","source":{"id":"0","name":"eventBus"}}
{"__type":"$$EventMessageRunner","id":"d6abd20a-0280-41c3-940e-622a21145602","ts":"2026-08-04T15:32:43.839-04:00","eventName":"n8n.runner.response.received","message":"n8n.runner.response.received","payload":{"taskId":"UF2yItkW","nodeId":"3cd55fa9-d0e9-43ab-b0ba-fe5047c0e593","workflowId":"csjSBc51yUkh2vRH","executionId":"1747"}}
{"__type":"$$EventMessageConfirm","confirm":"d6abd20a-0280-41c3-940e-622a21145602","ts":"2026-08-04T15:32:43.840-04:00","source":{"id":"0","name":"eventBus"}}
{"__type":"$$EventMessageNode","id":"c0c23ad5-72ab-4dda-a92d-5827f5d4b442","ts":"2026-08-04T15:32:43.840-04:00","eventName":"n8n.node.finished","message":"n8n.node.finished","payload":{"workflowId":"csjSBc51yUkh2vRH","workflowName":"fire","executionId":"1747","nodeType":"n8n-nodes-base.code","nodeName":"Code1","nodeId":"3cd55fa9-d0e9-43ab-b0ba-fe5047c0e593"}}
{"__type":"$$EventMessageConfirm","confirm":"c0c23ad5-72ab-4dda-a92d-5827f5d4b442","ts":"2026-08-04T15:32:43.840-04:00","source":{"id":"0","name":"eventBus"}}
{"__type":"$$EventMessageNode","id":"315d5810-28e4-413f-8ded-36d86e1ec296","ts":"2026-08-04T15:32:43.840-04:00","eventName":"n8n.node.started","message":"n8n.node.started","payload":{"workflowId":"csjSBc51yUkh2vRH","workflowName":"fire","executionId":"1747","nodeType":"n8n-nodes-base.emailSend","nodeName":"Send an Email","nodeId":"608babce-103c-465c-a660-1727b6e60873"}}
{"__type":"$$EventMessageConfirm","confirm":"315d5810-28e4-413f-8ded-36d86e1ec296","ts":"2026-08-04T15:32:43.840-04:00","source":{"id":"0","name":"eventBus"}}
{"__type":"$$EventMessageNode","id":"e2d6897f-8b1d-4120-b52b-b02979e5ef80","ts":"2026-08-04T15:32:46.408-04:00","eventName":"n8n.node.finished","message":"n8n.node.finished","payload":{"workflowId":"csjSBc51yUkh2vRH","workflowName":"fire","executionId":"1747","nodeType":"n8n-nodes-base.emailSend","nodeName":"Send an Email","nodeId":"608babce-103c-465c-a660-1727b6e60873"}}
{"__type":"$$EventMessageConfirm","confirm":"e2d6897f-8b1d-4120-b52b-b02979e5ef80","ts":"2026-08-04T15:32:46.408-04:00","source":{"id":"0","name":"eventBus"}}
{"__type":"$$EventMessageWorkflow","id":"e54a0c55-6254-458c-ac10-b168b542ee70","ts":"2026-08-04T15:32:46.410-04:00","eventName":"n8n.workflow.success","message":"n8n.workflow.success","payload":{"executionId":"1747","success":true,"isManual":false,"mode":"webhook","workflowId":"csjSBc51yUkh2vRH","workflowName":"fire"}}
{"__type":"$$EventMessageConfirm","confirm":"e54a0c55-6254-458c-ac10-b168b542ee70","ts":"2026-08-04T15:32:46.410-04:00","source":{"id":"0","name":"eventBus"}}
{"__type":"$$EventMessageWorkflow","id":"8ed623b2-5636-44c4-b88d-605517bc2d1e","ts":"2026-08-04T15:32:53.493-04:00","eventName":"n8n.workflow.started","message":"n8n.workflow.started","payload":{"executionId":"1748","workflowId":"5VBKbuuujEvgdIGs","isManual":false,"mode":"webhook","workflowName":"power"}}
{"__type":"$$EventMessageConfirm","confirm":"8ed623b2-5636-44c4-b88d-605517bc2d1e","ts":"2026-08-04T15:32:53.493-04:00","source":{"id":"0","name":"eventBus"}}
{"__type":"$$EventMessageAudit","id":"dd9a9278-48b6-4c2a-8426-cc9fff87c9fd","ts":"2026-08-04T15:32:53.494-04:00","eventName":"n8n.audit.workflow.executed","message":"n8n.audit.workflow.executed","payload":{"workflowId":"5VBKbuuujEvgdIGs","workflowName":"power","executionId":"1748","source":"webhook"}}
{"__type":"$$EventMessageConfirm","confirm":"dd9a9278-48b6-4c2a-8426-cc9fff87c9fd","ts":"2026-08-04T15:32:53.494-04:00","source":{"id":"0","name":"eventBus"}}
{"__type":"$$EventMessageNode","id":"cfde4f8c-fd9b-4e50-b6cc-5347d48a7cb3","ts":"2026-08-04T15:32:53.494-04:00","eventName":"n8n.node.started","message":"n8n.node.started","payload":{"workflowId":"5VBKbuuujEvgdIGs","workflowName":"power","executionId":"1748","nodeType":"n8n-nodes-base.webhook","nodeName":"Webhook","nodeId":"d2f68568-3d63-4615-8950-d51b3313419d"}}
{"__type":"$$EventMessageConfirm","confirm":"cfde4f8c-fd9b-4e50-b6cc-5347d48a7cb3","ts":"2026-08-04T15:32:53.494-04:00","source":{"id":"0","name":"eventBus"}}
{"__type":"$$EventMessageNode","id":"9bca732c-c897-4293-b182-04c63dcf8cc3","ts":"2026-08-04T15:32:53.494-04:00","eventName":"n8n.node.finished","message":"n8n.node.finished","payload":{"workflowId":"5VBKbuuujEvgdIGs","workflowName":"power","executionId":"1748","nodeType":"n8n-nodes-base.webhook","nodeName":"Webhook","nodeId":"d2f68568-3d63-4615-8950-d51b3313419d"}}
{"__type":"$$EventMessageConfirm","confirm":"9bca732c-c897-4293-b182-04c63dcf8cc3","ts":"2026-08-04T15:32:53.495-04:00","source":{"id":"0","name":"eventBus"}}
{"__type":"$$EventMessageNode","id":"510060a2-03e4-49cb-add1-a5d079e5167f","ts":"2026-08-04T15:32:53.495-04:00","eventName":"n8n.node.started","message":"n8n.node.started","payload":{"workflowId":"5VBKbuuujEvgdIGs","workflowName":"power","executionId":"1748","nodeType":"n8n-nodes-base.code","nodeName":"Code","nodeId":"60178211-232e-4f7a-8bd9-97a66e5b9ec0"}}
{"__type":"$$EventMessageConfirm","confirm":"510060a2-03e4-49cb-add1-a5d079e5167f","ts":"2026-08-04T15:32:53.495-04:00","source":{"id":"0","name":"eventBus"}}
{"__type":"$$EventMessageRunner","id":"6ef790d6-3046-470f-a1d4-d08bed4d562e","ts":"2026-08-04T15:32:53.496-04:00","eventName":"n8n.runner.task.requested","message":"n8n.runner.task.requested","payload":{"taskId":"ihund2qj","nodeId":"60178211-232e-4f7a-8bd9-97a66e5b9ec0","workflowId":"5VBKbuuujEvgdIGs","executionId":"1748"}}
{"__type":"$$EventMessageConfirm","confirm":"6ef790d6-3046-470f-a1d4-d08bed4d562e","ts":"2026-08-04T15:32:53.496-04:00","source":{"id":"0","name":"eventBus"}}
{"__type":"$$EventMessageRunner","id":"52b08e43-04dc-4ef3-82b7-f02d8353b2fb","ts":"2026-08-04T15:32:53.503-04:00","eventName":"n8n.runner.response.received","message":"n8n.runner.response.received","payload":{"taskId":"ihund2qj","nodeId":"60178211-232e-4f7a-8bd9-97a66e5b9ec0","workflowId":"5VBKbuuujEvgdIGs","executionId":"1748"}}
{"__type":"$$EventMessageConfirm","confirm":"52b08e43-04dc-4ef3-82b7-f02d8353b2fb","ts":"2026-08-04T15:32:53.503-04:00","source":{"id":"0","name":"eventBus"}}
{"__type":"$$EventMessageNode","id":"9f332fed-c72c-4c64-bc8e-6233776f8bc8","ts":"2026-08-04T15:32:53.504-04:00","eventName":"n8n.node.finished","message":"n8n.node.finished","payload":{"workflowId":"5VBKbuuujEvgdIGs","workflowName":"power","executionId":"1748","nodeType":"n8n-nodes-base.code","nodeName":"Code","nodeId":"60178211-232e-4f7a-8bd9-97a66e5b9ec0"}}
{"__type":"$$EventMessageConfirm","confirm":"9f332fed-c72c-4c64-bc8e-6233776f8bc8","ts":"2026-08-04T15:32:53.504-04:00","source":{"id":"0","name":"eventBus"}}
{"__type":"$$EventMessageNode","id":"5ebfdc4d-f00e-4722-85b8-09dc163928ce","ts":"2026-08-04T15:32:53.504-04:00","eventName":"n8n.node.started","message":"n8n.node.started","payload":{"workflowId":"5VBKbuuujEvgdIGs","workflowName":"power","executionId":"1748","nodeType":"n8n-nodes-base.code","nodeName":"Code1","nodeId":"21ac27dd-d85f-45cb-b48f-eb6a3465a56b"}}
{"__type":"$$EventMessageConfirm","confirm":"5ebfdc4d-f00e-4722-85b8-09dc163928ce","ts":"2026-08-04T15:32:53.504-04:00","source":{"id":"0","name":"eventBus"}}
{"__type":"$$EventMessageRunner","id":"c7b96dda-97ac-41d9-ba34-0bfb830f1edd","ts":"2026-08-04T15:32:53.506-04:00","eventName":"n8n.runner.task.requested","message":"n8n.runner.task.requested","payload":{"taskId":"otFEkpyQ","nodeId":"21ac27dd-d85f-45cb-b48f-eb6a3465a56b","workflowId":"5VBKbuuujEvgdIGs","executionId":"1748"}}
{"__type":"$$EventMessageConfirm","confirm":"c7b96dda-97ac-41d9-ba34-0bfb830f1edd","ts":"2026-08-04T15:32:53.506-04:00","source":{"id":"0","name":"eventBus"}}
{"__type":"$$EventMessageRunner","id":"ebbce6e4-4892-45b2-a4df-57d20489e887","ts":"2026-08-04T15:32:53.515-04:00","eventName":"n8n.runner.response.received","message":"n8n.runner.response.received","payload":{"taskId":"otFEkpyQ","nodeId":"21ac27dd-d85f-45cb-b48f-eb6a3465a56b","workflowId":"5VBKbuuujEvgdIGs","executionId":"1748"}}
{"__type":"$$EventMessageConfirm","confirm":"ebbce6e4-4892-45b2-a4df-57d20489e887","ts":"2026-08-04T15:32:53.516-04:00","source":{"id":"0","name":"eventBus"}}
{"__type":"$$EventMessageNode","id":"afc1a391-88ea-469c-a20b-e71b46d1eed4","ts":"2026-08-04T15:32:53.516-04:00","eventName":"n8n.node.finished","message":"n8n.node.finished","payload":{"workflowId":"5VBKbuuujEvgdIGs","workflowName":"power","executionId":"1748","nodeType":"n8n-nodes-base.code","nodeName":"Code1","nodeId":"21ac27dd-d85f-45cb-b48f-eb6a3465a56b"}}
{"__type":"$$EventMessageConfirm","confirm":"afc1a391-88ea-469c-a20b-e71b46d1eed4","ts":"2026-08-04T15:32:53.516-04:00","source":{"id":"0","name":"eventBus"}}
{"__type":"$$EventMessageNode","id":"24235e09-9033-427a-94fa-d33e1e41cca0","ts":"2026-08-04T15:32:53.516-04:00","eventName":"n8n.node.started","message":"n8n.node.started","payload":{"workflowId":"5VBKbuuujEvgdIGs","workflowName":"power","executionId":"1748","nodeType":"n8n-nodes-base.emailSend","nodeName":"Send an Email","nodeId":"cd9a4673-a890-4736-9086-51c013f6f82b"}}
{"__type":"$$EventMessageConfirm","confirm":"24235e09-9033-427a-94fa-d33e1e41cca0","ts":"2026-08-04T15:32:53.516-04:00","source":{"id":"0","name":"eventBus"}}
{"__type":"$$EventMessageWorkflow","id":"6982dfa2-18cd-49fd-930b-65a4766c1ecc","ts":"2026-08-04T15:32:53.571-04:00","eventName":"n8n.workflow.started","message":"n8n.workflow.started","payload":{"executionId":"1749","workflowId":"HyiO9yqvE2q5kmov","isManual":false,"mode":"webhook","workflowName":"hvac"}}
{"__type":"$$EventMessageConfirm","confirm":"6982dfa2-18cd-49fd-930b-65a4766c1ecc","ts":"2026-08-04T15:32:53.571-04:00","source":{"id":"0","name":"eventBus"}}
{"__type":"$$EventMessageAudit","id":"236936c7-b070-4495-9f01-9c7ad6214ca4","ts":"2026-08-04T15:32:53.573-04:00","eventName":"n8n.audit.workflow.executed","message":"n8n.audit.workflow.executed","payload":{"workflowId":"HyiO9yqvE2q5kmov","workflowName":"hvac","executionId":"1749","source":"webhook"}}
{"__type":"$$EventMessageConfirm","confirm":"236936c7-b070-4495-9f01-9c7ad6214ca4","ts":"2026-08-04T15:32:53.575-04:00","source":{"id":"0","name":"eventBus"}}
{"__type":"$$EventMessageNode","id":"71752c5d-160e-4ba1-b9d1-0fd1543de411","ts":"2026-08-04T15:32:53.576-04:00","eventName":"n8n.node.started","message":"n8n.node.started","payload":{"workflowId":"HyiO9yqvE2q5kmov","workflowName":"hvac","executionId":"1749","nodeType":"n8n-nodes-base.webhook","nodeName":"Webhook","nodeId":"21c4bb7e-a362-421b-819b-e396631df92a"}}
{"__type":"$$EventMessageConfirm","confirm":"71752c5d-160e-4ba1-b9d1-0fd1543de411","ts":"2026-08-04T15:32:53.577-04:00","source":{"id":"0","name":"eventBus"}}
{"__type":"$$EventMessageNode","id":"0c6c24b1-0bfb-4c16-8bfb-5c8a58be5299","ts":"2026-08-04T15:32:53.578-04:00","eventName":"n8n.node.finished","message":"n8n.node.finished","payload":{"workflowId":"HyiO9yqvE2q5kmov","workflowName":"hvac","executionId":"1749","nodeType":"n8n-nodes-base.webhook","nodeName":"Webhook","nodeId":"21c4bb7e-a362-421b-819b-e396631df92a"}}
{"__type":"$$EventMessageConfirm","confirm":"0c6c24b1-0bfb-4c16-8bfb-5c8a58be5299","ts":"2026-08-04T15:32:53.578-04:00","source":{"id":"0","name":"eventBus"}}
{"__type":"$$EventMessageNode","id":"2b221bcb-cbbc-4b31-abba-e5b388fb8b72","ts":"2026-08-04T15:32:53.579-04:00","eventName":"n8n.node.started","message":"n8n.node.started","payload":{"workflowId":"HyiO9yqvE2q5kmov","workflowName":"hvac","executionId":"1749","nodeType":"n8n-nodes-base.code","nodeName":"Code","nodeId":"7f58ebee-2d23-411d-b5ed-d749b73e6774"}}
{"__type":"$$EventMessageConfirm","confirm":"2b221bcb-cbbc-4b31-abba-e5b388fb8b72","ts":"2026-08-04T15:32:53.580-04:00","source":{"id":"0","name":"eventBus"}}
{"__type":"$$EventMessageRunner","id":"291df061-c86a-47a6-9733-20bb7d07cb24","ts":"2026-08-04T15:32:53.581-04:00","eventName":"n8n.runner.task.requested","message":"n8n.runner.task.requested","payload":{"taskId":"fA6YvN4a","nodeId":"7f58ebee-2d23-411d-b5ed-d749b73e6774","workflowId":"HyiO9yqvE2q5kmov","executionId":"1749"}}
{"__type":"$$EventMessageConfirm","confirm":"291df061-c86a-47a6-9733-20bb7d07cb24","ts":"2026-08-04T15:32:53.581-04:00","source":{"id":"0","name":"eventBus"}}
{"__type":"$$EventMessageRunner","id":"a814dc42-3a47-41d3-a6fd-a9428aea2591","ts":"2026-08-04T15:32:53.585-04:00","eventName":"n8n.runner.response.received","message":"n8n.runner.response.received","payload":{"taskId":"fA6YvN4a","nodeId":"7f58ebee-2d23-411d-b5ed-d749b73e6774","workflowId":"HyiO9yqvE2q5kmov","executionId":"1749"}}
{"__type":"$$EventMessageConfirm","confirm":"a814dc42-3a47-41d3-a6fd-a9428aea2591","ts":"2026-08-04T15:32:53.585-04:00","source":{"id":"0","name":"eventBus"}}
{"__type":"$$EventMessageNode","id":"19d6a9c3-7377-4840-bd72-d6e419a49539","ts":"2026-08-04T15:32:53.585-04:00","eventName":"n8n.node.finished","message":"n8n.node.finished","payload":{"workflowId":"HyiO9yqvE2q5kmov","workflowName":"hvac","executionId":"1749","nodeType":"n8n-nodes-base.code","nodeName":"Code","nodeId":"7f58ebee-2d23-411d-b5ed-d749b73e6774"}}
{"__type":"$$EventMessageConfirm","confirm":"19d6a9c3-7377-4840-bd72-d6e419a49539","ts":"2026-08-04T15:32:53.585-04:00","source":{"id":"0","name":"eventBus"}}
{"__type":"$$EventMessageNode","id":"785cb221-1551-4944-bcf7-27585fb95a8a","ts":"2026-08-04T15:32:53.585-04:00","eventName":"n8n.node.started","message":"n8n.node.started","payload":{"workflowId":"HyiO9yqvE2q5kmov","workflowName":"hvac","executionId":"1749","nodeType":"n8n-nodes-base.code","nodeName":"Code1","nodeId":"60f93297-09f2-4aac-9a87-0874737aa293"}}
{"__type":"$$EventMessageConfirm","confirm":"785cb221-1551-4944-bcf7-27585fb95a8a","ts":"2026-08-04T15:32:53.585-04:00","source":{"id":"0","name":"eventBus"}}
{"__type":"$$EventMessageRunner","id":"f27bc3e9-5e4a-4622-99c5-9f791fbef55e","ts":"2026-08-04T15:32:53.586-04:00","eventName":"n8n.runner.task.requested","message":"n8n.runner.task.requested","payload":{"taskId":"7EcZ6ann","nodeId":"60f93297-09f2-4aac-9a87-0874737aa293","workflowId":"HyiO9yqvE2q5kmov","executionId":"1749"}}
{"__type":"$$EventMessageConfirm","confirm":"f27bc3e9-5e4a-4622-99c5-9f791fbef55e","ts":"2026-08-04T15:32:53.587-04:00","source":{"id":"0","name":"eventBus"}}
{"__type":"$$EventMessageRunner","id":"a604a835-a58f-4641-99ea-c2a4a844bc62","ts":"2026-08-04T15:32:53.591-04:00","eventName":"n8n.runner.response.received","message":"n8n.runner.response.received","payload":{"taskId":"7EcZ6ann","nodeId":"60f93297-09f2-4aac-9a87-0874737aa293","workflowId":"HyiO9yqvE2q5kmov","executionId":"1749"}}
{"__type":"$$EventMessageConfirm","confirm":"a604a835-a58f-4641-99ea-c2a4a844bc62","ts":"2026-08-04T15:32:53.591-04:00","source":{"id":"0","name":"eventBus"}}
{"__type":"$$EventMessageNode","id":"de88d270-0a20-4662-a288-09795b9ad913","ts":"2026-08-04T15:32:53.591-04:00","eventName":"n8n.node.finished","message":"n8n.node.finished","payload":{"workflowId":"HyiO9yqvE2q5kmov","workflowName":"hvac","executionId":"1749","nodeType":"n8n-nodes-base.code","nodeName":"Code1","nodeId":"60f93297-09f2-4aac-9a87-0874737aa293"}}
{"__type":"$$EventMessageConfirm","confirm":"de88d270-0a20-4662-a288-09795b9ad913","ts":"2026-08-04T15:32:53.591-04:00","source":{"id":"0","name":"eventBus"}}
{"__type":"$$EventMessageNode","id":"f1503ad7-7066-4669-894c-ced2887ed19f","ts":"2026-08-04T15:32:53.591-04:00","eventName":"n8n.node.started","message":"n8n.node.started","payload":{"workflowId":"HyiO9yqvE2q5kmov","workflowName":"hvac","executionId":"1749","nodeType":"n8n-nodes-base.emailSend","nodeName":"Send an Email","nodeId":"87443ff8-dff0-434a-91fa-aebc3558045f"}}
{"__type":"$$EventMessageConfirm","confirm":"f1503ad7-7066-4669-894c-ced2887ed19f","ts":"2026-08-04T15:32:53.591-04:00","source":{"id":"0","name":"eventBus"}}
{"__type":"$$EventMessageNode","id":"2bca3a5a-bbbc-4d52-8709-41c3a269c2e0","ts":"2026-08-04T15:32:58.376-04:00","eventName":"n8n.node.finished","message":"n8n.node.finished","payload":{"workflowId":"5VBKbuuujEvgdIGs","workflowName":"power","executionId":"1748","nodeType":"n8n-nodes-base.emailSend","nodeName":"Send an Email","nodeId":"cd9a4673-a890-4736-9086-51c013f6f82b"}}
{"__type":"$$EventMessageConfirm","confirm":"2bca3a5a-bbbc-4d52-8709-41c3a269c2e0","ts":"2026-08-04T15:32:58.376-04:00","source":{"id":"0","name":"eventBus"}}
{"__type":"$$EventMessageWorkflow","id":"17f9e918-8acb-40b9-bb69-58cbbd608ae7","ts":"2026-08-04T15:32:58.376-04:00","eventName":"n8n.workflow.success","message":"n8n.workflow.success","payload":{"executionId":"1748","success":true,"isManual":false,"mode":"webhook","workflowId":"5VBKbuuujEvgdIGs","workflowName":"power"}}
{"__type":"$$EventMessageConfirm","confirm":"17f9e918-8acb-40b9-bb69-58cbbd608ae7","ts":"2026-08-04T15:32:58.376-04:00","source":{"id":"0","name":"eventBus"}}
{"__type":"$$EventMessageNode","id":"86fb9488-b1f5-4f56-b8a9-725dd2fe456e","ts":"2026-08-04T15:32:58.662-04:00","eventName":"n8n.node.finished","message":"n8n.node.finished","payload":{"workflowId":"HyiO9yqvE2q5kmov","workflowName":"hvac","executionId":"1749","nodeType":"n8n-nodes-base.emailSend","nodeName":"Send an Email","nodeId":"87443ff8-dff0-434a-91fa-aebc3558045f"}}
{"__type":"$$EventMessageConfirm","confirm":"86fb9488-b1f5-4f56-b8a9-725dd2fe456e","ts":"2026-08-04T15:32:58.663-04:00","source":{"id":"0","name":"eventBus"}}
{"__type":"$$EventMessageWorkflow","id":"ee632cef-c221-4a1c-beb9-227e6cabc67d","ts":"2026-08-04T15:32:58.663-04:00","eventName":"n8n.workflow.success","message":"n8n.workflow.success","payload":{"executionId":"1749","success":true,"isManual":false,"mode":"webhook","workflowId":"HyiO9yqvE2q5kmov","workflowName":"hvac"}}
{"__type":"$$EventMessageConfirm","confirm":"ee632cef-c221-4a1c-beb9-227e6cabc67d","ts":"2026-08-04T15:32:58.663-04:00","source":{"id":"0","name":"eventBus"}}
{"__type":"$$EventMessageWorkflow","id":"6a07ab2d-7c72-483b-9597-5a7a1795a9ee","ts":"2026-08-04T15:36:53.041-04:00","eventName":"n8n.workflow.started","message":"n8n.workflow.started","payload":{"executionId":"1750","workflowId":"csjSBc51yUkh2vRH","isManual":false,"mode":"webhook","workflowName":"fire"}}
{"__type":"$$EventMessageConfirm","confirm":"6a07ab2d-7c72-483b-9597-5a7a1795a9ee","ts":"2026-08-04T15:36:53.041-04:00","source":{"id":"0","name":"eventBus"}}
{"__type":"$$EventMessageAudit","id":"abbbaf1b-2ca6-429f-b0f0-d10fdb3fa3ca","ts":"2026-08-04T15:36:53.042-04:00","eventName":"n8n.audit.workflow.executed","message":"n8n.audit.workflow.executed","payload":{"workflowId":"csjSBc51yUkh2vRH","workflowName":"fire","executionId":"1750","source":"webhook"}}
{"__type":"$$EventMessageConfirm","confirm":"abbbaf1b-2ca6-429f-b0f0-d10fdb3fa3ca","ts":"2026-08-04T15:36:53.042-04:00","source":{"id":"0","name":"eventBus"}}
{"__type":"$$EventMessageNode","id":"29436894-da34-4c9e-b8e3-441cdf0f0915","ts":"2026-08-04T15:36:53.044-04:00","eventName":"n8n.node.started","message":"n8n.node.started","payload":{"workflowId":"csjSBc51yUkh2vRH","workflowName":"fire","executionId":"1750","nodeType":"n8n-nodes-base.webhook","nodeName":"Webhook","nodeId":"24e7bc53-ee06-4b53-b753-97a049b3327b"}}
{"__type":"$$EventMessageConfirm","confirm":"29436894-da34-4c9e-b8e3-441cdf0f0915","ts":"2026-08-04T15:36:53.044-04:00","source":{"id":"0","name":"eventBus"}}
{"__type":"$$EventMessageNode","id":"9ffb1915-2541-41c1-b939-7762cdbc2bd1","ts":"2026-08-04T15:36:53.044-04:00","eventName":"n8n.node.finished","message":"n8n.node.finished","payload":{"workflowId":"csjSBc51yUkh2vRH","workflowName":"fire","executionId":"1750","nodeType":"n8n-nodes-base.webhook","nodeName":"Webhook","nodeId":"24e7bc53-ee06-4b53-b753-97a049b3327b"}}
{"__type":"$$EventMessageConfirm","confirm":"9ffb1915-2541-41c1-b939-7762cdbc2bd1","ts":"2026-08-04T15:36:53.044-04:00","source":{"id":"0","name":"eventBus"}}
{"__type":"$$EventMessageNode","id":"07d74df6-3238-4f0e-8c27-255a3ee23244","ts":"2026-08-04T15:36:53.046-04:00","eventName":"n8n.node.started","message":"n8n.node.started","payload":{"workflowId":"csjSBc51yUkh2vRH","workflowName":"fire","executionId":"1750","nodeType":"n8n-nodes-base.code","nodeName":"Code","nodeId":"f271c744-c46c-4766-b045-ed1d8821c40d"}}
{"__type":"$$EventMessageConfirm","confirm":"07d74df6-3238-4f0e-8c27-255a3ee23244","ts":"2026-08-04T15:36:53.047-04:00","source":{"id":"0","name":"eventBus"}}
{"__type":"$$EventMessageRunner","id":"6d6daf01-3278-4942-bb47-8c23aa301959","ts":"2026-08-04T15:36:53.048-04:00","eventName":"n8n.runner.task.requested","message":"n8n.runner.task.requested","payload":{"taskId":"5kOKxIB9","nodeId":"f271c744-c46c-4766-b045-ed1d8821c40d","workflowId":"csjSBc51yUkh2vRH","executionId":"1750"}}
{"__type":"$$EventMessageConfirm","confirm":"6d6daf01-3278-4942-bb47-8c23aa301959","ts":"2026-08-04T15:36:53.048-04:00","source":{"id":"0","name":"eventBus"}}
{"__type":"$$EventMessageRunner","id":"5e59b44b-cc1c-4bb0-a07f-11a42f81796d","ts":"2026-08-04T15:36:53.052-04:00","eventName":"n8n.runner.response.received","message":"n8n.runner.response.received","payload":{"taskId":"5kOKxIB9","nodeId":"f271c744-c46c-4766-b045-ed1d8821c40d","workflowId":"csjSBc51yUkh2vRH","executionId":"1750"}}
{"__type":"$$EventMessageConfirm","confirm":"5e59b44b-cc1c-4bb0-a07f-11a42f81796d","ts":"2026-08-04T15:36:53.052-04:00","source":{"id":"0","name":"eventBus"}}
{"__type":"$$EventMessageNode","id":"3d030eda-b4ac-4345-891f-46f9d2d192f1","ts":"2026-08-04T15:36:53.053-04:00","eventName":"n8n.node.finished","message":"n8n.node.finished","payload":{"workflowId":"csjSBc51yUkh2vRH","workflowName":"fire","executionId":"1750","nodeType":"n8n-nodes-base.code","nodeName":"Code","nodeId":"f271c744-c46c-4766-b045-ed1d8821c40d"}}
{"__type":"$$EventMessageConfirm","confirm":"3d030eda-b4ac-4345-891f-46f9d2d192f1","ts":"2026-08-04T15:36:53.053-04:00","source":{"id":"0","name":"eventBus"}}
{"__type":"$$EventMessageNode","id":"d59beccf-8345-429b-b87d-a844699cebc4","ts":"2026-08-04T15:36:53.053-04:00","eventName":"n8n.node.started","message":"n8n.node.started","payload":{"workflowId":"csjSBc51yUkh2vRH","workflowName":"fire","executionId":"1750","nodeType":"n8n-nodes-base.code","nodeName":"Code1","nodeId":"3cd55fa9-d0e9-43ab-b0ba-fe5047c0e593"}}
{"__type":"$$EventMessageConfirm","confirm":"d59beccf-8345-429b-b87d-a844699cebc4","ts":"2026-08-04T15:36:53.053-04:00","source":{"id":"0","name":"eventBus"}}
{"__type":"$$EventMessageRunner","id":"f44db4f9-303d-4435-b7aa-c315eb782913","ts":"2026-08-04T15:36:53.054-04:00","eventName":"n8n.runner.task.requested","message":"n8n.runner.task.requested","payload":{"taskId":"WqABqT76","nodeId":"3cd55fa9-d0e9-43ab-b0ba-fe5047c0e593","workflowId":"csjSBc51yUkh2vRH","executionId":"1750"}}
{"__type":"$$EventMessageConfirm","confirm":"f44db4f9-303d-4435-b7aa-c315eb782913","ts":"2026-08-04T15:36:53.054-04:00","source":{"id":"0","name":"eventBus"}}
{"__type":"$$EventMessageRunner","id":"53c0b644-8168-4531-b329-877ce9e3b9a0","ts":"2026-08-04T15:36:53.058-04:00","eventName":"n8n.runner.response.received","message":"n8n.runner.response.received","payload":{"taskId":"WqABqT76","nodeId":"3cd55fa9-d0e9-43ab-b0ba-fe5047c0e593","workflowId":"csjSBc51yUkh2vRH","executionId":"1750"}}
{"__type":"$$EventMessageConfirm","confirm":"53c0b644-8168-4531-b329-877ce9e3b9a0","ts":"2026-08-04T15:36:53.058-04:00","source":{"id":"0","name":"eventBus"}}
{"__type":"$$EventMessageNode","id":"cf287e3e-3846-43d5-8b45-4e08a73c8a99","ts":"2026-08-04T15:36:53.058-04:00","eventName":"n8n.node.finished","message":"n8n.node.finished","payload":{"workflowId":"csjSBc51yUkh2vRH","workflowName":"fire","executionId":"1750","nodeType":"n8n-nodes-base.code","nodeName":"Code1","nodeId":"3cd55fa9-d0e9-43ab-b0ba-fe5047c0e593"}}
{"__type":"$$EventMessageConfirm","confirm":"cf287e3e-3846-43d5-8b45-4e08a73c8a99","ts":"2026-08-04T15:36:53.058-04:00","source":{"id":"0","name":"eventBus"}}
{"__type":"$$EventMessageNode","id":"e60bff2f-08c0-4654-adf3-dc157d5883ab","ts":"2026-08-04T15:36:53.058-04:00","eventName":"n8n.node.started","message":"n8n.node.started","payload":{"workflowId":"csjSBc51yUkh2vRH","workflowName":"fire","executionId":"1750","nodeType":"n8n-nodes-base.emailSend","nodeName":"Send an Email","nodeId":"608babce-103c-465c-a660-1727b6e60873"}}
{"__type":"$$EventMessageConfirm","confirm":"e60bff2f-08c0-4654-adf3-dc157d5883ab","ts":"2026-08-04T15:36:53.058-04:00","source":{"id":"0","name":"eventBus"}}
{"__type":"$$EventMessageNode","id":"075659f1-df2f-47af-a0ad-d54672555e1b","ts":"2026-08-04T15:36:54.652-04:00","eventName":"n8n.node.finished","message":"n8n.node.finished","payload":{"workflowId":"csjSBc51yUkh2vRH","workflowName":"fire","executionId":"1750","nodeType":"n8n-nodes-base.emailSend","nodeName":"Send an Email","nodeId":"608babce-103c-465c-a660-1727b6e60873"}}
{"__type":"$$EventMessageConfirm","confirm":"075659f1-df2f-47af-a0ad-d54672555e1b","ts":"2026-08-04T15:36:54.653-04:00","source":{"id":"0","name":"eventBus"}}
{"__type":"$$EventMessageWorkflow","id":"2802a9ae-ccad-497a-9a9e-8f21af42e379","ts":"2026-08-04T15:36:54.653-04:00","eventName":"n8n.workflow.success","message":"n8n.workflow.success","payload":{"executionId":"1750","success":true,"isManual":false,"mode":"webhook","workflowId":"csjSBc51yUkh2vRH","workflowName":"fire"}}
{"__type":"$$EventMessageConfirm","confirm":"2802a9ae-ccad-497a-9a9e-8f21af42e379","ts":"2026-08-04T15:36:54.653-04:00","source":{"id":"0","name":"eventBus"}}
